ISO-10303-21;
HEADER;
FILE_DESCRIPTION (( 'STEP AP214' ),
    '1' );
FILE_NAME ('SAM-M8Q-0.STEP',
    '2024-03-26T08:48:07',
    ( '' ),
    ( '' ),
    'SwSTEP 2.0',
    'SolidWorks 2024',
    '' );
FILE_SCHEMA (( 'AUTOMOTIVE_DESIGN' ));
ENDSEC;

DATA;
#1 = FILL_AREA_STYLE_COLOUR ( '', #5667 ) ;
#2 = VERTEX_POINT ( 'NONE', #3636 ) ;
#3 = DIRECTION ( 'NONE',  ( 1.000000000000000000, 0.000000000000000000, -0.000000000000000000 ) ) ;
#4 = VECTOR ( 'NONE', #1412, 1000.000000000000000 ) ;
#5 = PRODUCT_DEFINITION_SHAPE ( 'NONE', 'NONE',  #9156 ) ;
#6 =( NAMED_UNIT ( * ) PLANE_ANGLE_UNIT ( ) SI_UNIT ( $, .RADIAN. ) );
#7 = SHAPE_DEFINITION_REPRESENTATION ( #5126, #2064 ) ;
#8 = ORIENTED_EDGE ( 'NONE', *, *, #926, .F. ) ;
#9 = CARTESIAN_POINT ( 'NONE',  ( -6.000000000000000888, 6.592893218813453693, -7.500000000000000000 ) ) ;
#10 = CARTESIAN_POINT ( 'NONE',  ( -6.000000000000000888, 6.592893218813453693, 7.499999999999998224 ) ) ;
#11 = PLANE ( 'NONE',  #358 ) ;
#12 = ORIENTED_EDGE ( 'NONE', *, *, #2179, .T. ) ;
#13 = DIRECTION ( 'NONE',  ( -1.000000000000000000, 0.000000000000000000, 0.000000000000000000 ) ) ;
#14 = MANIFOLD_SOLID_BREP ( 'Pin 11', #1291 ) ;
#15 = LINE ( 'NONE', #8485, #4728 ) ;
#16 = VECTOR ( 'NONE', #6743, 1000.000000000000000 ) ;
#17 = SURFACE_STYLE_FILL_AREA ( #2061 ) ;
#18 = LINE ( 'NONE', #1196, #7635 ) ;
#19 = CARTESIAN_POINT ( 'NONE',  ( -7.500000000000000000, 2.399999999999999467, -6.000000000000000000 ) ) ;
#20 = DIRECTION ( 'NONE',  ( -1.000000000000000000, 0.000000000000000000, -0.000000000000000000 ) ) ;
#21 =( NAMED_UNIT ( * ) PLANE_ANGLE_UNIT ( ) SI_UNIT ( $, .RADIAN. ) );
#22 = ORIENTED_EDGE ( 'NONE', *, *, #3828, .F. ) ;
#23 = CARTESIAN_POINT ( 'NONE',  ( 0.000000000000000000, 3.343074902771997259, 4.549999999999999822 ) ) ;
#24 = EDGE_LOOP ( 'NONE', ( #4495, #3213, #9003, #6980 ) ) ;
#25 = UNCERTAINTY_MEASURE_WITH_UNIT (LENGTH_MEASURE( 1.000000000000000082E-05 ), #7913, 'distance_accuracy_value', 'NONE');
#26 = EDGE_CURVE ( 'NONE', #7764, #7016, #2806, .T. ) ;
#27 = VERTEX_POINT ( 'NONE', #2756 ) ;
#28 = CARTESIAN_POINT ( 'NONE',  ( -3.049999999999998934, 3.343074902771997259, -5.700000000000000178 ) ) ;
#29 = ADVANCED_FACE ( 'NONE', ( #8582 ), #1534, .T. ) ;
#30 = LINE ( 'NONE', #6523, #2819 ) ;
#31 = CARTESIAN_POINT ( 'NONE',  ( -5.500000000000000000, 1.000000000000000000, 4.500000000000000000 ) ) ;
#32 = VECTOR ( 'NONE', #347, 1000.000000000000000 ) ;
#33 = CARTESIAN_POINT ( 'NONE',  ( -9.035018104045871927E-17, 1.000000000000000000, 0.7499999999999997780 ) ) ;
#34 = ORIENTED_EDGE ( 'NONE', *, *, #621, .F. ) ;
#35 = DIRECTION ( 'NONE',  ( 0.000000000000000000, -1.000000000000000000, -0.000000000000000000 ) ) ;
#36 = DIRECTION ( 'NONE',  ( -1.000000000000000000, 0.000000000000000000, 0.000000000000000000 ) ) ;
#37 = CONTEXT_DEPENDENT_SHAPE_REPRESENTATION ( #2763, #4971 ) ;
#38 = ORIENTED_EDGE ( 'NONE', *, *, #3244, .T. ) ;
#39 =( GEOMETRIC_REPRESENTATION_CONTEXT ( 3 ) GLOBAL_UNCERTAINTY_ASSIGNED_CONTEXT ( ( #1713 ) ) GLOBAL_UNIT_ASSIGNED_CONTEXT ( ( #4153, #2750, #6198 ) ) REPRESENTATION_CONTEXT ( 'NONE', 'WORKASPACE' ) );
#40 = EDGE_LOOP ( 'NONE', ( #4520, #9073, #1195, #4910 ) ) ;
#41 = LINE ( 'NONE', #3754, #4364 ) ;
#42 = FACE_BOUND ( 'NONE', #4632, .T. ) ;
#43 = CARTESIAN_POINT ( 'NONE',  ( 3.295974604355935846E-15, 3.343074902771997259, -5.700000000000001066 ) ) ;
#44 = ORIENTED_EDGE ( 'NONE', *, *, #6840, .F. ) ;
#45 = AXIS2_PLACEMENT_3D ( 'NONE', #6921, #1305, #7007 ) ;
#46 = DIRECTION ( 'NONE',  ( -1.000000000000000000, 0.000000000000000000, -1.204669080539449837E-16 ) ) ;
#47 = DIRECTION ( 'NONE',  ( 0.000000000000000000, 0.000000000000000000, 1.000000000000000000 ) ) ;
#48 = ORIENTED_EDGE ( 'NONE', *, *, #245, .T. ) ;
#49 = CARTESIAN_POINT ( 'NONE',  ( 0.000000000000000000, 1.000000000000000000, -1.149999999999999467 ) ) ;
#50 = EDGE_CURVE ( 'NONE', #8242, #1278, #2884, .T. ) ;
#51 = CARTESIAN_POINT ( 'NONE',  ( -6.207106781186547906, 6.799999999999999822, -7.292893218813453871 ) ) ;
#52 = CARTESIAN_POINT ( 'NONE',  ( -6.999999999999999112, 6.800000000000000711, 6.000000000000000888 ) ) ;
#53 = LINE ( 'NONE', #790, #5254 ) ;
#54 = APPLICATION_CONTEXT ( 'automotive_design' ) ;
#55 = EDGE_LOOP ( 'NONE', ( #6530, #4032, #8662, #8821 ) ) ;
#56 = DIRECTION ( 'NONE',  ( -0.000000000000000000, 0.000000000000000000, 1.000000000000000000 ) ) ;
#57 = CARTESIAN_POINT ( 'NONE',  ( -4.549999999999999822, 0.000000000000000000, 5.699999999999999289 ) ) ;
#58 = LINE ( 'NONE', #1450, #6633 ) ;
#59 = VECTOR ( 'NONE', #7012, 1000.000000000000000 ) ;
#60 = VECTOR ( 'NONE', #5614, 1000.000000000000000 ) ;
#61 = LINE ( 'NONE', #6335, #6334 ) ;
#62 = EDGE_CURVE ( 'NONE', #9103, #7948, #708, .T. ) ;
#63 = CARTESIAN_POINT ( 'NONE',  ( -4.500000000000000888, 1.000000000000000000, -5.500000000000000888 ) ) ;
#64 = DIRECTION ( 'NONE',  ( 0.000000000000000000, 0.000000000000000000, 1.000000000000000000 ) ) ;
#65 =( NAMED_UNIT ( * ) SI_UNIT ( $, .STERADIAN. ) SOLID_ANGLE_UNIT ( ) );
#66 = ORIENTED_EDGE ( 'NONE', *, *, #6789, .F. ) ;
#67 = LINE ( 'NONE', #1678, #6329 ) ;
#68 = EDGE_CURVE ( 'NONE', #173, #7164, #2190, .T. ) ;
#69 = ORIENTED_EDGE ( 'NONE', *, *, #3921, .T. ) ;
#70 = AXIS2_PLACEMENT_3D ( 'NONE', #381, #6560, #1080 ) ;
#71 = ORIENTED_EDGE ( 'NONE', *, *, #7337, .F. ) ;
#72 = CARTESIAN_POINT ( 'NONE',  ( 0.000000000000000000, 3.343074902771997259, -5.700000000000000178 ) ) ;
#73 = CYLINDRICAL_SURFACE ( 'NONE', #5640, 1.000000000000000000 ) ;
#74 = CARTESIAN_POINT ( 'NONE',  ( -4.549999999999998934, 1.000000000000000000, -5.700000000000001066 ) ) ;
#75 = PRODUCT_DEFINITION_SHAPE ( 'NONE', 'NONE',  #9154 ) ;
#76 = SURFACE_STYLE_FILL_AREA ( #1549 ) ;
#77 = ORIENTED_EDGE ( 'NONE', *, *, #3264, .F. ) ;
#78 = CARTESIAN_POINT ( 'NONE',  ( 0.000000000000000000, 0.000000000000000000, 5.700000000000000178 ) ) ;
#79 = CARTESIAN_POINT ( 'NONE',  ( -6.999999999999999112, 2.399999999999999467, 6.000000000000000000 ) ) ;
#80 = CIRCLE ( 'NONE', #7333, 1.499999999999999556 ) ;
#81 = EDGE_CURVE ( 'NONE', #3918, #730, #711, .T. ) ;
#82 = ORIENTED_EDGE ( 'NONE', *, *, #8301, .F. ) ;
#83 = EDGE_CURVE ( 'NONE', #2237, #6795, #7883, .T. ) ;
#84 = ORIENTED_EDGE ( 'NONE', *, *, #884, .T. ) ;
#85 = CARTESIAN_POINT ( 'NONE',  ( 6.250038775187388929, 6.799999999999998934, -6.976596100354141683 ) ) ;
#86 = PLANE ( 'NONE',  #1901 ) ;
#87 = AXIS2_PLACEMENT_3D ( 'NONE', #4759, #6283, #1221 ) ;
#88 = CARTESIAN_POINT ( 'NONE',  ( -4.750000000000000888, -7.635028842544401506, 3.750000000000000000 ) ) ;
#89 = ORIENTED_EDGE ( 'NONE', *, *, #6186, .F. ) ;
#90 = ADVANCED_FACE ( 'NONE', ( #838 ), #3690, .F. ) ;
#91 = CARTESIAN_POINT ( 'NONE',  ( -5.700000000000000178, 1.000000000000000000, -0.7500000000000013323 ) ) ;
#92 = PRESENTATION_STYLE_ASSIGNMENT (( #9124 ) ) ;
#93 = ORIENTED_EDGE ( 'NONE', *, *, #5424, .F. ) ;
#94 = EDGE_CURVE ( 'NONE', #4124, #8052, #6510, .T. ) ;
#95 = EDGE_CURVE ( 'NONE', #8611, #2351, #15, .T. ) ;
#96 = DIRECTION ( 'NONE',  ( 0.000000000000000000, 0.000000000000000000, -1.000000000000000000 ) ) ;
#97 = CARTESIAN_POINT ( 'NONE',  ( 5.500000000000000000, 1.000000000000000000, 4.500000000000000000 ) ) ;
#98 = AXIS2_PLACEMENT_3D ( 'NONE', #1626, #5157, #6727 ) ;
#99 = CARTESIAN_POINT ( 'NONE',  ( -7.292893218813452982, 6.800000000000001599, 6.000000000000001776 ) ) ;
#100 = CARTESIAN_POINT ( 'NONE',  ( -7.500000000000000000, 0.000000000000000000, 0.000000000000000000 ) ) ;
#101 =( NAMED_UNIT ( * ) PLANE_ANGLE_UNIT ( ) SI_UNIT ( $, .RADIAN. ) );
#102 = ORIENTED_EDGE ( 'NONE', *, *, #1560, .T. ) ;
#103 = CARTESIAN_POINT ( 'NONE',  ( 4.549999999999999822, 0.000000000000000000, 5.700000000000000178 ) ) ;
#104 = CLOSED_SHELL ( 'NONE', ( #1304, #8463, #5601, #1341, #2130, #5583 ) ) ;
#105 = AXIS2_PLACEMENT_3D ( 'NONE', #1158, #1938, #509 ) ;
#106 = VECTOR ( 'NONE', #812, 1000.000000000000000 ) ;
#107 = SURFACE_STYLE_USAGE ( .BOTH. , #7799 ) ;
#108 = DIRECTION ( 'NONE',  ( 1.000000000000000000, 0.000000000000000000, -0.000000000000000000 ) ) ;
#109 = AXIS2_PLACEMENT_3D ( 'NONE', #2722, #4813, #6295 ) ;
#110 = CARTESIAN_POINT ( 'NONE',  ( -7.500000000000000000, 0.000000000000000000, 1.149999999999998579 ) ) ;
#111 = VECTOR ( 'NONE', #5029, 1000.000000000000000 ) ;
#112 = DIRECTION ( 'NONE',  ( 1.000000000000000000, -0.000000000000000000, 0.000000000000000000 ) ) ;
#113 = CARTESIAN_POINT ( 'NONE',  ( 0.000000000000000000, 0.000000000000000000, -5.700000000000000178 ) ) ;
#114 = ORIENTED_EDGE ( 'NONE', *, *, #2845, .F. ) ;
#115 = DIRECTION ( 'NONE',  ( -0.000000000000000000, -1.000000000000000000, 0.000000000000000000 ) ) ;
#116 = ORIENTED_EDGE ( 'NONE', *, *, #8241, .T. ) ;
#117 = VECTOR ( 'NONE', #6704, 1000.000000000000000 ) ;
#118 = EDGE_LOOP ( 'NONE', ( #2160, #4946, #1620, #4291 ) ) ;
#119 = LINE ( 'NONE', #1592, #3123 ) ;
#120 = VECTOR ( 'NONE', #115, 1000.000000000000000 ) ;
#121 = CARTESIAN_POINT ( 'NONE',  ( -5.700000000000001066, 0.000000000000000000, 3.049999999999998934 ) ) ;
#122 = FACE_OUTER_BOUND ( 'NONE', #4358, .T. ) ;
#123 = DIRECTION ( 'NONE',  ( -1.000000000000000000, -0.000000000000000000, -0.000000000000000000 ) ) ;
#124 = ORIENTED_EDGE ( 'NONE', *, *, #26, .F. ) ;
#125 = CARTESIAN_POINT ( 'NONE',  ( -1.149999999999999023, 0.000000000000000000, -7.500000000000000000 ) ) ;
#126 = AXIS2_PLACEMENT_3D ( 'NONE', #2558, #1990, #1903 ) ;
#127 = CARTESIAN_POINT ( 'NONE',  ( 6.999999999999999112, 1.899999999999999689, -6.000000000000000000 ) ) ;
#128 = ORIENTED_EDGE ( 'NONE', *, *, #3910, .F. ) ;
#129 = VECTOR ( 'NONE', #2215, 1000.000000000000000 ) ;
#130 = ORIENTED_EDGE ( 'NONE', *, *, #8827, .T. ) ;
#131 = VECTOR ( 'NONE', #6984, 1000.000000000000000 ) ;
#132 = CARTESIAN_POINT ( 'NONE',  ( 6.127340538666765646, 6.800000000000001599, -7.000000000000002665 ) ) ;
#133 = CARTESIAN_POINT ( 'NONE',  ( 0.000000000000000000, 0.000000000000000000, 0.000000000000000000 ) ) ;
#134 = LINE ( 'NONE', #3009, #3434 ) ;
#135 = ORIENTED_EDGE ( 'NONE', *, *, #7393, .T. ) ;
#136 = LINE ( 'NONE', #2872, #5137 ) ;
#137 = FILL_AREA_STYLE_COLOUR ( '', #6927 ) ;
#138 = VERTEX_POINT ( 'NONE', #4984 ) ;
#139 = ORIENTED_EDGE ( 'NONE', *, *, #7791, .F. ) ;
#140 = PRODUCT_RELATED_PRODUCT_CATEGORY ( 'part', '', ( #2459 ) ) ;
#141 = DIRECTION ( 'NONE',  ( 0.000000000000000000, 1.000000000000000000, 0.000000000000000000 ) ) ;
#142 = ADVANCED_FACE ( 'NONE', ( #3161 ), #6555, .T. ) ;
#143 = EDGE_CURVE ( 'NONE', #6482, #6069, #8017, .T. ) ;
#144 = VECTOR ( 'NONE', #4475, 1000.000000000000000 ) ;
#145 = FACE_BOUND ( 'NONE', #1189, .T. ) ;
#146 = PRODUCT_RELATED_PRODUCT_CATEGORY ( 'part', '', ( #1216 ) ) ;
#147 = DIRECTION ( 'NONE',  ( 1.000000000000000000, 0.000000000000000000, -0.000000000000000000 ) ) ;
#148 = EDGE_LOOP ( 'NONE', ( #9093, #1618, #6292, #4762 ) ) ;
#149 = DIRECTION ( 'NONE',  ( -0.000000000000000000, -1.000000000000000000, -0.000000000000000000 ) ) ;
#150 = LINE ( 'NONE', #327, #1898 ) ;
#151 = CARTESIAN_POINT ( 'NONE',  ( 7.499999999999999112, 3.343074902771997259, 3.050000000000001599 ) ) ;
#152 = CARTESIAN_POINT ( 'NONE',  ( -3.050000000000001155, 1.000000000000000000, 5.699999999999999289 ) ) ;
#153 = PRODUCT_DEFINITION ( 'UNKNOWN', '', #5967, #1952 ) ;
#154 = LINE ( 'NONE', #2941, #7322 ) ;
#155 = ORIENTED_EDGE ( 'NONE', *, *, #3195, .T. ) ;
#156 = DIRECTION ( 'NONE',  ( 0.000000000000000000, 0.000000000000000000, -1.000000000000000000 ) ) ;
#157 = VECTOR ( 'NONE', #5724, 1000.000000000000000 ) ;
#158 = ORIENTED_EDGE ( 'NONE', *, *, #5195, .F. ) ;
#159 = EDGE_LOOP ( 'NONE', ( #8391, #5558, #2942, #434 ) ) ;
#160 = DIRECTION ( 'NONE',  ( -1.000000000000000000, 0.000000000000000000, 0.000000000000000000 ) ) ;
#161 = PRODUCT_DEFINITION_SHAPE ( 'NONE', 'NONE',  #6615 ) ;
#162 = CARTESIAN_POINT ( 'NONE',  ( -0.7500000000000002220, 1.000000000000000000, 5.700000000000000178 ) ) ;
#163 = FACE_OUTER_BOUND ( 'NONE', #8814, .T. ) ;
#164 =( GEOMETRIC_REPRESENTATION_CONTEXT ( 3 ) GLOBAL_UNCERTAINTY_ASSIGNED_CONTEXT ( ( #2830 ) ) GLOBAL_UNIT_ASSIGNED_CONTEXT ( ( #2595, #7729, #3383 ) ) REPRESENTATION_CONTEXT ( 'NONE', 'WORKASPACE' ) );
#165 = SURFACE_SIDE_STYLE ('',( #76 ) ) ;
#166 = EDGE_LOOP ( 'NONE', ( #907, #4154, #826, #7620 ) ) ;
#167 = DIRECTION ( 'NONE',  ( 1.000000000000000000, 0.000000000000000000, 0.000000000000000000 ) ) ;
#168 = VECTOR ( 'NONE', #7159, 1000.000000000000000 ) ;
#169 = CARTESIAN_POINT ( 'NONE',  ( -5.700000000000000178, 1.000000000000000000, 0.000000000000000000 ) ) ;
#170 = EDGE_CURVE ( 'NONE', #7998, #4629, #8760, .T. ) ;
#171 = EDGE_LOOP ( 'NONE', ( #3423, #6962, #7665, #4448 ) ) ;
#172 = VECTOR ( 'NONE', #6511, 1000.000000000000000 ) ;
#173 = VERTEX_POINT ( 'NONE', #2463 ) ;
#174 = CARTESIAN_POINT ( 'NONE',  ( 6.804436991010629932, 6.799999999999998046, -6.609671694607050618 ) ) ;
#175 = CARTESIAN_POINT ( 'NONE',  ( -3.049999999999998934, 1.000000000000000000, -7.500000000000000000 ) ) ;
#176 = LINE ( 'NONE', #1425, #7853 ) ;
#177 = ORIENTED_EDGE ( 'NONE', *, *, #4718, .T. ) ;
#178 = ADVANCED_FACE ( 'NONE', ( #8117 ), #1630, .T. ) ;
#179 = SURFACE_STYLE_FILL_AREA ( #6065 ) ;
#180 = FACE_OUTER_BOUND ( 'NONE', #7900, .T. ) ;
#181 =( GEOMETRIC_REPRESENTATION_CONTEXT ( 3 ) GLOBAL_UNCERTAINTY_ASSIGNED_CONTEXT ( ( #5359 ) ) GLOBAL_UNIT_ASSIGNED_CONTEXT ( ( #3456, #2054, #6286 ) ) REPRESENTATION_CONTEXT ( 'NONE', 'WORKASPACE' ) );
#182 = ORIENTED_EDGE ( 'NONE', *, *, #3867, .T. ) ;
#183 = ORIENTED_EDGE ( 'NONE', *, *, #8148, .F. ) ;
#184 = PLANE ( 'NONE',  #3366 ) ;
#185 = AXIS2_PLACEMENT_3D ( 'NONE', #1481, #3622, #7137 ) ;
#186 = FACE_BOUND ( 'NONE', #24, .T. ) ;
#187 = CARTESIAN_POINT ( 'NONE',  ( -7.500000000000001776, 0.000000000000000000, 2.649999999999999467 ) ) ;
#188 = ORIENTED_EDGE ( 'NONE', *, *, #6248, .F. ) ;
#189 = CARTESIAN_POINT ( 'NONE',  ( -7.499999999999998224, 3.343074902771997259, -3.050000000000002487 ) ) ;
#190 = EDGE_CURVE ( 'NONE', #7983, #2599, #5213, .T. ) ;
#191 = CARTESIAN_POINT ( 'NONE',  ( 5.700000000000000178, 1.000000000000000000, -1.149999999999999467 ) ) ;
#192 = ORIENTED_EDGE ( 'NONE', *, *, #7840, .T. ) ;
#193 = DIRECTION ( 'NONE',  ( -1.000000000000000000, 0.000000000000000000, -1.204669080539449837E-16 ) ) ;
#194 = SURFACE_SIDE_STYLE ('',( #2195 ) ) ;
#195 = EDGE_CURVE ( 'NONE', #3827, #2306, #150, .T. ) ;
#196 = LINE ( 'NONE', #331, #803 ) ;
#197 = VERTEX_POINT ( 'NONE', #4512 ) ;
#198 = LINE ( 'NONE', #5079, #8850 ) ;
#199 = ORIENTED_EDGE ( 'NONE', *, *, #8095, .F. ) ;
#200 = ORIENTED_EDGE ( 'NONE', *, *, #1715, .F. ) ;
#201 = DIRECTION ( 'NONE',  ( 0.000000000000000000, -0.000000000000000000, 1.000000000000000000 ) ) ;
#202 = EDGE_CURVE ( 'NONE', #6216, #8085, #2983, .T. ) ;
#203 = AXIS2_PLACEMENT_3D ( 'NONE', #3989, #4488, #3239 ) ;
#204 = DIRECTION ( 'NONE',  ( -1.000000000000000000, 0.000000000000000000, 0.000000000000000000 ) ) ;
#205 = LINE ( 'NONE', #4298, #4158 ) ;
#206 = LINE ( 'NONE', #4476, #2341 ) ;
#207 = LINE ( 'NONE', #1644, #7808 ) ;
#208 = ORIENTED_EDGE ( 'NONE', *, *, #4078, .F. ) ;
#209 = LINE ( 'NONE', #4350, #3839 ) ;
#210 = PLANE ( 'NONE',  #1295 ) ;
#211 = VECTOR ( 'NONE', #1223, 1000.000000000000000 ) ;
#212 = VERTEX_POINT ( 'NONE', #1717 ) ;
#213 = ADVANCED_FACE ( 'NONE', ( #5167 ), #7973, .F. ) ;
#214 = ORIENTED_EDGE ( 'NONE', *, *, #5163, .F. ) ;
#215 = SHAPE_REPRESENTATION ( 'SAM-M8Q-0-10_12', ( #2096 ), #1951 ) ;
#216 = LINE ( 'NONE', #2254, #2874 ) ;
#217 = LINE ( 'NONE', #3616, #3085 ) ;
#218 = EDGE_CURVE ( 'NONE', #4112, #197, #7426, .T. ) ;
#219 = VERTEX_POINT ( 'NONE', #3862 ) ;
#220 = ADVANCED_FACE ( 'NONE', ( #4417 ), #7331, .F. ) ;
#221 = CARTESIAN_POINT ( 'NONE',  ( 3.749999999999998668, 5.799999999999999822, -4.750000000000000888 ) ) ;
#222 = SHAPE_DEFINITION_REPRESENTATION ( #5968, #4087 ) ;
#223 = EDGE_CURVE ( 'NONE', #1936, #8185, #1579, .T. ) ;
#224 = ORIENTED_EDGE ( 'NONE', *, *, #8797, .F. ) ;
#225 = EDGE_LOOP ( 'NONE', ( #2200, #8218, #3884, #4263 ) ) ;
#226 = AXIS2_PLACEMENT_3D ( 'NONE', #8169, #1175, #4658 ) ;
#227 = APPLICATION_CONTEXT ( 'automotive_design' ) ;
#228 = PLANE ( 'NONE',  #2918 ) ;
#229 = CARTESIAN_POINT ( 'NONE',  ( -5.699999999999998401, 1.000000000000000000, -3.050000000000002487 ) ) ;
#230 =( LENGTH_UNIT ( ) NAMED_UNIT ( * ) SI_UNIT ( .MILLI., .METRE. ) );
#231 = ADVANCED_FACE ( 'NONE', ( #3909 ), #7289, .T. ) ;
#232 = DIRECTION ( 'NONE',  ( 1.000000000000000000, 0.000000000000000000, 0.000000000000000000 ) ) ;
#233 = ORIENTED_EDGE ( 'NONE', *, *, #1346, .T. ) ;
#234 = CARTESIAN_POINT ( 'NONE',  ( -1.149999999999999689, 0.000000000000000000, 0.000000000000000000 ) ) ;
#235 = CARTESIAN_POINT ( 'NONE',  ( -1.149999999999999023, 1.000000000000000000, -7.500000000000000000 ) ) ;
#236 = VERTEX_POINT ( 'NONE', #7924 ) ;
#237 = DIRECTION ( 'NONE',  ( 0.000000000000000000, 1.000000000000000000, -0.000000000000000000 ) ) ;
#238 = LINE ( 'NONE', #5727, #3496 ) ;
#239 = DIRECTION ( 'NONE',  ( 0.7071067811865473507, 0.000000000000000000, 0.7071067811865477948 ) ) ;
#240 = CLOSED_SHELL ( 'NONE', ( #7469, #575, #8747, #542, #2296 ) ) ;
#241 = ORIENTED_EDGE ( 'NONE', *, *, #2536, .F. ) ;
#242 = DIRECTION ( 'NONE',  ( 1.000000000000000000, 0.000000000000000000, 0.000000000000000000 ) ) ;
#243 = CIRCLE ( 'NONE', #4704, 0.4000000000000000777 ) ;
#244 = ORIENTED_EDGE ( 'NONE', *, *, #1051, .T. ) ;
#245 = EDGE_CURVE ( 'NONE', #6069, #7097, #6644, .T. ) ;
#246 = EDGE_CURVE ( 'NONE', #6995, #3737, #930, .T. ) ;
#247 = ORIENTED_EDGE ( 'NONE', *, *, #4053, .F. ) ;
#248 = FACE_OUTER_BOUND ( 'NONE', #2171, .T. ) ;
#249 = VECTOR ( 'NONE', #2233, 1000.000000000000000 ) ;
#250 = VECTOR ( 'NONE', #1669, 1000.000000000000000 ) ;
#251 = DIRECTION ( 'NONE',  ( 0.000000000000000000, -0.000000000000000000, -1.000000000000000000 ) ) ;
#252 = CARTESIAN_POINT ( 'NONE',  ( 0.000000000000000000, 1.000000000000000000, -0.7499999999999997780 ) ) ;
#253 = PLANE ( 'NONE',  #4416 ) ;
#254 = EDGE_CURVE ( 'NONE', #8872, #7164, #3771, .T. ) ;
#255 = ADVANCED_BREP_SHAPE_REPRESENTATION ( '', ( #8936, #2096 ), #2850 ) ;
#256 = VERTEX_POINT ( 'NONE', #2369 ) ;
#257 = EDGE_CURVE ( 'NONE', #5550, #7669, #283, .T. ) ;
#258 = FACE_OUTER_BOUND ( 'NONE', #7180, .T. ) ;
#259 = DIRECTION ( 'NONE',  ( -0.000000000000000000, 1.000000000000000000, 0.000000000000000000 ) ) ;
#260 = STYLED_ITEM ( 'NONE', ( #4330 ), #5411 ) ;
#261 = EDGE_LOOP ( 'NONE', ( #7129, #6447, #2902, #5093 ) ) ;
#262 = PRODUCT ( 'SAM-M8Q-0-10_3', 'SAM-M8Q-0-10_3', '', ( #1753 ) ) ;
#263 = EDGE_LOOP ( 'NONE', ( #7700, #2282, #2035, #7364 ) ) ;
#264 = CARTESIAN_POINT ( 'NONE',  ( 4.549999999999999822, 3.343074902771997259, 5.700000000000000178 ) ) ;
#265 = CARTESIAN_POINT ( 'NONE',  ( 0.000000000000000000, 5.799999999999999822, 0.8000000000000000444 ) ) ;
#266 = LINE ( 'NONE', #1695, #7351 ) ;
#267 = ORIENTED_EDGE ( 'NONE', *, *, #4747, .F. ) ;
#268 = VECTOR ( 'NONE', #971, 1000.000000000000000 ) ;
#269 = CARTESIAN_POINT ( 'NONE',  ( -6.878679656440356283, 6.592893218813453693, 7.500000000000000000 ) ) ;
#270 = DIRECTION ( 'NONE',  ( 0.000000000000000000, 1.000000000000000000, 0.000000000000000000 ) ) ;
#271 = APPLICATION_PROTOCOL_DEFINITION ( 'draft international standard', 'automotive_design', 1998, #5921 ) ;
#272 = ORIENTED_EDGE ( 'NONE', *, *, #218, .T. ) ;
#273 = ORIENTED_EDGE ( 'NONE', *, *, #1831, .T. ) ;
#274 = AXIS2_PLACEMENT_3D ( 'NONE', #2877, #5718, #2797 ) ;
#275 = CARTESIAN_POINT ( 'NONE',  ( 9.035018104045881788E-17, 1.000000000000000000, -0.7500000000000006661 ) ) ;
#276 = VECTOR ( 'NONE', #5373, 1000.000000000000000 ) ;
#277 = DIRECTION ( 'NONE',  ( 0.000000000000000000, -1.000000000000000000, 0.000000000000000000 ) ) ;
#278 = DIRECTION ( 'NONE',  ( 1.000000000000000000, 0.000000000000000000, -0.000000000000000000 ) ) ;
#279 = CARTESIAN_POINT ( 'NONE',  ( 0.000000000000000000, 1.000000000000000000, -7.500000000000000000 ) ) ;
#280 = DIRECTION ( 'NONE',  ( 0.000000000000000000, 0.000000000000000000, 1.000000000000000000 ) ) ;
#281 = CARTESIAN_POINT ( 'NONE',  ( -4.517509052022938429E-17, 3.343074902771997259, 0.7500000000000002220 ) ) ;
#282 = ORIENTED_EDGE ( 'NONE', *, *, #3885, .T. ) ;
#283 = LINE ( 'NONE', #3114, #1593 ) ;
#284 = EDGE_LOOP ( 'NONE', ( #8359, #5560, #2128, #7154 ) ) ;
#285 = DIRECTION ( 'NONE',  ( 0.000000000000000000, 0.000000000000000000, -1.000000000000000000 ) ) ;
#286 = LINE ( 'NONE', #2518, #674 ) ;
#287 = FACE_OUTER_BOUND ( 'NONE', #7668, .T. ) ;
#288 = EDGE_LOOP ( 'NONE', ( #4159, #8024, #6472, #7170 ) ) ;
#289 = EDGE_CURVE ( 'NONE', #1542, #3343, #472, .T. ) ;
#290 = CARTESIAN_POINT ( 'NONE',  ( 6.000000000000000000, 1.899999999999999245, -6.999999999999999112 ) ) ;
#291 = ORIENTED_EDGE ( 'NONE', *, *, #8965, .F. ) ;
#292 = ORIENTED_EDGE ( 'NONE', *, *, #815, .F. ) ;
#293 = CARTESIAN_POINT ( 'NONE',  ( 0.000000000000000000, 3.343074902771997259, 7.500000000000000000 ) ) ;
#294 = PLANE ( 'NONE',  #5143 ) ;
#295 = FACE_OUTER_BOUND ( 'NONE', #3540, .T. ) ;
#296 = CARTESIAN_POINT ( 'NONE',  ( -7.500000000000000000, 2.399999999999999467, 6.000000000000000000 ) ) ;
#297 = ORIENTED_EDGE ( 'NONE', *, *, #7753, .F. ) ;
#298 = FACE_OUTER_BOUND ( 'NONE', #1421, .T. ) ;
#299 = CARTESIAN_POINT ( 'NONE',  ( 6.000000000000000000, 1.899999999999999467, -6.999999999999999112 ) ) ;
#300 = ORIENTED_EDGE ( 'NONE', *, *, #1107, .T. ) ;
#301 = EDGE_CURVE ( 'NONE', #7294, #8508, #1228, .T. ) ;
#302 = EDGE_CURVE ( 'NONE', #8348, #6363, #4797, .T. ) ;
#303 = ORIENTED_EDGE ( 'NONE', *, *, #7791, .T. ) ;
#304 = LINE ( 'NONE', #8190, #1853 ) ;
#305 = LINE ( 'NONE', #5971, #5407 ) ;
#306 = DIRECTION ( 'NONE',  ( -0.000000000000000000, -1.000000000000000000, 0.000000000000000000 ) ) ;
#307 = DIRECTION ( 'NONE',  ( -0.000000000000000000, -1.000000000000000000, 0.000000000000000000 ) ) ;
#308 = VECTOR ( 'NONE', #1820, 1000.000000000000000 ) ;
#309 = VERTEX_POINT ( 'NONE', #4656 ) ;
#310 = CARTESIAN_POINT ( 'NONE',  ( -6.999999999999998224, 6.800000000000000711, 6.585786437626905965 ) ) ;
#311 = LINE ( 'NONE', #4493, #2324 ) ;
#312 = APPLICATION_PROTOCOL_DEFINITION ( 'draft international standard', 'automotive_design', 1998, #3907 ) ;
#313 = ORIENTED_EDGE ( 'NONE', *, *, #8515, .F. ) ;
#314 = VECTOR ( 'NONE', #3, 1000.000000000000000 ) ;
#315 = ORIENTED_EDGE ( 'NONE', *, *, #9121, .F. ) ;
#316 = FACE_OUTER_BOUND ( 'NONE', #40, .T. ) ;
#317 = EDGE_CURVE ( 'NONE', #8173, #7197, #8910, .T. ) ;
#318 = FILL_AREA_STYLE_COLOUR ( '', #4928 ) ;
#319 = FACE_OUTER_BOUND ( 'NONE', #3274, .T. ) ;
#320 = SURFACE_STYLE_USAGE ( .BOTH. , #6036 ) ;
#321 = CARTESIAN_POINT ( 'NONE',  ( -6.999999999999997335, 1.899999999999999023, 6.585786437626905077 ) ) ;
#322 = DIRECTION ( 'NONE',  ( 1.000000000000000000, 0.000000000000000000, 0.000000000000000000 ) ) ;
#323 = ORIENTED_EDGE ( 'NONE', *, *, #5946, .T. ) ;
#324 = UNCERTAINTY_MEASURE_WITH_UNIT (LENGTH_MEASURE( 1.000000000000000082E-05 ), #7928, 'distance_accuracy_value', 'NONE');
#325 = AXIS2_PLACEMENT_3D ( 'NONE', #6235, #9044, #9084 ) ;
#326 = ADVANCED_FACE ( 'NONE', ( #8302 ), #4013, .T. ) ;
#327 = CARTESIAN_POINT ( 'NONE',  ( -5.500000000000000000, 1.000000000000000000, 0.000000000000000000 ) ) ;
#328 = EDGE_CURVE ( 'NONE', #8872, #8454, #8861, .T. ) ;
#329 = PLANE ( 'NONE',  #694 ) ;
#330 = CARTESIAN_POINT ( 'NONE',  ( -1.149999999999999689, 1.000000000000000000, 0.000000000000000000 ) ) ;
#331 = CARTESIAN_POINT ( 'NONE',  ( 0.000000000000000000, 1.000000000000000000, 4.549999999999998934 ) ) ;
#332 =( NAMED_UNIT ( * ) SI_UNIT ( $, .STERADIAN. ) SOLID_ANGLE_UNIT ( ) );
#333 = PRODUCT_DEFINITION_FORMATION_WITH_SPECIFIED_SOURCE ( 'ANY', '', #1665, .NOT_KNOWN. ) ;
#334 = VERTEX_POINT ( 'NONE', #5403 ) ;
#335 = PRODUCT ( 'SAM-M8Q-0-10_25', 'SAM-M8Q-0-10_25', '', ( #8748 ) ) ;
#336 = CARTESIAN_POINT ( 'NONE',  ( 6.585786437626905077, 1.899999999999999467, -6.999999999999998224 ) ) ;
#337 = VERTEX_POINT ( 'NONE', #6238 ) ;
#338 = ORIENTED_EDGE ( 'NONE', *, *, #4306, .T. ) ;
#339 = DIRECTION ( 'NONE',  ( 1.000000000000000000, 0.000000000000000000, 0.000000000000000000 ) ) ;
#340 = ADVANCED_FACE ( 'NONE', ( #5544 ), #8212, .F. ) ;
#341 = CARTESIAN_POINT ( 'NONE',  ( 3.049999999999999822, 0.000000000000000000, 7.500000000000000000 ) ) ;
#342 = LINE ( 'NONE', #2527, #8132 ) ;
#343 = FACE_OUTER_BOUND ( 'NONE', #1289, .T. ) ;
#344 = FACE_OUTER_BOUND ( 'NONE', #7674, .T. ) ;
#345 = ORIENTED_EDGE ( 'NONE', *, *, #8350, .F. ) ;
#346 = DIRECTION ( 'NONE',  ( -1.000000000000000000, 0.000000000000000000, -0.000000000000000000 ) ) ;
#347 = DIRECTION ( 'NONE',  ( 0.000000000000000000, 0.000000000000000000, -1.000000000000000000 ) ) ;
#348 = CARTESIAN_POINT ( 'NONE',  ( 6.000000000000000888, 6.800000000000000711, -6.999999999999998224 ) ) ;
#349 = EDGE_CURVE ( 'NONE', #1460, #4048, #1683, .T. ) ;
#350 = ORIENTED_EDGE ( 'NONE', *, *, #824, .T. ) ;
#351 = ADVANCED_FACE ( 'NONE', ( #6192 ), #2119, .F. ) ;
#352 = ORIENTED_EDGE ( 'NONE', *, *, #2397, .F. ) ;
#353 = DIRECTION ( 'NONE',  ( 0.000000000000000000, 1.000000000000000000, 0.000000000000000000 ) ) ;
#354 = DIRECTION ( 'NONE',  ( 0.000000000000000000, 0.000000000000000000, 1.000000000000000000 ) ) ;
#355 = CARTESIAN_POINT ( 'NONE',  ( 0.000000000000000000, 0.000000000000000000, 0.000000000000000000 ) ) ;
#356 =( NAMED_UNIT ( * ) SI_UNIT ( $, .STERADIAN. ) SOLID_ANGLE_UNIT ( ) );
#357 = ORIENTED_EDGE ( 'NONE', *, *, #3268, .F. ) ;
#358 = AXIS2_PLACEMENT_3D ( 'NONE', #4192, #8481, #5635 ) ;
#359 = EDGE_CURVE ( 'NONE', #6655, #4386, #4756, .T. ) ;
#360 = CARTESIAN_POINT ( 'NONE',  ( 5.700000000000000178, 0.000000000000000000, 0.7500000000000005551 ) ) ;
#361 = FACE_OUTER_BOUND ( 'NONE', #9097, .T. ) ;
#362 = APPLICATION_PROTOCOL_DEFINITION ( 'draft international standard', 'automotive_design', 1998, #6105 ) ;
#363 = ORIENTED_EDGE ( 'NONE', *, *, #1343, .F. ) ;
#364 = ORIENTED_EDGE ( 'NONE', *, *, #1307, .F. ) ;
#365 = EDGE_CURVE ( 'NONE', #3761, #5590, #1855, .T. ) ;
#366 = AXIS2_PLACEMENT_3D ( 'NONE', #2422, #3736, #8121 ) ;
#367 = FACE_OUTER_BOUND ( 'NONE', #3142, .T. ) ;
#368 = EDGE_CURVE ( 'NONE', #2843, #1559, #4660, .T. ) ;
#369 = EDGE_CURVE ( 'NONE', #6204, #2351, #2705, .T. ) ;
#370 = CYLINDRICAL_SURFACE ( 'NONE', #7822, 0.5000000000000004441 ) ;
#371 = ADVANCED_FACE ( 'NONE', ( #6837 ), #4061, .F. ) ;
#372 = CARTESIAN_POINT ( 'NONE',  ( 1.150000000000000355, 3.343074902771997259, -5.700000000000000178 ) ) ;
#373 = DIRECTION ( 'NONE',  ( -0.000000000000000000, -1.000000000000000000, -0.000000000000000000 ) ) ;
#374 = ORIENTED_EDGE ( 'NONE', *, *, #5870, .T. ) ;
#375 = EDGE_CURVE ( 'NONE', #8482, #2853, #3312, .T. ) ;
#376 = VECTOR ( 'NONE', #4289, 1000.000000000000000 ) ;
#377 = CARTESIAN_POINT ( 'NONE',  ( -7.299999999999999822, 1.800000000000000266, -7.299999999999999822 ) ) ;
#378 = AXIS2_PLACEMENT_3D ( 'NONE', #2928, #2399, #6416 ) ;
#379 = CARTESIAN_POINT ( 'NONE',  ( 7.499999999999997335, 6.592893218813452805, 6.878679656440357171 ) ) ;
#380 = CARTESIAN_POINT ( 'NONE',  ( -5.699999999999998401, 0.000000000000000000, -3.050000000000002043 ) ) ;
#381 = CARTESIAN_POINT ( 'NONE',  ( 0.000000000000000000, 3.343074902771997259, 7.499999999999999112 ) ) ;
#382 = ORIENTED_EDGE ( 'NONE', *, *, #365, .T. ) ;
#383 = CARTESIAN_POINT ( 'NONE',  ( 7.292893218813449430, 1.899999999999999689, -6.757359312880714342 ) ) ;
#384 = ORIENTED_EDGE ( 'NONE', *, *, #5879, .F. ) ;
#385 = VERTEX_POINT ( 'NONE', #1423 ) ;
#386 = LINE ( 'NONE', #6005, #6396 ) ;
#387 = DIRECTION ( 'NONE',  ( 1.000000000000000000, 0.000000000000000000, -0.000000000000000000 ) ) ;
#388 = PLANE ( 'NONE',  #7702 ) ;
#389 = SURFACE_STYLE_FILL_AREA ( #1042 ) ;
#390 = SURFACE_SIDE_STYLE ('',( #6751 ) ) ;
#391 = ORIENTED_EDGE ( 'NONE', *, *, #7078, .T. ) ;
#392 = PLANE ( 'NONE',  #2165 ) ;
#393 = VECTOR ( 'NONE', #493, 1000.000000000000000 ) ;
#394 = STYLED_ITEM ( 'NONE', ( #2316 ), #8874 ) ;
#395 = CARTESIAN_POINT ( 'NONE',  ( -1.149999999999999911, 1.000000000000000000, -1.385369442620367325E-16 ) ) ;
#396 = ORIENTED_EDGE ( 'NONE', *, *, #5811, .F. ) ;
#397 = CLOSED_SHELL ( 'NONE', ( #2980, #706, #2509, #8166, #2559, #6279 ) ) ;
#398 = AXIS2_PLACEMENT_3D ( 'NONE', #7667, #1318, #6289 ) ;
#399 = AXIS2_PLACEMENT_3D ( 'NONE', #3302, #2556, #8293 ) ;
#400 = ORIENTED_EDGE ( 'NONE', *, *, #7204, .F. ) ;
#401 = CIRCLE ( 'NONE', #1577, 0.4999999999999995559 ) ;
#402 = CARTESIAN_POINT ( 'NONE',  ( 6.757359312880713453, 1.899999999999999911, 7.292893218813452982 ) ) ;
#403 = DIRECTION ( 'NONE',  ( -4.818676322157799347E-16, 0.000000000000000000, -1.000000000000000000 ) ) ;
#404 = PRESENTATION_STYLE_ASSIGNMENT (( #5285 ) ) ;
#405 = UNCERTAINTY_MEASURE_WITH_UNIT (LENGTH_MEASURE( 1.000000000000000082E-05 ), #784, 'distance_accuracy_value', 'NONE');
#406 = ORIENTED_EDGE ( 'NONE', *, *, #4470, .T. ) ;
#407 = AXIS2_PLACEMENT_3D ( 'NONE', #2100, #4904, #4203 ) ;
#408 =( REPRESENTATION_RELATIONSHIP ('NONE','NONE', #464, #4087 ) REPRESENTATION_RELATIONSHIP_WITH_TRANSFORMATION ( #9075 )SHAPE_REPRESENTATION_RELATIONSHIP( ) );
#409 = CARTESIAN_POINT ( 'NONE',  ( 0.000000000000000000, 0.5000000000000000000, 1.899999999999999689 ) ) ;
#410 = CARTESIAN_POINT ( 'NONE',  ( -6.000000000000000000, 2.399999999999999467, 6.000000000000000000 ) ) ;
#411 = PRODUCT_CONTEXT ( 'NONE', #3907, 'mechanical' ) ;
#412 = ORIENTED_EDGE ( 'NONE', *, *, #9100, .T. ) ;
#413 = EDGE_LOOP ( 'NONE', ( #2755, #2897, #7599, #8893 ) ) ;
#414 = PLANE ( 'NONE',  #105 ) ;
#415 = AXIS2_PLACEMENT_3D ( 'NONE', #4378, #4519, #7930 ) ;
#416 = VECTOR ( 'NONE', #5085, 1000.000000000000000 ) ;
#417 = LINE ( 'NONE', #5446, #7087 ) ;
#418 = DIRECTION ( 'NONE',  ( 0.000000000000000000, 0.000000000000000000, 1.000000000000000000 ) ) ;
#419 = VECTOR ( 'NONE', #5397, 1000.000000000000000 ) ;
#420 = CARTESIAN_POINT ( 'NONE',  ( 0.000000000000000000, 1.000000000000000000, 5.700000000000000178 ) ) ;
#421 = ORIENTED_EDGE ( 'NONE', *, *, #3505, .T. ) ;
#422 = PRODUCT_RELATED_PRODUCT_CATEGORY ( 'part', '', ( #3874 ) ) ;
#423 = AXIS2_PLACEMENT_3D ( 'NONE', #7715, #3365, #2011 ) ;
#424 = EDGE_CURVE ( 'NONE', #8964, #8018, #8566, .T. ) ;
#425 = EDGE_CURVE ( 'NONE', #4790, #3061, #7908, .T. ) ;
#426 = DIRECTION ( 'NONE',  ( -1.000000000000000000, 0.000000000000000000, 4.818676322157799347E-16 ) ) ;
#427 = VECTOR ( 'NONE', #4164, 1000.000000000000000 ) ;
#428 = CARTESIAN_POINT ( 'NONE',  ( 5.700000000000000178, 3.343074902771997259, -0.7499999999999998890 ) ) ;
#429 = FACE_OUTER_BOUND ( 'NONE', #5854, .T. ) ;
#430 = DIRECTION ( 'NONE',  ( 0.000000000000000000, 1.000000000000000000, 0.000000000000000000 ) ) ;
#431 =( NAMED_UNIT ( * ) SI_UNIT ( $, .STERADIAN. ) SOLID_ANGLE_UNIT ( ) );
#432 = ORIENTED_EDGE ( 'NONE', *, *, #1619, .T. ) ;
#433 = LINE ( 'NONE', #6695, #7653 ) ;
#434 = ORIENTED_EDGE ( 'NONE', *, *, #6746, .F. ) ;
#435 = ORIENTED_EDGE ( 'NONE', *, *, #510, .F. ) ;
#436 = DIRECTION ( 'NONE',  ( 0.000000000000000000, 0.000000000000000000, -1.000000000000000000 ) ) ;
#437 = PRODUCT_DEFINITION ( 'UNKNOWN', '', #6709, #7610 ) ;
#438 = DIRECTION ( 'NONE',  ( 0.000000000000000000, -0.000000000000000000, 1.000000000000000000 ) ) ;
#439 = LINE ( 'NONE', #3278, #8883 ) ;
#440 = SURFACE_SIDE_STYLE ('',( #389 ) ) ;
#441 = DIRECTION ( 'NONE',  ( 0.000000000000000000, 0.000000000000000000, -1.000000000000000000 ) ) ;
#442 = VECTOR ( 'NONE', #6569, 1000.000000000000000 ) ;
#443 = ORIENTED_EDGE ( 'NONE', *, *, #5716, .F. ) ;
#444 = CARTESIAN_POINT ( 'NONE',  ( -1.149999999999999689, 1.000000000000000000, 7.500000000000000000 ) ) ;
#445 = CARTESIAN_POINT ( 'NONE',  ( 5.700000000000000178, 0.000000000000000000, 2.650000000000000799 ) ) ;
#446 = PLANE ( 'NONE',  #6494 ) ;
#447 = VERTEX_POINT ( 'NONE', #4355 ) ;
#448 = ORIENTED_EDGE ( 'NONE', *, *, #6264, .T. ) ;
#449 = CARTESIAN_POINT ( 'NONE',  ( -5.700000000000000178, 0.000000000000000000, 0.7499999999999991118 ) ) ;
#450 = DIRECTION ( 'NONE',  ( -0.000000000000000000, 0.000000000000000000, 1.000000000000000000 ) ) ;
#451 = DIRECTION ( 'NONE',  ( 0.000000000000000000, -0.000000000000000000, -1.000000000000000000 ) ) ;
#452 = DIRECTION ( 'NONE',  ( -0.000000000000000000, -1.000000000000000000, -0.000000000000000000 ) ) ;
#453 = ORIENTED_EDGE ( 'NONE', *, *, #2567, .F. ) ;
#454 = EDGE_CURVE ( 'NONE', #3957, #8649, #41, .T. ) ;
#455 = LINE ( 'NONE', #5435, #5278 ) ;
#456 = DIRECTION ( 'NONE',  ( -1.000000000000000000, 0.000000000000000000, -2.409338161078899674E-16 ) ) ;
#457 = EDGE_LOOP ( 'NONE', ( #8666, #4764, #5742, #863 ) ) ;
#458 = EDGE_LOOP ( 'NONE', ( #7158, #1702, #5845, #2815 ) ) ;
#459 = CARTESIAN_POINT ( 'NONE',  ( 5.700000000000000178, 1.000000000000000000, -4.549999999999999822 ) ) ;
#460 = CARTESIAN_POINT ( 'NONE',  ( -2.650000000000000355, 1.000000000000000000, 7.500000000000000000 ) ) ;
#461 = ADVANCED_FACE ( 'NONE', ( #3046 ), #5094, .T. ) ;
#462 = ORIENTED_EDGE ( 'NONE', *, *, #1105, .T. ) ;
#463 = STYLED_ITEM ( 'NONE', ( #5000 ), #5980 ) ;
#464 = SHAPE_REPRESENTATION ( 'SAM-M8Q-0', ( #8326, #6126, #1809, #1958, #2856, #5536, #4939, #489, #45, #6868, #8023, #7739, #2565, #7004, #8759, #3605, #4643, #4796, #776, #5392, #5679, #3004, #325, #8179, #3752, #3311, #185 ), #6703 ) ;
#465 = FACE_OUTER_BOUND ( 'NONE', #7608, .T. ) ;
#466 = CARTESIAN_POINT ( 'NONE',  ( 6.000000000000000000, 34.81320343559642794, -6.000000000000000000 ) ) ;
#467 = DIRECTION ( 'NONE',  ( 0.000000000000000000, 0.000000000000000000, 1.000000000000000000 ) ) ;
#468 = DIRECTION ( 'NONE',  ( -6.023345402697249184E-17, 0.000000000000000000, 1.000000000000000000 ) ) ;
#469 = VERTEX_POINT ( 'NONE', #1608 ) ;
#470 = VECTOR ( 'NONE', #1802, 1000.000000000000000 ) ;
#471 = ADVANCED_BREP_SHAPE_REPRESENTATION ( '', ( #9096, #2096 ), #2390 ) ;
#472 = LINE ( 'NONE', #568, #1159 ) ;
#473 =( GEOMETRIC_REPRESENTATION_CONTEXT ( 3 ) GLOBAL_UNCERTAINTY_ASSIGNED_CONTEXT ( ( #1885 ) ) GLOBAL_UNIT_ASSIGNED_CONTEXT ( ( #8492, #21, #6339 ) ) REPRESENTATION_CONTEXT ( 'NONE', 'WORKASPACE' ) );
#474 = LINE ( 'NONE', #4150, #5151 ) ;
#475 = LINE ( 'NONE', #4151, #4841 ) ;
#476 = CARTESIAN_POINT ( 'NONE',  ( -7.500000000000001776, 0.000000000000000000, 3.049999999999998490 ) ) ;
#477 = SHAPE_REPRESENTATION_RELATIONSHIP ( 'NONE' , 'NONE' ,  #4673, #7330 ) ;
#478 = EDGE_CURVE ( 'NONE', #5049, #4503, #7088, .T. ) ;
#479 = ORIENTED_EDGE ( 'NONE', *, *, #246, .F. ) ;
#480 = CARTESIAN_POINT ( 'NONE',  ( 0.000000000000000000, 5.799999999999999822, 0.8000000000000000444 ) ) ;
#481 = EDGE_CURVE ( 'NONE', #2115, #2449, #3575, .T. ) ;
#482 =( GEOMETRIC_REPRESENTATION_CONTEXT ( 3 ) GLOBAL_UNCERTAINTY_ASSIGNED_CONTEXT ( ( #324 ) ) GLOBAL_UNIT_ASSIGNED_CONTEXT ( ( #7928, #3212, #4017 ) ) REPRESENTATION_CONTEXT ( 'NONE', 'WORKASPACE' ) );
#483 = VERTEX_POINT ( 'NONE', #4441 ) ;
#484 = EDGE_LOOP ( 'NONE', ( #4893, #5671, #2779, #6972 ) ) ;
#485 = CARTESIAN_POINT ( 'NONE',  ( 0.000000000000000000, 1.000000000000000000, 7.499999999999999112 ) ) ;
#486 = PLANE ( 'NONE',  #5610 ) ;
#487 =( NAMED_UNIT ( * ) PLANE_ANGLE_UNIT ( ) SI_UNIT ( $, .RADIAN. ) );
#488 = ADVANCED_FACE ( 'NONE', ( #910 ), #3664, .F. ) ;
#489 = AXIS2_PLACEMENT_3D ( 'NONE', #8381, #7654, #4102 ) ;
#490 = DIRECTION ( 'NONE',  ( -0.000000000000000000, -1.000000000000000000, 0.000000000000000000 ) ) ;
#491 = VERTEX_POINT ( 'NONE', #5191 ) ;
#492 = PLANE ( 'NONE',  #8118 ) ;
#493 = DIRECTION ( 'NONE',  ( -1.204669080539449837E-16, -0.000000000000000000, 1.000000000000000000 ) ) ;
#494 = EDGE_CURVE ( 'NONE', #6230, #5082, #1555, .T. ) ;
#495 = ORIENTED_EDGE ( 'NONE', *, *, #2786, .F. ) ;
#496 = EDGE_CURVE ( 'NONE', #8242, #7414, #4308, .T. ) ;
#497 = VERTEX_POINT ( 'NONE', #5704 ) ;
#498 = FACE_OUTER_BOUND ( 'NONE', #6847, .T. ) ;
#499 = CARTESIAN_POINT ( 'NONE',  ( 0.000000000000000000, 3.343074902771997259, -5.700000000000000178 ) ) ;
#500 = CARTESIAN_POINT ( 'NONE',  ( 7.649999999999998579, 0.000000000000000000, -7.650000000000002132 ) ) ;
#501 = PRODUCT_DEFINITION_CONTEXT ( 'detailed design', #3852, 'design' ) ;
#502 = EDGE_LOOP ( 'NONE', ( #3609, #7892, #3593, #7392 ) ) ;
#503 = PLANE ( 'NONE',  #1272 ) ;
#504 = DIRECTION ( 'NONE',  ( 0.7071067811865474617, 0.000000000000000000, -0.7071067811865474617 ) ) ;
#505 = CONTEXT_DEPENDENT_SHAPE_REPRESENTATION ( #3592, #8428 ) ;
#506 = EDGE_LOOP ( 'NONE', ( #4787, #4803, #1686, #357 ) ) ;
#507 = VERTEX_POINT ( 'NONE', #8510 ) ;
#508 = EDGE_CURVE ( 'NONE', #9056, #8092, #216, .T. ) ;
#509 = DIRECTION ( 'NONE',  ( -1.000000000000000000, 0.000000000000000000, -0.000000000000000000 ) ) ;
#510 = EDGE_CURVE ( 'NONE', #3150, #1635, #8690, .T. ) ;
#511 = VECTOR ( 'NONE', #8568, 1000.000000000000000 ) ;
#512 = AXIS2_PLACEMENT_3D ( 'NONE', #7470, #2566, #1118 ) ;
#513 = FACE_OUTER_BOUND ( 'NONE', #8918, .T. ) ;
#514 = VERTEX_POINT ( 'NONE', #2214 ) ;
#515 = LINE ( 'NONE', #4696, #9014 ) ;
#516 = EDGE_CURVE ( 'NONE', #3798, #7016, #5055, .T. ) ;
#517 = LINE ( 'NONE', #8378, #5001 ) ;
#518 = SURFACE_SIDE_STYLE ('',( #9043 ) ) ;
#519 = DIRECTION ( 'NONE',  ( 0.000000000000000000, 0.000000000000000000, 1.000000000000000000 ) ) ;
#520 = CARTESIAN_POINT ( 'NONE',  ( -7.499999999999999112, 3.343074902771997259, -4.336808689942016158E-15 ) ) ;
#521 = EDGE_LOOP ( 'NONE', ( #3837, #2590, #4664, #8828 ) ) ;
#522 = AXIS2_PLACEMENT_3D ( 'NONE', #2890, #5037, #8623 ) ;
#523 = DIRECTION ( 'NONE',  ( -1.000000000000000000, -0.000000000000000000, -0.000000000000000000 ) ) ;
#524 =( BOUNDED_SURFACE ( )  B_SPLINE_SURFACE ( 3, 3, ( 
 ( #7782, #5793, #4267, #4398 ),
 ( #8605, #7090, #780, #2305 ),
 ( #2257, #5096, #1477, #7910 ),
 ( #733, #5057, #7174, #5140 ) ),
 .UNSPECIFIED., .F., .F., .T. ) 
 B_SPLINE_SURFACE_WITH_KNOTS ( ( 4, 4 ),
 ( 4, 4 ),
 ( 0.000000000000000000, 1.000000000000000000 ),
 ( 0.000000000000000000, 1.000000000000000000 ),
 .UNSPECIFIED. ) 
 GEOMETRIC_REPRESENTATION_ITEM ( )  RATIONAL_B_SPLINE_SURFACE ( (
 ( 1.000000000000000000, 0.8047378541243653816, 0.8047378541243653816, 1.000000000000000000),
 ( 0.8047378541243654926, 0.6476030138606884146, 0.6476030138606884146, 0.8047378541243654926),
 ( 0.8047378541243654926, 0.6476030138606884146, 0.6476030138606884146, 0.8047378541243654926),
 ( 1.000000000000000000, 0.8047378541243653816, 0.8047378541243653816, 1.000000000000000000) ) ) 
 REPRESENTATION_ITEM ( '' )  SURFACE ( )  );
#525 = PLANE ( 'NONE',  #7379 ) ;
#526 = CARTESIAN_POINT ( 'NONE',  ( -7.650000000000002132, 1.000000000000000000, 7.649999999999998579 ) ) ;
#527 = DIRECTION ( 'NONE',  ( -1.000000000000000000, -0.000000000000000000, -0.000000000000000000 ) ) ;
#528 = AXIS2_PLACEMENT_3D ( 'NONE', #3289, #2591, #5426 ) ;
#529 = ORIENTED_EDGE ( 'NONE', *, *, #3669, .F. ) ;
#530 = LINE ( 'NONE', #4763, #8824 ) ;
#531 = VERTEX_POINT ( 'NONE', #6403 ) ;
#532 = ORIENTED_EDGE ( 'NONE', *, *, #8560, .T. ) ;
#533 = LINE ( 'NONE', #4766, #3730 ) ;
#534 = AXIS2_PLACEMENT_3D ( 'NONE', #3102, #4538, #7101 ) ;
#535 = APPLICATION_CONTEXT ( 'automotive_design' ) ;
#536 = DIRECTION ( 'NONE',  ( -0.000000000000000000, -1.000000000000000000, 0.000000000000000000 ) ) ;
#537 = LINE ( 'NONE', #2720, #9018 ) ;
#538 = CARTESIAN_POINT ( 'NONE',  ( 7.500000000000000000, 3.343074902771997259, 2.650000000000000799 ) ) ;
#539 = LINE ( 'NONE', #3367, #8559 ) ;
#540 = CARTESIAN_POINT ( 'NONE',  ( 6.999999999999999112, 6.800000000000000711, -5.999999999999999112 ) ) ;
#541 = VERTEX_POINT ( 'NONE', #7864 ) ;
#542 = ADVANCED_FACE ( 'NONE', ( #1516 ), #817, .T. ) ;
#543 = EDGE_CURVE ( 'NONE', #8927, #6655, #3139, .T. ) ;
#544 = ADVANCED_FACE ( 'NONE', ( #8042 ), #579, .T. ) ;
#545 = ORIENTED_EDGE ( 'NONE', *, *, #1325, .T. ) ;
#546 = DIRECTION ( 'NONE',  ( -0.7071067811865475727, 0.000000000000000000, 0.7071067811865475727 ) ) ;
#547 = FACE_OUTER_BOUND ( 'NONE', #5584, .T. ) ;
#548 = DIRECTION ( 'NONE',  ( 0.000000000000000000, 1.000000000000000000, 0.000000000000000000 ) ) ;
#549 = PRESENTATION_STYLE_ASSIGNMENT (( #8367 ) ) ;
#550 = COLOUR_RGB ( '',1.000000000000000000, 0.8117647058823529438, 0.5019607843137254832 ) ;
#551 = ORIENTED_EDGE ( 'NONE', *, *, #975, .T. ) ;
#552 = LINE ( 'NONE', #7555, #7359 ) ;
#553 = ORIENTED_EDGE ( 'NONE', *, *, #3349, .T. ) ;
#554 = VECTOR ( 'NONE', #8753, 1000.000000000000000 ) ;
#555 = VECTOR ( 'NONE', #7643, 1000.000000000000000 ) ;
#556 = EDGE_LOOP ( 'NONE', ( #7022, #8082, #7453, #4638 ) ) ;
#557 = VECTOR ( 'NONE', #8791, 1000.000000000000000 ) ;
#558 = DIRECTION ( 'NONE',  ( 0.000000000000000000, 0.000000000000000000, 1.000000000000000000 ) ) ;
#559 = VECTOR ( 'NONE', #6803, 1000.000000000000000 ) ;
#560 = SURFACE_STYLE_FILL_AREA ( #4143 ) ;
#561 = VECTOR ( 'NONE', #576, 1000.000000000000000 ) ;
#562 = VERTEX_POINT ( 'NONE', #1002 ) ;
#563 = DIRECTION ( 'NONE',  ( -0.000000000000000000, -0.000000000000000000, -1.000000000000000000 ) ) ;
#564 = CARTESIAN_POINT ( 'NONE',  ( -7.500000000000000000, 0.000000000000000000, 0.7499999999999988898 ) ) ;
#565 = DIRECTION ( 'NONE',  ( 0.000000000000000000, 0.000000000000000000, 1.000000000000000000 ) ) ;
#566 = EDGE_LOOP ( 'NONE', ( #7921, #5809, #5828, #5465 ) ) ;
#567 = CIRCLE ( 'NONE', #1594, 0.5000000000000004441 ) ;
#568 = CARTESIAN_POINT ( 'NONE',  ( 7.500000000000000000, 3.343074902771997259, 1.150000000000000133 ) ) ;
#569 =( REPRESENTATION_RELATIONSHIP ('NONE','NONE', #464, #215 ) REPRESENTATION_RELATIONSHIP_WITH_TRANSFORMATION ( #7692 )SHAPE_REPRESENTATION_RELATIONSHIP( ) );
#570 = DIRECTION ( 'NONE',  ( -0.000000000000000000, 0.000000000000000000, 1.000000000000000000 ) ) ;
#571 = VECTOR ( 'NONE', #1509, 1000.000000000000000 ) ;
#572 = CARTESIAN_POINT ( 'NONE',  ( 7.500000000000000000, 0.000000000000000000, -1.149999999999999467 ) ) ;
#573 = CARTESIAN_POINT ( 'NONE',  ( -1.149999999999999689, 1.000000000000000000, 7.500000000000000000 ) ) ;
#574 = ORIENTED_EDGE ( 'NONE', *, *, #6827, .T. ) ;
#575 = ADVANCED_FACE ( 'NONE', ( #2494 ), #6761, .T. ) ;
#576 = DIRECTION ( 'NONE',  ( 0.000000000000000000, -1.000000000000000000, -0.000000000000000000 ) ) ;
#577 = VECTOR ( 'NONE', #8836, 1000.000000000000000 ) ;
#578 = VERTEX_POINT ( 'NONE', #6668 ) ;
#579 =( BOUNDED_SURFACE ( )  B_SPLINE_SURFACE ( 3, 3, ( 
 ( #1694, #7361, #8735, #4585 ),
 ( #3934, #8934, #402, #1055 ),
 ( #2592, #5429, #7495, #1652 ),
 ( #4534, #8191, #3844, #1147 ) ),
 .UNSPECIFIED., .F., .F., .T. ) 
 B_SPLINE_SURFACE_WITH_KNOTS ( ( 4, 4 ),
 ( 4, 4 ),
 ( 0.000000000000000000, 1.000000000000000000 ),
 ( 0.000000000000000000, 1.000000000000000000 ),
 .UNSPECIFIED. ) 
 GEOMETRIC_REPRESENTATION_ITEM ( )  RATIONAL_B_SPLINE_SURFACE ( (
 ( 1.000000000000000000, 0.8047378541243647154, 0.8047378541243647154, 1.000000000000000000),
 ( 0.8047378541243654926, 0.6476030138606879705, 0.6476030138606879705, 0.8047378541243654926),
 ( 0.8047378541243654926, 0.6476030138606879705, 0.6476030138606879705, 0.8047378541243654926),
 ( 1.000000000000000000, 0.8047378541243647154, 0.8047378541243647154, 1.000000000000000000) ) ) 
 REPRESENTATION_ITEM ( '' )  SURFACE ( )  );
#580 = VECTOR ( 'NONE', #6513, 1000.000000000000000 ) ;
#581 = ORIENTED_EDGE ( 'NONE', *, *, #1049, .T. ) ;
#582 = DIRECTION ( 'NONE',  ( 0.000000000000000000, -0.000000000000000000, -1.000000000000000000 ) ) ;
#583 = DIRECTION ( 'NONE',  ( 0.000000000000000000, 0.000000000000000000, -1.000000000000000000 ) ) ;
#584 = CYLINDRICAL_SURFACE ( 'NONE', #3996, 0.4000000000000000777 ) ;
#585 = CARTESIAN_POINT ( 'NONE',  ( -6.999999999999999112, 6.799999999999997158, -6.500000000000000888 ) ) ;
#586 = EDGE_CURVE ( 'NONE', #7929, #6230, #305, .T. ) ;
#587 = CARTESIAN_POINT ( 'NONE',  ( 4.499999999999999112, 0.000000000000000000, -5.500000000000000000 ) ) ;
#588 = CARTESIAN_POINT ( 'NONE',  ( 0.000000000000000000, 3.343074902771997259, 7.500000000000000000 ) ) ;
#589 = ORIENTED_EDGE ( 'NONE', *, *, #1253, .F. ) ;
#590 = DIRECTION ( 'NONE',  ( 0.000000000000000000, 0.000000000000000000, 1.000000000000000000 ) ) ;
#591 = ORIENTED_EDGE ( 'NONE', *, *, #5608, .T. ) ;
#592 = ORIENTED_EDGE ( 'NONE', *, *, #3094, .F. ) ;
#593 = CARTESIAN_POINT ( 'NONE',  ( -4.549999999999998934, 1.000000000000000000, 7.499999999999999112 ) ) ;
#594 = DIRECTION ( 'NONE',  ( 1.000000000000000000, 0.000000000000000000, -0.000000000000000000 ) ) ;
#595 = CARTESIAN_POINT ( 'NONE',  ( 7.500000000000000000, 1.000000000000000000, -3.049999999999999378 ) ) ;
#596 = VECTOR ( 'NONE', #6748, 1000.000000000000000 ) ;
#597 = ORIENTED_EDGE ( 'NONE', *, *, #7977, .T. ) ;
#598 = DIRECTION ( 'NONE',  ( -0.000000000000000000, -1.000000000000000000, -0.000000000000000000 ) ) ;
#599 = CONTEXT_DEPENDENT_SHAPE_REPRESENTATION ( #8752, #3154 ) ;
#600 = ADVANCED_FACE ( 'NONE', ( #5342 ), #8784, .F. ) ;
#601 = EDGE_LOOP ( 'NONE', ( #2906, #574, #597, #3806 ) ) ;
#602 = ORIENTED_EDGE ( 'NONE', *, *, #5823, .T. ) ;
#603 = FACE_BOUND ( 'NONE', #5187, .T. ) ;
#604 =( LENGTH_UNIT ( ) NAMED_UNIT ( * ) SI_UNIT ( .MILLI., .METRE. ) );
#605 = VERTEX_POINT ( 'NONE', #2540 ) ;
#606 = CARTESIAN_POINT ( 'NONE',  ( -5.699999999999999289, 1.000000000000000000, -3.295974604355931902E-15 ) ) ;
#607 = CARTESIAN_POINT ( 'NONE',  ( 0.000000000000000000, 0.000000000000000000, 0.000000000000000000 ) ) ;
#608 = ORIENTED_EDGE ( 'NONE', *, *, #7489, .T. ) ;
#609 = ADVANCED_FACE ( 'NONE', ( #6816 ), #1788, .T. ) ;
#610 = LINE ( 'NONE', #428, #2924 ) ;
#611 = CIRCLE ( 'NONE', #8529, 0.5000000000000004441 ) ;
#612 = LINE ( 'NONE', #7011, #2009 ) ;
#613 = CARTESIAN_POINT ( 'NONE',  ( -5.700000000000000178, 1.000000000000000000, -1.150000000000000799 ) ) ;
#614 = SHAPE_REPRESENTATION_RELATIONSHIP ( 'NONE' , 'NONE' ,  #7266, #1798 ) ;
#615 = EDGE_LOOP ( 'NONE', ( #8919, #1880, #3600, #4305 ) ) ;
#616 = CARTESIAN_POINT ( 'NONE',  ( -7.500000000000000888, 3.343074902771997259, -1.150000000000001021 ) ) ;
#617 = ORIENTED_EDGE ( 'NONE', *, *, #1876, .T. ) ;
#618 = ADVANCED_FACE ( 'NONE', ( #1099 ), #7408, .T. ) ;
#619 = VECTOR ( 'NONE', #871, 1000.000000000000000 ) ;
#620 = ORIENTED_EDGE ( 'NONE', *, *, #7569, .T. ) ;
#621 = EDGE_CURVE ( 'NONE', #2826, #2055, #3888, .T. ) ;
#622 = DIRECTION ( 'NONE',  ( -1.000000000000000000, 0.000000000000000000, -0.000000000000000000 ) ) ;
#623 = DIRECTION ( 'NONE',  ( -1.000000000000000000, 0.000000000000000000, -0.000000000000000000 ) ) ;
#624 = CARTESIAN_POINT ( 'NONE',  ( -7.500000000000000000, 1.000000000000000000, 1.149999999999998579 ) ) ;
#625 = DIRECTION ( 'NONE',  ( -1.000000000000000000, 0.000000000000000000, -0.000000000000000000 ) ) ;
#626 = DIRECTION ( 'NONE',  ( 0.000000000000000000, 0.000000000000000000, 1.000000000000000000 ) ) ;
#627 = ORIENTED_EDGE ( 'NONE', *, *, #7424, .F. ) ;
#628 = DIRECTION ( 'NONE',  ( -0.000000000000000000, -1.000000000000000000, -0.000000000000000000 ) ) ;
#629 = ORIENTED_EDGE ( 'NONE', *, *, #3266, .F. ) ;
#630 = EDGE_CURVE ( 'NONE', #5491, #491, #8141, .T. ) ;
#631 = ORIENTED_EDGE ( 'NONE', *, *, #2888, .T. ) ;
#632 = CARTESIAN_POINT ( 'NONE',  ( 6.999999999999999112, 6.800000000000000711, 6.000000000000000000 ) ) ;
#633 = PRODUCT_DEFINITION_FORMATION_WITH_SPECIFIED_SOURCE ( 'ANY', '', #4485, .NOT_KNOWN. ) ;
#634 = DIRECTION ( 'NONE',  ( 0.000000000000000000, 0.000000000000000000, 1.000000000000000000 ) ) ;
#635 = CARTESIAN_POINT ( 'NONE',  ( 1.150000000000000355, 1.000000000000000000, -5.700000000000000178 ) ) ;
#636 = DIRECTION ( 'NONE',  ( 0.000000000000000000, 0.000000000000000000, -1.000000000000000000 ) ) ;
#637 = ADVANCED_FACE ( 'NONE', ( #4634 ), #7450, .T. ) ;
#638 = EDGE_LOOP ( 'NONE', ( #2535, #1210, #2095, #4881 ) ) ;
#639 = DIRECTION ( 'NONE',  ( -1.000000000000000000, 0.000000000000000000, -0.000000000000000000 ) ) ;
#640 = EDGE_CURVE ( 'NONE', #4671, #7934, #6120, .T. ) ;
#641 = UNCERTAINTY_MEASURE_WITH_UNIT (LENGTH_MEASURE( 1.000000000000000082E-05 ), #2847, 'distance_accuracy_value', 'NONE');
#642 = ORIENTED_EDGE ( 'NONE', *, *, #2956, .T. ) ;
#643 = ORIENTED_EDGE ( 'NONE', *, *, #1387, .F. ) ;
#644 = CARTESIAN_POINT ( 'NONE',  ( 7.500000000000000000, 3.343074902771997259, 0.7500000000000006661 ) ) ;
#645 = CARTESIAN_POINT ( 'NONE',  ( 4.499999999999999112, 1.000000000000000000, -5.500000000000000000 ) ) ;
#646 = ORIENTED_EDGE ( 'NONE', *, *, #1419, .T. ) ;
#647 = PLANE ( 'NONE',  #9127 ) ;
#648 = LINE ( 'NONE', #3489, #3217 ) ;
#649 = CARTESIAN_POINT ( 'NONE',  ( 0.000000000000000000, 0.000000000000000000, 0.000000000000000000 ) ) ;
#650 = EDGE_CURVE ( 'NONE', #728, #5520, #6439, .T. ) ;
#651 = ORIENTED_EDGE ( 'NONE', *, *, #301, .T. ) ;
#652 = ADVANCED_FACE ( 'NONE', ( #547 ), #6350, .F. ) ;
#653 = ADVANCED_FACE ( 'NONE', ( #1929 ), #7549, .F. ) ;
#654 = VECTOR ( 'NONE', #5237, 1000.000000000000000 ) ;
#655 = EDGE_CURVE ( 'NONE', #8333, #7254, #3381, .T. ) ;
#656 = EDGE_CURVE ( 'NONE', #6688, #9105, #8411, .T. ) ;
#657 = CARTESIAN_POINT ( 'NONE',  ( 1.149999999999999689, 3.343074902771997259, 1.385369442620366832E-16 ) ) ;
#658 = DIRECTION ( 'NONE',  ( -1.000000000000000000, 0.000000000000000000, -0.000000000000000000 ) ) ;
#659 = EDGE_CURVE ( 'NONE', #5831, #2964, #1284, .T. ) ;
#660 = MECHANICAL_DESIGN_GEOMETRIC_PRESENTATION_REPRESENTATION (  '', ( #6438 ), #7468 ) ;
#661 = ORIENTED_EDGE ( 'NONE', *, *, #2290, .F. ) ;
#662 = DIRECTION ( 'NONE',  ( 0.000000000000000000, 0.000000000000000000, -1.000000000000000000 ) ) ;
#663 = EDGE_CURVE ( 'NONE', #8681, #5603, #6992, .T. ) ;
#664 = ORIENTED_EDGE ( 'NONE', *, *, #3591, .F. ) ;
#665 = CARTESIAN_POINT ( 'NONE',  ( 0.000000000000000000, 0.000000000000000000, 5.700000000000000178 ) ) ;
#666 = DIRECTION ( 'NONE',  ( 0.000000000000000000, -1.000000000000000000, -0.000000000000000000 ) ) ;
#667 = CARTESIAN_POINT ( 'NONE',  ( 0.000000000000000000, -7.635028842544401506, 0.8000000000000000444 ) ) ;
#668 = CARTESIAN_POINT ( 'NONE',  ( 4.336808689942015369E-15, 3.343074902771997259, -7.499999999999998224 ) ) ;
#669 = LINE ( 'NONE', #2627, #6066 ) ;
#670 =( NAMED_UNIT ( * ) SI_UNIT ( $, .STERADIAN. ) SOLID_ANGLE_UNIT ( ) );
#671 = VERTEX_POINT ( 'NONE', #4085 ) ;
#672 = LINE ( 'NONE', #1458, #8400 ) ;
#673 = ORIENTED_EDGE ( 'NONE', *, *, #365, .F. ) ;
#674 = VECTOR ( 'NONE', #3163, 1000.000000000000000 ) ;
#675 = ORIENTED_EDGE ( 'NONE', *, *, #1778, .F. ) ;
#676 = DIRECTION ( 'NONE',  ( 0.000000000000000000, 0.000000000000000000, 1.000000000000000000 ) ) ;
#677 = FACE_OUTER_BOUND ( 'NONE', #2138, .T. ) ;
#678 = DIRECTION ( 'NONE',  ( -0.000000000000000000, -1.000000000000000000, -0.000000000000000000 ) ) ;
#679 = CARTESIAN_POINT ( 'NONE',  ( -3.050000000000001155, 1.000000000000000000, 0.000000000000000000 ) ) ;
#680 = VERTEX_POINT ( 'NONE', #7638 ) ;
#681 = DIRECTION ( 'NONE',  ( 0.000000000000000000, 0.000000000000000000, -1.000000000000000000 ) ) ;
#682 = ORIENTED_EDGE ( 'NONE', *, *, #7602, .F. ) ;
#683 = ORIENTED_EDGE ( 'NONE', *, *, #6362, .F. ) ;
#684 = ORIENTED_EDGE ( 'NONE', *, *, #8977, .F. ) ;
#685 = CARTESIAN_POINT ( 'NONE',  ( 0.000000000000000000, 3.343074902771997259, 2.650000000000000799 ) ) ;
#686 = ORIENTED_EDGE ( 'NONE', *, *, #4773, .F. ) ;
#687 = CLOSED_SHELL ( 'NONE', ( #4889, #8847, #6815, #3829, #7893, #7316 ) ) ;
#688 = SURFACE_SIDE_STYLE ('',( #1521 ) ) ;
#689 = DIRECTION ( 'NONE',  ( 0.000000000000000000, 0.000000000000000000, 1.000000000000000000 ) ) ;
#690 = VECTOR ( 'NONE', #639, 1000.000000000000000 ) ;
#691 = SHAPE_DEFINITION_REPRESENTATION ( #1062, #464 ) ;
#692 = AXIS2_PLACEMENT_3D ( 'NONE', #3940, #2645, #504 ) ;
#693 = ORIENTED_EDGE ( 'NONE', *, *, #6493, .F. ) ;
#694 = AXIS2_PLACEMENT_3D ( 'NONE', #7291, #5314, #193 ) ;
#695 = AXIS2_PLACEMENT_3D ( 'NONE', #5915, #1736, #5127 ) ;
#696 = VECTOR ( 'NONE', #7038, 1000.000000000000000 ) ;
#697 = DIRECTION ( 'NONE',  ( 0.7071067811865474617, 0.000000000000000000, 0.7071067811865474617 ) ) ;
#698 = PRODUCT_DEFINITION ( 'UNKNOWN', '', #3152, #2154 ) ;
#699 = CARTESIAN_POINT ( 'NONE',  ( -7.499999999999997335, 6.299999999999999822, 6.878679656440357171 ) ) ;
#700 = FACE_OUTER_BOUND ( 'NONE', #970, .T. ) ;
#701 = COLOUR_RGB ( '',1.000000000000000000, 0.8117647058823529438, 0.5019607843137254832 ) ;
#702 = APPLICATION_CONTEXT ( 'automotive_design' ) ;
#703 = ORIENTED_EDGE ( 'NONE', *, *, #1612, .T. ) ;
#704 = VECTOR ( 'NONE', #7058, 1000.000000000000000 ) ;
#705 = CARTESIAN_POINT ( 'NONE',  ( -6.200000000000001066, 1.800000000000000266, -7.299999999999999822 ) ) ;
#706 = ADVANCED_FACE ( 'NONE', ( #4036 ), #8232, .F. ) ;
#707 = EDGE_CURVE ( 'NONE', #4272, #1670, #2683, .T. ) ;
#708 = LINE ( 'NONE', #57, #4280 ) ;
#709 = CARTESIAN_POINT ( 'NONE',  ( -7.500000000000000000, 1.000000000000000000, -0.7500000000000014433 ) ) ;
#710 = PRESENTATION_STYLE_ASSIGNMENT (( #2143 ) ) ;
#711 = CIRCLE ( 'NONE', #5164, 1.499999999999999556 ) ;
#712 = CARTESIAN_POINT ( 'NONE',  ( -5.699999999999999289, 1.000000000000000000, -2.650000000000001243 ) ) ;
#713 = VECTOR ( 'NONE', #4535, 1000.000000000000000 ) ;
#714 = DIRECTION ( 'NONE',  ( -0.000000000000000000, 1.000000000000000000, 0.000000000000000000 ) ) ;
#715 = VERTEX_POINT ( 'NONE', #9109 ) ;
#716 = CARTESIAN_POINT ( 'NONE',  ( 0.000000000000000000, 1.000000000000000000, -7.500000000000000000 ) ) ;
#717 = CIRCLE ( 'NONE', #1312, 1.499999999999999556 ) ;
#718 = EDGE_LOOP ( 'NONE', ( #7434, #292, #1248, #643 ) ) ;
#719 = PRODUCT_RELATED_PRODUCT_CATEGORY ( 'part', '', ( #4568 ) ) ;
#720 = VERTEX_POINT ( 'NONE', #4131 ) ;
#721 = LINE ( 'NONE', #895, #5801 ) ;
#722 = CARTESIAN_POINT ( 'NONE',  ( 4.499999999999999112, 1.000000000000000000, -4.500000000000001776 ) ) ;
#723 = CARTESIAN_POINT ( 'NONE',  ( 6.384746126859085392E-16, 3.343074902771997259, -2.649999999999999911 ) ) ;
#724 = CARTESIAN_POINT ( 'NONE',  ( 5.999999999999999112, 2.399999999999999467, 7.000000000000000000 ) ) ;
#725 = EDGE_LOOP ( 'NONE', ( #3618, #3643, #1068, #6386 ) ) ;
#726 = CARTESIAN_POINT ( 'NONE',  ( 4.749999999999998224, 6.799999999999999822, 4.750000000000000000 ) ) ;
#727 = CARTESIAN_POINT ( 'NONE',  ( 5.700000000000000178, 3.343074902771997259, 0.000000000000000000 ) ) ;
#728 = VERTEX_POINT ( 'NONE', #1973 ) ;
#729 = ORIENTED_EDGE ( 'NONE', *, *, #5957, .F. ) ;
#730 = VERTEX_POINT ( 'NONE', #7727 ) ;
#731 = CARTESIAN_POINT ( 'NONE',  ( 6.400019265698754012, 6.799999999999998046, -6.916670862416203214 ) ) ;
#732 = FACE_BOUND ( 'NONE', #506, .T. ) ;
#733 = CARTESIAN_POINT ( 'NONE',  ( -6.000000000000001776, 2.399999999999999467, 7.499999999999998224 ) ) ;
#734 = ORIENTED_EDGE ( 'NONE', *, *, #7329, .F. ) ;
#735 = DIRECTION ( 'NONE',  ( 1.000000000000000000, 0.000000000000000000, 4.818676322157799347E-16 ) ) ;
#736 = AXIS2_PLACEMENT_3D ( 'NONE', #7767, #5612, #9068 ) ;
#737 = PRODUCT_DEFINITION_SHAPE ( 'NONE', 'NONE',  #9161 ) ;
#738 = SURFACE_SIDE_STYLE ('',( #5712 ) ) ;
#739 = SHAPE_DEFINITION_REPRESENTATION ( #1562, #8680 ) ;
#740 = ORIENTED_EDGE ( 'NONE', *, *, #4125, .T. ) ;
#741 = ADVANCED_FACE ( 'NONE', ( #6218 ), #9070, .F. ) ;
#742 = CARTESIAN_POINT ( 'NONE',  ( 0.7500000000000008882, 0.000000000000000000, -5.700000000000000178 ) ) ;
#743 = CARTESIAN_POINT ( 'NONE',  ( -3.050000000000001155, 1.000000000000000000, 5.699999999999999289 ) ) ;
#744 = CARTESIAN_POINT ( 'NONE',  ( -0.7499999999999993339, 0.000000000000000000, -7.500000000000000000 ) ) ;
#745 = LINE ( 'NONE', #100, #6731 ) ;
#746 = ORIENTED_EDGE ( 'NONE', *, *, #5761, .F. ) ;
#747 = DIRECTION ( 'NONE',  ( 1.000000000000000000, 0.000000000000000000, 0.000000000000000000 ) ) ;
#748 = DIRECTION ( 'NONE',  ( -0.000000000000000000, 0.000000000000000000, -1.000000000000000000 ) ) ;
#749 = VECTOR ( 'NONE', #2996, 1000.000000000000000 ) ;
#750 = CARTESIAN_POINT ( 'NONE',  ( 5.500000000000000000, 1.000000000000000000, -4.500000000000001776 ) ) ;
#751 = ADVANCED_FACE ( 'NONE', ( #677 ), #2025, .T. ) ;
#752 = LINE ( 'NONE', #4375, #6042 ) ;
#753 = EDGE_CURVE ( 'NONE', #5622, #3798, #5564, .T. ) ;
#754 = VECTOR ( 'NONE', #8563, 1000.000000000000000 ) ;
#755 = PLANE ( 'NONE',  #4090 ) ;
#756 = ADVANCED_FACE ( 'NONE', ( #2637 ), #1375, .F. ) ;
#757 = SHAPE_REPRESENTATION_RELATIONSHIP ( 'NONE' , 'NONE' ,  #3369, #4806 ) ;
#758 = EDGE_LOOP ( 'NONE', ( #3318, #7682, #8278, #553 ) ) ;
#759 = LINE ( 'NONE', #6425, #120 ) ;
#760 = VECTOR ( 'NONE', #2307, 1000.000000000000000 ) ;
#761 = ORIENTED_EDGE ( 'NONE', *, *, #1876, .F. ) ;
#762 = UNCERTAINTY_MEASURE_WITH_UNIT (LENGTH_MEASURE( 1.000000000000000082E-05 ), #5251, 'distance_accuracy_value', 'NONE');
#763 = EDGE_CURVE ( 'NONE', #3613, #5531, #5481, .T. ) ;
#764 = EDGE_LOOP ( 'NONE', ( #5666, #7826, #9034, #7117 ) ) ;
#765 = PLANE ( 'NONE',  #8159 ) ;
#766 = LINE ( 'NONE', #7768, #4 ) ;
#767 = CARTESIAN_POINT ( 'NONE',  ( -3.049999999999998934, 1.000000000000000000, 0.000000000000000000 ) ) ;
#768 =( GEOMETRIC_REPRESENTATION_CONTEXT ( 3 ) GLOBAL_UNCERTAINTY_ASSIGNED_CONTEXT ( ( #8859 ) ) GLOBAL_UNIT_ASSIGNED_CONTEXT ( ( #6096, #1861, #8915 ) ) REPRESENTATION_CONTEXT ( 'NONE', 'WORKASPACE' ) );
#769 = CARTESIAN_POINT ( 'NONE',  ( 0.000000000000000000, 3.343074902771997259, -2.649999999999999911 ) ) ;
#770 = ORIENTED_EDGE ( 'NONE', *, *, #4761, .T. ) ;
#771 = EDGE_CURVE ( 'NONE', #5936, #2871, #7591, .T. ) ;
#772 = CARTESIAN_POINT ( 'NONE',  ( -6.000000000000000000, 6.800000000000000711, 6.999999999999999112 ) ) ;
#773 = CARTESIAN_POINT ( 'NONE',  ( 1.150000000000000355, 0.000000000000000000, 0.000000000000000000 ) ) ;
#774 = EDGE_CURVE ( 'NONE', #5189, #1036, #8327, .T. ) ;
#775 = VERTEX_POINT ( 'NONE', #7685 ) ;
#776 = AXIS2_PLACEMENT_3D ( 'NONE', #1213, #4058, #6877 ) ;
#777 = ORIENTED_EDGE ( 'NONE', *, *, #1340, .T. ) ;
#778 = CARTESIAN_POINT ( 'NONE',  ( -6.999999999999999112, 1.899999999999999911, -6.000000000000000000 ) ) ;
#779 = CARTESIAN_POINT ( 'NONE',  ( 5.699999999999999289, 1.000000000000000000, 4.549999999999999822 ) ) ;
#780 = CARTESIAN_POINT ( 'NONE',  ( -7.292893218813452094, 1.899999999999999911, 6.757359312880712565 ) ) ;
#781 = ORIENTED_EDGE ( 'NONE', *, *, #771, .F. ) ;
#782 = PRODUCT_DEFINITION_FORMATION_WITH_SPECIFIED_SOURCE ( 'ANY', '', #7374, .NOT_KNOWN. ) ;
#783 = FACE_OUTER_BOUND ( 'NONE', #951, .T. ) ;
#784 =( LENGTH_UNIT ( ) NAMED_UNIT ( * ) SI_UNIT ( .MILLI., .METRE. ) );
#785 = APPLICATION_PROTOCOL_DEFINITION ( 'draft international standard', 'automotive_design', 1998, #7524 ) ;
#786 = VERTEX_POINT ( 'NONE', #6430 ) ;
#787 = DIRECTION ( 'NONE',  ( 0.000000000000000000, -1.000000000000000000, 0.000000000000000000 ) ) ;
#788 = DIRECTION ( 'NONE',  ( 1.000000000000000000, -0.000000000000000000, 2.409338161078899674E-16 ) ) ;
#789 = DIRECTION ( 'NONE',  ( 0.000000000000000000, 0.000000000000000000, -1.000000000000000000 ) ) ;
#790 = CARTESIAN_POINT ( 'NONE',  ( 2.650000000000001243, 0.000000000000000000, 0.000000000000000000 ) ) ;
#791 = EDGE_LOOP ( 'NONE', ( #4531, #9081, #3480 ) ) ;
#792 = DIRECTION ( 'NONE',  ( 0.000000000000000000, 0.000000000000000000, 1.000000000000000000 ) ) ;
#793 = VERTEX_POINT ( 'NONE', #853 ) ;
#794 = LINE ( 'NONE', #7714, #2328 ) ;
#795 = MECHANICAL_DESIGN_GEOMETRIC_PRESENTATION_REPRESENTATION (  '', ( #4956 ), #6147 ) ;
#796 = AXIS2_PLACEMENT_3D ( 'NONE', #4912, #2762, #634 ) ;
#797 = CARTESIAN_POINT ( 'NONE',  ( -7.299999999999999822, 1.899999999999999911, 0.000000000000000000 ) ) ;
#798 =( LENGTH_UNIT ( ) NAMED_UNIT ( * ) SI_UNIT ( .MILLI., .METRE. ) );
#799 = PLANE ( 'NONE',  #3250 ) ;
#800 = ORIENTED_EDGE ( 'NONE', *, *, #3921, .F. ) ;
#801 = CARTESIAN_POINT ( 'NONE',  ( -0.7499999999999993339, 1.000000000000000000, -7.500000000000000000 ) ) ;
#802 = VERTEX_POINT ( 'NONE', #3702 ) ;
#803 = VECTOR ( 'NONE', #6048, 1000.000000000000000 ) ;
#804 = ORIENTED_EDGE ( 'NONE', *, *, #878, .F. ) ;
#805 = FACE_OUTER_BOUND ( 'NONE', #4248, .T. ) ;
#806 = LINE ( 'NONE', #944, #2515 ) ;
#807 = CARTESIAN_POINT ( 'NONE',  ( 0.000000000000000000, 5.799999999999999822, 0.000000000000000000 ) ) ;
#808 = SHAPE_REPRESENTATION ( 'SAM-M8Q-0-10_19', ( #2096 ), #4791 ) ;
#809 = CARTESIAN_POINT ( 'NONE',  ( 0.000000000000000000, 0.000000000000000000, 0.7499999999999991118 ) ) ;
#810 = ORIENTED_EDGE ( 'NONE', *, *, #3776, .F. ) ;
#811 = CARTESIAN_POINT ( 'NONE',  ( -3.050000000000001155, 1.000000000000000000, 7.499999999999999112 ) ) ;
#812 = DIRECTION ( 'NONE',  ( 0.000000000000000000, 1.000000000000000000, 0.000000000000000000 ) ) ;
#813 = AXIS2_PLACEMENT_3D ( 'NONE', #7978, #112, #6598 ) ;
#814 = ORIENTED_EDGE ( 'NONE', *, *, #494, .F. ) ;
#815 = EDGE_CURVE ( 'NONE', #2498, #5491, #5825, .T. ) ;
#816 = EDGE_LOOP ( 'NONE', ( #5779, #6214, #5859, #8761 ) ) ;
#817 = PLANE ( 'NONE',  #4820 ) ;
#818 = DIRECTION ( 'NONE',  ( -0.000000000000000000, -1.000000000000000000, 0.000000000000000000 ) ) ;
#819 = AXIS2_PLACEMENT_3D ( 'NONE', #3995, #1932, #6176 ) ;
#820 = DIRECTION ( 'NONE',  ( 1.000000000000000000, 0.000000000000000000, -0.000000000000000000 ) ) ;
#821 = VERTEX_POINT ( 'NONE', #2108 ) ;
#822 = CARTESIAN_POINT ( 'NONE',  ( 4.749999999999999112, 6.799999999999999822, -3.750000000000000000 ) ) ;
#823 = LINE ( 'NONE', #8429, #1145 ) ;
#824 = EDGE_CURVE ( 'NONE', #1559, #775, #5782, .T. ) ;
#825 = APPLICATION_PROTOCOL_DEFINITION ( 'draft international standard', 'automotive_design', 1998, #4981 ) ;
#826 = ORIENTED_EDGE ( 'NONE', *, *, #8376, .T. ) ;
#827 = VERTEX_POINT ( 'NONE', #4996 ) ;
#828 = PRODUCT_RELATED_PRODUCT_CATEGORY ( 'part', '', ( #2491 ) ) ;
#829 = CARTESIAN_POINT ( 'NONE',  ( 4.549999999999999822, 0.000000000000000000, -7.499999999999998224 ) ) ;
#830 = AXIS2_PLACEMENT_3D ( 'NONE', #2678, #6298, #590 ) ;
#831 = DIRECTION ( 'NONE',  ( 1.000000000000000000, 0.000000000000000000, -0.000000000000000000 ) ) ;
#832 = PRESENTATION_LAYER_ASSIGNMENT (  '', '', ( #4395 ) ) ;
#833 = FACE_OUTER_BOUND ( 'NONE', #4602, .T. ) ;
#834 = ORIENTED_EDGE ( 'NONE', *, *, #8528, .T. ) ;
#835 = LINE ( 'NONE', #5110, #1735 ) ;
#836 = VECTOR ( 'NONE', #2563, 1000.000000000000000 ) ;
#837 = VECTOR ( 'NONE', #5105, 1000.000000000000000 ) ;
#838 = FACE_OUTER_BOUND ( 'NONE', #457, .T. ) ;
#839 =( NAMED_UNIT ( * ) SI_UNIT ( $, .STERADIAN. ) SOLID_ANGLE_UNIT ( ) );
#840 = CIRCLE ( 'NONE', #1734, 0.4000000000000000777 ) ;
#841 = LINE ( 'NONE', #1368, #2321 ) ;
#842 = VECTOR ( 'NONE', #6249, 1000.000000000000000 ) ;
#843 = EDGE_CURVE ( 'NONE', #2449, #4112, #2998, .T. ) ;
#844 = DIRECTION ( 'NONE',  ( -0.000000000000000000, -1.000000000000000000, -0.000000000000000000 ) ) ;
#845 = CARTESIAN_POINT ( 'NONE',  ( 2.650000000000001243, 1.000000000000000000, -7.500000000000000000 ) ) ;
#846 = EDGE_LOOP ( 'NONE', ( #177, #6977, #5714, #2355 ) ) ;
#847 = CARTESIAN_POINT ( 'NONE',  ( -1.900000000000000133, 0.5000000000000000000, 1.899999999999999689 ) ) ;
#848 = EDGE_LOOP ( 'NONE', ( #1092, #338, #7963, #4849 ) ) ;
#849 = VERTEX_POINT ( 'NONE', #162 ) ;
#850 = LINE ( 'NONE', #3701, #749 ) ;
#851 = VECTOR ( 'NONE', #4123, 1000.000000000000000 ) ;
#852 = EDGE_CURVE ( 'NONE', #6363, #8244, #30, .T. ) ;
#853 = CARTESIAN_POINT ( 'NONE',  ( -5.700000000000000178, 1.000000000000000000, -1.150000000000000799 ) ) ;
#854 = DIRECTION ( 'NONE',  ( 0.000000000000000000, 0.000000000000000000, 1.000000000000000000 ) ) ;
#855 = CARTESIAN_POINT ( 'NONE',  ( -4.549999999999998934, 3.343074902771997259, -7.500000000000000888 ) ) ;
#856 =( REPRESENTATION_RELATIONSHIP ('NONE','NONE', #464, #2005 ) REPRESENTATION_RELATIONSHIP_WITH_TRANSFORMATION ( #2905 )SHAPE_REPRESENTATION_RELATIONSHIP( ) );
#857 = ORIENTED_EDGE ( 'NONE', *, *, #2116, .T. ) ;
#858 = DIRECTION ( 'NONE',  ( 0.000000000000000000, 1.000000000000000000, 0.000000000000000000 ) ) ;
#859 = VECTOR ( 'NONE', #8436, 1000.000000000000000 ) ;
#860 = CARTESIAN_POINT ( 'NONE',  ( 0.000000000000000000, 1.000000000000000000, 0.000000000000000000 ) ) ;
#861 = CONTEXT_DEPENDENT_SHAPE_REPRESENTATION ( #6604, #2883 ) ;
#862 = ORIENTED_EDGE ( 'NONE', *, *, #3065, .T. ) ;
#863 = ORIENTED_EDGE ( 'NONE', *, *, #8695, .F. ) ;
#864 =( BOUNDED_CURVE ( )  B_SPLINE_CURVE ( 3, ( #7639, #5615, #2026, #2731 ),
 .UNSPECIFIED., .F., .T. ) 
 B_SPLINE_CURVE_WITH_KNOTS ( ( 4, 4 ),
 ( 4.712388980384689674, 6.283185307179586232 ),
 .UNSPECIFIED. ) 
 CURVE ( )  GEOMETRIC_REPRESENTATION_ITEM ( )  RATIONAL_B_SPLINE_CURVE ( ( 1.000000000000000000, 0.8047378541243649375, 0.8047378541243649375, 1.000000000000000000 ) ) 
 REPRESENTATION_ITEM ( '' )  );
#865 = VECTOR ( 'NONE', #4120, 1000.000000000000000 ) ;
#866 = DIRECTION ( 'NONE',  ( -0.000000000000000000, -1.000000000000000000, 0.000000000000000000 ) ) ;
#867 = DIRECTION ( 'NONE',  ( -0.000000000000000000, -1.000000000000000000, -0.000000000000000000 ) ) ;
#868 = CARTESIAN_POINT ( 'NONE',  ( 4.749999999999999112, -7.635028842544401506, -3.750000000000000000 ) ) ;
#869 = ORIENTED_EDGE ( 'NONE', *, *, #8711, .F. ) ;
#870 = EDGE_CURVE ( 'NONE', #2241, #219, #8593, .T. ) ;
#871 = DIRECTION ( 'NONE',  ( -0.000000000000000000, -1.000000000000000000, -0.000000000000000000 ) ) ;
#872 = CYLINDRICAL_SURFACE ( 'NONE', #5604, 0.4000000000000000777 ) ;
#873 = PRODUCT_CONTEXT ( 'NONE', #6405, 'mechanical' ) ;
#874 = ORIENTED_EDGE ( 'NONE', *, *, #4473, .T. ) ;
#875 = ORIENTED_EDGE ( 'NONE', *, *, #454, .F. ) ;
#876 = APPLICATION_CONTEXT ( 'automotive_design' ) ;
#877 = CARTESIAN_POINT ( 'NONE',  ( 0.000000000000000000, 0.000000000000000000, 4.549999999999998934 ) ) ;
#878 = EDGE_CURVE ( 'NONE', #8065, #8171, #7209, .T. ) ;
#879 = VECTOR ( 'NONE', #2768, 1000.000000000000000 ) ;
#880 = DIRECTION ( 'NONE',  ( 0.000000000000000000, -0.000000000000000000, 1.000000000000000000 ) ) ;
#881 = FACE_OUTER_BOUND ( 'NONE', #4677, .T. ) ;
#882 = ORIENTED_EDGE ( 'NONE', *, *, #8741, .T. ) ;
#883 = LINE ( 'NONE', #7249, #4401 ) ;
#884 = EDGE_CURVE ( 'NONE', #4570, #793, #5652, .T. ) ;
#885 = DIRECTION ( 'NONE',  ( -1.000000000000000000, -0.000000000000000000, -4.818676322157799347E-16 ) ) ;
#886 = CARTESIAN_POINT ( 'NONE',  ( 6.000000000000000000, 6.800000000000000711, 6.999999999999999112 ) ) ;
#887 = DIRECTION ( 'NONE',  ( 0.000000000000000000, 0.000000000000000000, 1.000000000000000000 ) ) ;
#888 =( NAMED_UNIT ( * ) SI_UNIT ( $, .STERADIAN. ) SOLID_ANGLE_UNIT ( ) );
#889 = ORIENTED_EDGE ( 'NONE', *, *, #1583, .T. ) ;
#890 = DIRECTION ( 'NONE',  ( 1.000000000000000000, 0.000000000000000000, 1.204669080539449837E-16 ) ) ;
#891 = EDGE_CURVE ( 'NONE', #7560, #4960, #766, .T. ) ;
#892 = EDGE_LOOP ( 'NONE', ( #4134, #7616, #3970, #1501 ) ) ;
#893 = ADVANCED_FACE ( 'NONE', ( #2244 ), #3652, .F. ) ;
#894 = ORIENTED_EDGE ( 'NONE', *, *, #5682, .F. ) ;
#895 = CARTESIAN_POINT ( 'NONE',  ( 4.749999999999999112, -7.635028842544401506, 4.750000000000000000 ) ) ;
#896 = PRODUCT ( 'SAM-M8Q-0-10_7', 'SAM-M8Q-0-10_7', '', ( #2261 ) ) ;
#897 = DIRECTION ( 'NONE',  ( 1.000000000000000000, 0.000000000000000000, 0.000000000000000000 ) ) ;
#898 = DIRECTION ( 'NONE',  ( 1.000000000000000000, 0.000000000000000000, 0.000000000000000000 ) ) ;
#899 = CARTESIAN_POINT ( 'NONE',  ( 0.000000000000000000, 0.000000000000000000, -2.649999999999999911 ) ) ;
#900 = LINE ( 'NONE', #4527, #6206 ) ;
#901 = EDGE_CURVE ( 'NONE', #8875, #3219, #5084, .T. ) ;
#902 = ORIENTED_EDGE ( 'NONE', *, *, #6224, .F. ) ;
#903 = LINE ( 'NONE', #2161, #5327 ) ;
#904 = VECTOR ( 'NONE', #6168, 1000.000000000000000 ) ;
#905 = CARTESIAN_POINT ( 'NONE',  ( -4.750000000000000888, -7.635028842544401506, 3.750000000000000000 ) ) ;
#906 = ORIENTED_EDGE ( 'NONE', *, *, #4284, .T. ) ;
#907 = ORIENTED_EDGE ( 'NONE', *, *, #4747, .T. ) ;
#908 =( GEOMETRIC_REPRESENTATION_CONTEXT ( 3 ) GLOBAL_UNCERTAINTY_ASSIGNED_CONTEXT ( ( #4039 ) ) GLOBAL_UNIT_ASSIGNED_CONTEXT ( ( #4579, #3328, #1046 ) ) REPRESENTATION_CONTEXT ( 'NONE', 'WORKASPACE' ) );
#909 = ADVANCED_FACE ( 'NONE', ( #1505 ), #7938, .F. ) ;
#910 = FACE_OUTER_BOUND ( 'NONE', #2331, .T. ) ;
#911 = CARTESIAN_POINT ( 'NONE',  ( 4.550000000000000711, 1.000000000000000000, 0.000000000000000000 ) ) ;
#912 = LINE ( 'NONE', #6535, #2386 ) ;
#913 = ORIENTED_EDGE ( 'NONE', *, *, #3776, .T. ) ;
#914 = PLANE ( 'NONE',  #3969 ) ;
#915 = APPLICATION_PROTOCOL_DEFINITION ( 'draft international standard', 'automotive_design', 1998, #7219 ) ;
#916 = ORIENTED_EDGE ( 'NONE', *, *, #2944, .F. ) ;
#917 =( BOUNDED_SURFACE ( )  B_SPLINE_SURFACE ( 3, 3, ( 
 ( #290, #336, #6099, #3121 ),
 ( #5953, #6002, #383, #8767 ),
 ( #8812, #8072, #1725, #2471 ),
 ( #1084, #3916, #6740, #8483 ) ),
 .UNSPECIFIED., .F., .F., .T. ) 
 B_SPLINE_SURFACE_WITH_KNOTS ( ( 4, 4 ),
 ( 4, 4 ),
 ( 0.000000000000000000, 1.000000000000000000 ),
 ( 0.000000000000000000, 1.000000000000000000 ),
 .UNSPECIFIED. ) 
 GEOMETRIC_REPRESENTATION_ITEM ( )  RATIONAL_B_SPLINE_SURFACE ( (
 ( 1.000000000000000000, 0.8047378541243649375, 0.8047378541243649375, 1.000000000000000000),
 ( 0.8047378541243649375, 0.6476030138606876374, 0.6476030138606876374, 0.8047378541243649375),
 ( 0.8047378541243649375, 0.6476030138606876374, 0.6476030138606876374, 0.8047378541243649375),
 ( 1.000000000000000000, 0.8047378541243649375, 0.8047378541243649375, 1.000000000000000000) ) ) 
 REPRESENTATION_ITEM ( '' )  SURFACE ( )  );
#918 = ORIENTED_EDGE ( 'NONE', *, *, #1896, .T. ) ;
#919 = DIRECTION ( 'NONE',  ( 1.000000000000000000, 0.000000000000000000, 0.000000000000000000 ) ) ;
#920 = PRODUCT_DEFINITION_FORMATION_WITH_SPECIFIED_SOURCE ( 'ANY', '', #4568, .NOT_KNOWN. ) ;
#921 = PRODUCT_DEFINITION_SHAPE ( 'NONE', 'NONE',  #4023 ) ;
#922 = FACE_BOUND ( 'NONE', #556, .T. ) ;
#923 = LINE ( 'NONE', #279, #3024 ) ;
#924 = ORIENTED_EDGE ( 'NONE', *, *, #4729, .T. ) ;
#925 = FACE_OUTER_BOUND ( 'NONE', #1915, .T. ) ;
#926 = EDGE_CURVE ( 'NONE', #6900, #3718, #3744, .T. ) ;
#927 = EDGE_CURVE ( 'NONE', #8216, #4336, #7813, .T. ) ;
#928 = EDGE_CURVE ( 'NONE', #7576, #6923, #205, .T. ) ;
#929 = ADVANCED_FACE ( 'NONE', ( #3606 ), #73, .F. ) ;
#930 = LINE ( 'NONE', #7250, #5477 ) ;
#931 = ORIENTED_EDGE ( 'NONE', *, *, #8581, .F. ) ;
#932 = LINE ( 'NONE', #6647, #3973 ) ;
#933 = FILL_AREA_STYLE_COLOUR ( '', #1697 ) ;
#934 = DIRECTION ( 'NONE',  ( 1.000000000000000000, 0.000000000000000000, -8.673617379884034239E-17 ) ) ;
#935 = ORIENTED_EDGE ( 'NONE', *, *, #2398, .T. ) ;
#936 = ADVANCED_FACE ( 'NONE', ( #3565 ), #2203, .F. ) ;
#937 = CARTESIAN_POINT ( 'NONE',  ( -0.7499999999999995559, 0.000000000000000000, -5.700000000000000178 ) ) ;
#938 = ORIENTED_EDGE ( 'NONE', *, *, #7183, .F. ) ;
#939 = VERTEX_POINT ( 'NONE', #7161 ) ;
#940 = DIRECTION ( 'NONE',  ( 0.000000000000000000, 0.000000000000000000, -1.000000000000000000 ) ) ;
#941 = PRESENTATION_LAYER_ASSIGNMENT (  '', '', ( #4956 ) ) ;
#942 = VECTOR ( 'NONE', #4733, 1000.000000000000000 ) ;
#943 = CARTESIAN_POINT ( 'NONE',  ( 7.500000000000000000, 1.000000000000000000, 1.150000000000000133 ) ) ;
#944 = CARTESIAN_POINT ( 'NONE',  ( -4.750000000000000888, -7.635028842544401506, -4.750000000000000888 ) ) ;
#945 = PLANE ( 'NONE',  #7233 ) ;
#946 = SURFACE_SIDE_STYLE ('',( #3746 ) ) ;
#947 = EDGE_LOOP ( 'NONE', ( #8407, #931, #906, #4709 ) ) ;
#948 = DIRECTION ( 'NONE',  ( -0.000000000000000000, -1.000000000000000000, -0.000000000000000000 ) ) ;
#949 = LINE ( 'NONE', #3791, #8087 ) ;
#950 = VECTOR ( 'NONE', #527, 1000.000000000000000 ) ;
#951 = EDGE_LOOP ( 'NONE', ( #1554, #1818, #1044, #1586 ) ) ;
#952 = ORIENTED_EDGE ( 'NONE', *, *, #3556, .T. ) ;
#953 = CARTESIAN_POINT ( 'NONE',  ( -3.049999999999998934, 0.000000000000000000, 0.000000000000000000 ) ) ;
#954 = CARTESIAN_POINT ( 'NONE',  ( -7.650000000000002132, 0.000000000000000000, -7.650000000000002132 ) ) ;
#955 = CARTESIAN_POINT ( 'NONE',  ( 0.000000000000000000, 1.000000000000000000, -5.700000000000000178 ) ) ;
#956 = ORIENTED_EDGE ( 'NONE', *, *, #4139, .F. ) ;
#957 = DIRECTION ( 'NONE',  ( -1.000000000000000000, 0.000000000000000000, 0.000000000000000000 ) ) ;
#958 = LINE ( 'NONE', #6628, #3530 ) ;
#959 = PRODUCT_CONTEXT ( 'NONE', #5803, 'mechanical' ) ;
#960 = ORIENTED_EDGE ( 'NONE', *, *, #7202, .F. ) ;
#961 = ORIENTED_EDGE ( 'NONE', *, *, #6441, .T. ) ;
#962 = AXIS2_PLACEMENT_3D ( 'NONE', #8068, #3267, #4015 ) ;
#963 = CARTESIAN_POINT ( 'NONE',  ( -3.049999999999998934, 1.000000000000000000, -5.700000000000000178 ) ) ;
#964 = EDGE_CURVE ( 'NONE', #3396, #4165, #806, .T. ) ;
#965 = DIRECTION ( 'NONE',  ( -1.000000000000000000, 0.000000000000000000, -0.000000000000000000 ) ) ;
#966 = CARTESIAN_POINT ( 'NONE',  ( 3.049999999999999822, 0.000000000000000000, 7.500000000000000000 ) ) ;
#967 = DIRECTION ( 'NONE',  ( 1.000000000000000000, 0.000000000000000000, 0.000000000000000000 ) ) ;
#968 = CARTESIAN_POINT ( 'NONE',  ( -4.549999999999998934, 0.000000000000000000, -7.500000000000001776 ) ) ;
#969 = ORIENTED_EDGE ( 'NONE', *, *, #2229, .T. ) ;
#970 = EDGE_LOOP ( 'NONE', ( #6080, #6864, #5008, #84 ) ) ;
#971 = DIRECTION ( 'NONE',  ( -0.000000000000000000, -1.000000000000000000, -0.000000000000000000 ) ) ;
#972 = ORIENTED_EDGE ( 'NONE', *, *, #8873, .F. ) ;
#973 = CARTESIAN_POINT ( 'NONE',  ( 6.757359312880714342, 6.799999999999999822, 7.292893218813451206 ) ) ;
#974 = PLANE ( 'NONE',  #6744 ) ;
#975 = EDGE_CURVE ( 'NONE', #8643, #507, #7438, .T. ) ;
#976 = CARTESIAN_POINT ( 'NONE',  ( 7.500000000000000000, 1.000000000000000000, -4.549999999999998934 ) ) ;
#977 = CLOSED_SHELL ( 'NONE', ( #3663, #2754, #7632, #1663, #8742, #4200 ) ) ;
#978 = EDGE_CURVE ( 'NONE', #6804, #1745, #1089, .T. ) ;
#979 = ORIENTED_EDGE ( 'NONE', *, *, #1847, .F. ) ;
#980 = FACE_OUTER_BOUND ( 'NONE', #5802, .T. ) ;
#981 = VECTOR ( 'NONE', #4962, 1000.000000000000000 ) ;
#982 = VECTOR ( 'NONE', #5090, 1000.000000000000000 ) ;
#983 = AXIS2_PLACEMENT_3D ( 'NONE', #8517, #46, #4312 ) ;
#984 = ORIENTED_EDGE ( 'NONE', *, *, #4451, .F. ) ;
#985 = ORIENTED_EDGE ( 'NONE', *, *, #5651, .T. ) ;
#986 = DIRECTION ( 'NONE',  ( 2.409338161078899674E-16, 0.000000000000000000, -1.000000000000000000 ) ) ;
#987 = VECTOR ( 'NONE', #7194, 1000.000000000000000 ) ;
#988 = AXIS2_PLACEMENT_3D ( 'NONE', #9094, #13, #7053 ) ;
#989 = FACE_OUTER_BOUND ( 'NONE', #6111, .T. ) ;
#990 = CARTESIAN_POINT ( 'NONE',  ( -0.7500000000000002220, 1.000000000000000000, 5.700000000000000178 ) ) ;
#991 = PRESENTATION_STYLE_ASSIGNMENT (( #3128 ) ) ;
#992 = CARTESIAN_POINT ( 'NONE',  ( 4.549999999999999822, 1.000000000000000000, 5.700000000000000178 ) ) ;
#993 = EDGE_LOOP ( 'NONE', ( #200, #1000, #6758, #5240 ) ) ;
#994 = FACE_OUTER_BOUND ( 'NONE', #2423, .T. ) ;
#995 = CARTESIAN_POINT ( 'NONE',  ( 3.049999999999999822, 0.000000000000000000, 5.700000000000000178 ) ) ;
#996 = APPLICATION_CONTEXT ( 'automotive_design' ) ;
#997 = EDGE_LOOP ( 'NONE', ( #4727, #2006, #2433, #4614 ) ) ;
#998 = EDGE_CURVE ( 'NONE', #2946, #1724, #1685, .T. ) ;
#999 = PRODUCT_DEFINITION_SHAPE ( 'NONE', 'NONE',  #3733 ) ;
#1000 = ORIENTED_EDGE ( 'NONE', *, *, #2814, .F. ) ;
#1001 = DIRECTION ( 'NONE',  ( -0.000000000000000000, -1.000000000000000000, 0.000000000000000000 ) ) ;
#1002 = CARTESIAN_POINT ( 'NONE',  ( -3.049999999999998934, 0.000000000000000000, -7.500000000000000000 ) ) ;
#1003 = DIRECTION ( 'NONE',  ( -1.000000000000000000, -0.000000000000000000, 0.000000000000000000 ) ) ;
#1004 = FACE_OUTER_BOUND ( 'NONE', #4209, .T. ) ;
#1005 = AXIS2_PLACEMENT_3D ( 'NONE', #2050, #7746, #1484 ) ;
#1006 = ORIENTED_EDGE ( 'NONE', *, *, #3228, .F. ) ;
#1007 = CARTESIAN_POINT ( 'NONE',  ( -7.292893218813452094, 6.800000000000001599, -6.207106781186548794 ) ) ;
#1008 = STYLED_ITEM ( 'NONE', ( #991 ), #2744 ) ;
#1009 = LINE ( 'NONE', #2356, #3677 ) ;
#1010 = APPLICATION_PROTOCOL_DEFINITION ( 'draft international standard', 'automotive_design', 1998, #3385 ) ;
#1011 = ORIENTED_EDGE ( 'NONE', *, *, #928, .F. ) ;
#1012 = ADVANCED_FACE ( 'NONE', ( #3127 ), #7348, .T. ) ;
#1013 = ORIENTED_EDGE ( 'NONE', *, *, #246, .T. ) ;
#1014 = VECTOR ( 'NONE', #2453, 1000.000000000000000 ) ;
#1015 = LINE ( 'NONE', #1622, #8989 ) ;
#1016 = VECTOR ( 'NONE', #8819, 1000.000000000000000 ) ;
#1017 = DIRECTION ( 'NONE',  ( 0.000000000000000000, -0.000000000000000000, 1.000000000000000000 ) ) ;
#1018 = DIRECTION ( 'NONE',  ( -1.000000000000000000, 0.000000000000000000, 0.000000000000000000 ) ) ;
#1019 = DIRECTION ( 'NONE',  ( -1.000000000000000000, -0.000000000000000000, -0.000000000000000000 ) ) ;
#1020 = DIRECTION ( 'NONE',  ( 0.000000000000000000, 0.000000000000000000, 1.000000000000000000 ) ) ;
#1021 = DIRECTION ( 'NONE',  ( 0.000000000000000000, 0.000000000000000000, -1.000000000000000000 ) ) ;
#1022 = EDGE_LOOP ( 'NONE', ( #3182, #400, #734, #1426 ) ) ;
#1023 = ADVANCED_FACE ( 'NONE', ( #3173 ), #4525, .T. ) ;
#1024 = ADVANCED_BREP_SHAPE_REPRESENTATION ( '', ( #8955, #2096 ), #5960 ) ;
#1025 = AXIS2_PLACEMENT_3D ( 'NONE', #6610, #8677, #3083 ) ;
#1026 = DIRECTION ( 'NONE',  ( -0.000000000000000000, 0.000000000000000000, 1.000000000000000000 ) ) ;
#1027 = ADVANCED_FACE ( 'NONE', ( #1131 ), #3876, .F. ) ;
#1028 = ORIENTED_EDGE ( 'NONE', *, *, #2256, .F. ) ;
#1029 = CARTESIAN_POINT ( 'NONE',  ( 0.000000000000000000, 1.000000000000000000, 5.700000000000000178 ) ) ;
#1030 = CARTESIAN_POINT ( 'NONE',  ( 3.050000000000002043, 0.000000000000000000, -7.499999999999998224 ) ) ;
#1031 = DIRECTION ( 'NONE',  ( -5.782411586589354681E-16, 0.000000000000000000, 1.000000000000000000 ) ) ;
#1032 = DIRECTION ( 'NONE',  ( 1.000000000000000000, 0.000000000000000000, 0.000000000000000000 ) ) ;
#1033 = EDGE_LOOP ( 'NONE', ( #3390, #664, #5273, #3039 ) ) ;
#1034 = DIRECTION ( 'NONE',  ( -0.000000000000000000, 0.000000000000000000, 1.000000000000000000 ) ) ;
#1035 =( REPRESENTATION_RELATIONSHIP ('NONE','NONE', #464, #7150 ) REPRESENTATION_RELATIONSHIP_WITH_TRANSFORMATION ( #4047 )SHAPE_REPRESENTATION_RELATIONSHIP( ) );
#1036 = VERTEX_POINT ( 'NONE', #990 ) ;
#1037 = ORIENTED_EDGE ( 'NONE', *, *, #8197, .F. ) ;
#1038 = DIRECTION ( 'NONE',  ( -1.000000000000000000, 0.000000000000000000, 0.000000000000000000 ) ) ;
#1039 = ADVANCED_FACE ( 'NONE', ( #3786 ), #1776, .T. ) ;
#1040 = CARTESIAN_POINT ( 'NONE',  ( 0.000000000000000000, 0.000000000000000000, 0.000000000000000000 ) ) ;
#1041 = DIRECTION ( 'NONE',  ( -0.000000000000000000, -1.000000000000000000, 0.000000000000000000 ) ) ;
#1042 = FILL_AREA_STYLE ('',( #6702 ) ) ;
#1043 = CARTESIAN_POINT ( 'NONE',  ( -7.299999999999999822, 1.899999999999999911, -7.299999999999999822 ) ) ;
#1044 = ORIENTED_EDGE ( 'NONE', *, *, #6248, .T. ) ;
#1045 = CARTESIAN_POINT ( 'NONE',  ( 5.699999999999999289, 1.000000000000000000, 3.050000000000001599 ) ) ;
#1046 =( NAMED_UNIT ( * ) SI_UNIT ( $, .STERADIAN. ) SOLID_ANGLE_UNIT ( ) );
#1047 = DIRECTION ( 'NONE',  ( 0.000000000000000000, 0.000000000000000000, 1.000000000000000000 ) ) ;
#1048 = ORIENTED_EDGE ( 'NONE', *, *, #8515, .T. ) ;
#1049 = EDGE_CURVE ( 'NONE', #6871, #197, #4620, .T. ) ;
#1050 = ADVANCED_FACE ( 'NONE', ( #7301 ), #3976, .T. ) ;
#1051 = EDGE_CURVE ( 'NONE', #6914, #821, #1641, .T. ) ;
#1052 = VECTOR ( 'NONE', #8470, 1000.000000000000000 ) ;
#1053 = EDGE_LOOP ( 'NONE', ( #3045, #8870, #5340, #3680 ) ) ;
#1054 = CARTESIAN_POINT ( 'NONE',  ( -7.749999999999998224, 1.000000000000000000, 0.000000000000000000 ) ) ;
#1055 = CARTESIAN_POINT ( 'NONE',  ( 5.999999999999998224, 1.899999999999999689, 7.292893218813450318 ) ) ;
#1056 = DIRECTION ( 'NONE',  ( -0.000000000000000000, -1.000000000000000000, 0.000000000000000000 ) ) ;
#1057 = ADVANCED_FACE ( 'NONE', ( #295 ), #388, .F. ) ;
#1058 = DIRECTION ( 'NONE',  ( 0.000000000000000000, -0.000000000000000000, -1.000000000000000000 ) ) ;
#1059 = VECTOR ( 'NONE', #1437, 1000.000000000000000 ) ;
#1060 = ORIENTED_EDGE ( 'NONE', *, *, #3391, .F. ) ;
#1061 = EDGE_CURVE ( 'NONE', #8210, #5088, #342, .T. ) ;
#1062 = PRODUCT_DEFINITION_SHAPE ( 'NONE', 'NONE',  #698 ) ;
#1063 = CARTESIAN_POINT ( 'NONE',  ( 0.000000000000000000, 1.000000000000000000, 5.700000000000000178 ) ) ;
#1064 = PRESENTATION_LAYER_ASSIGNMENT (  '', '', ( #4622 ) ) ;
#1065 = LINE ( 'NONE', #4539, #7942 ) ;
#1066 = SHAPE_REPRESENTATION ( 'SAM-M8Q-0-10_23', ( #2096 ), #1233 ) ;
#1067 = APPLICATION_PROTOCOL_DEFINITION ( 'draft international standard', 'automotive_design', 1998, #4326 ) ;
#1068 = ORIENTED_EDGE ( 'NONE', *, *, #2914, .F. ) ;
#1069 = ORIENTED_EDGE ( 'NONE', *, *, #50, .T. ) ;
#1070 = CARTESIAN_POINT ( 'NONE',  ( 1.149999999999999911, 1.000000000000000000, 7.500000000000000000 ) ) ;
#1071 = CARTESIAN_POINT ( 'NONE',  ( -6.000000000000000000, 34.81320343559642794, 7.500000000000000000 ) ) ;
#1072 = LINE ( 'NONE', #2655, #5623 ) ;
#1073 = DIRECTION ( 'NONE',  ( -0.000000000000000000, -1.000000000000000000, -0.000000000000000000 ) ) ;
#1074 = FACE_BOUND ( 'NONE', #7179, .T. ) ;
#1075 = ORIENTED_EDGE ( 'NONE', *, *, #7223, .F. ) ;
#1076 = UNCERTAINTY_MEASURE_WITH_UNIT (LENGTH_MEASURE( 1.000000000000000082E-05 ), #8022, 'distance_accuracy_value', 'NONE');
#1077 = DIRECTION ( 'NONE',  ( -5.782411586589355667E-16, 0.000000000000000000, 1.000000000000000000 ) ) ;
#1078 = CARTESIAN_POINT ( 'NONE',  ( 6.000000000000000000, 6.592893218813451917, 7.500000000000000000 ) ) ;
#1079 = CARTESIAN_POINT ( 'NONE',  ( 4.749999999999999112, 5.799999999999999822, 4.750000000000000000 ) ) ;
#1080 = DIRECTION ( 'NONE',  ( -1.000000000000000000, 0.000000000000000000, -0.000000000000000000 ) ) ;
#1081 =( LENGTH_UNIT ( ) NAMED_UNIT ( * ) SI_UNIT ( .MILLI., .METRE. ) );
#1082 = VERTEX_POINT ( 'NONE', #8773 ) ;
#1083 = PRODUCT_DEFINITION_SHAPE ( 'NONE', 'NONE',  #5772 ) ;
#1084 = CARTESIAN_POINT ( 'NONE',  ( 6.000000000000000000, 2.399999999999999467, -7.500000000000000000 ) ) ;
#1085 = ORIENTED_EDGE ( 'NONE', *, *, #3349, .F. ) ;
#1086 = ORIENTED_EDGE ( 'NONE', *, *, #4189, .F. ) ;
#1087 = CARTESIAN_POINT ( 'NONE',  ( 7.500000000000000000, 1.000000000000000000, 2.650000000000000799 ) ) ;
#1088 = PLANE ( 'NONE',  #695 ) ;
#1089 = LINE ( 'NONE', #8033, #8572 ) ;
#1090 = CARTESIAN_POINT ( 'NONE',  ( 7.500000000000000000, 1.000000000000000000, -2.649999999999999911 ) ) ;
#1091 = FILL_AREA_STYLE_COLOUR ( '', #701 ) ;
#1092 = ORIENTED_EDGE ( 'NONE', *, *, #8417, .F. ) ;
#1093 = PLANE ( 'NONE',  #2051 ) ;
#1094 = LINE ( 'NONE', #8183, #6113 ) ;
#1095 = CARTESIAN_POINT ( 'NONE',  ( 0.000000000000000000, 5.799999999999999822, 0.8000000000000000444 ) ) ;
#1096 = EDGE_LOOP ( 'NONE', ( #2669, #3819, #581, #5131 ) ) ;
#1097 = ORIENTED_EDGE ( 'NONE', *, *, #5248, .F. ) ;
#1098 = CARTESIAN_POINT ( 'NONE',  ( 0.000000000000000000, 0.000000000000000000, 0.000000000000000000 ) ) ;
#1099 = FACE_OUTER_BOUND ( 'NONE', #4066, .T. ) ;
#1100 = LINE ( 'NONE', #8233, #2795 ) ;
#1101 = ORIENTED_EDGE ( 'NONE', *, *, #5788, .T. ) ;
#1102 = VECTOR ( 'NONE', #4501, 1000.000000000000000 ) ;
#1103 = LINE ( 'NONE', #409, #2473 ) ;
#1105 = EDGE_CURVE ( 'NONE', #541, #9056, #2339, .T. ) ;
#1104 = CARTESIAN_POINT ( 'NONE',  ( 0.000000000000000000, 1.000000000000000000, 7.500000000000000000 ) ) ;
#1106 = PRODUCT_CONTEXT ( 'NONE', #7040, 'mechanical' ) ;
#1107 = EDGE_CURVE ( 'NONE', #1468, #6451, #6800, .T. ) ;
#1108 = ORIENTED_EDGE ( 'NONE', *, *, #6964, .T. ) ;
#1109 = VERTEX_POINT ( 'NONE', #5868 ) ;
#1110 = DIRECTION ( 'NONE',  ( 1.000000000000000000, 0.000000000000000000, -0.000000000000000000 ) ) ;
#1111 = CARTESIAN_POINT ( 'NONE',  ( 6.000000000000000000, 1.899999999999999911, -6.999999999999999112 ) ) ;
#1112 = CARTESIAN_POINT ( 'NONE',  ( 5.700000000000000178, 1.000000000000000000, 0.000000000000000000 ) ) ;
#1113 = DIRECTION ( 'NONE',  ( 0.000000000000000000, 0.000000000000000000, -1.000000000000000000 ) ) ;
#1114 = DIRECTION ( 'NONE',  ( 0.000000000000000000, -0.000000000000000000, -1.000000000000000000 ) ) ;
#1115 = ORIENTED_EDGE ( 'NONE', *, *, #1704, .T. ) ;
#1116 = VECTOR ( 'NONE', #844, 1000.000000000000000 ) ;
#1117 = PRODUCT_DEFINITION ( 'UNKNOWN', '', #782, #6973 ) ;
#1118 = DIRECTION ( 'NONE',  ( 0.000000000000000000, -0.000000000000000000, -1.000000000000000000 ) ) ;
#1119 = VECTOR ( 'NONE', #1999, 1000.000000000000000 ) ;
#1120 = CARTESIAN_POINT ( 'NONE',  ( 0.000000000000000000, 6.800000000000000711, 6.999999999999999112 ) ) ;
#1121 = DIRECTION ( 'NONE',  ( -1.000000000000000000, 0.000000000000000000, -0.000000000000000000 ) ) ;
#1122 = CARTESIAN_POINT ( 'NONE',  ( -2.192497726581800266E-15, 1.000000000000000000, 4.550000000000001599 ) ) ;
#1123 = ORIENTED_EDGE ( 'NONE', *, *, #3553, .T. ) ;
#1124 = DIRECTION ( 'NONE',  ( -0.000000000000000000, 0.000000000000000000, 1.000000000000000000 ) ) ;
#1125 = ORIENTED_EDGE ( 'NONE', *, *, #2963, .T. ) ;
#1126 = ORIENTED_EDGE ( 'NONE', *, *, #8308, .T. ) ;
#1127 = VERTEX_POINT ( 'NONE', #6008 ) ;
#1128 = LINE ( 'NONE', #2380, #1207 ) ;
#1129 = EDGE_CURVE ( 'NONE', #5573, #2164, #2482, .T. ) ;
#1130 = CARTESIAN_POINT ( 'NONE',  ( -7.500000000000001776, 1.000000000000000000, 3.049999999999998934 ) ) ;
#1131 = FACE_OUTER_BOUND ( 'NONE', #5686, .T. ) ;
#1132 = DIRECTION ( 'NONE',  ( 1.000000000000000000, 0.000000000000000000, 5.782411586589355667E-16 ) ) ;
#1133 = CARTESIAN_POINT ( 'NONE',  ( -5.700000000000000178, 0.000000000000000000, 1.149999999999998801 ) ) ;
#1134 = VERTEX_POINT ( 'NONE', #7988 ) ;
#1135 = FACE_OUTER_BOUND ( 'NONE', #3218, .T. ) ;
#1136 = VECTOR ( 'NONE', #8778, 1000.000000000000000 ) ;
#1137 = CARTESIAN_POINT ( 'NONE',  ( 0.000000000000000000, 0.000000000000000000, -4.550000000000000711 ) ) ;
#1138 = CARTESIAN_POINT ( 'NONE',  ( 5.700000000000000178, 1.000000000000000000, 1.150000000000000133 ) ) ;
#1139 = ORIENTED_EDGE ( 'NONE', *, *, #2349, .T. ) ;
#1140 = CIRCLE ( 'NONE', #7666, 0.5000000000000004441 ) ;
#1141 = EDGE_CURVE ( 'NONE', #7815, #5054, #5417, .T. ) ;
#1142 = VECTOR ( 'NONE', #582, 1000.000000000000000 ) ;
#1143 = ORIENTED_EDGE ( 'NONE', *, *, #4899, .F. ) ;
#1144 = CARTESIAN_POINT ( 'NONE',  ( 2.650000000000000355, 0.000000000000000000, 7.500000000000000000 ) ) ;
#1145 = VECTOR ( 'NONE', #9083, 1000.000000000000000 ) ;
#1146 = ADVANCED_BREP_SHAPE_REPRESENTATION ( '', ( #2744, #2096 ), #4791 ) ;
#1147 = CARTESIAN_POINT ( 'NONE',  ( 6.000000000000000000, 2.399999999999999467, 7.499999999999998224 ) ) ;
#1148 = CARTESIAN_POINT ( 'NONE',  ( -2.649999999999999467, 3.343074902771997259, 0.000000000000000000 ) ) ;
#1149 = LINE ( 'NONE', #3241, #7128 ) ;
#1150 = UNCERTAINTY_MEASURE_WITH_UNIT (LENGTH_MEASURE( 1.000000000000000082E-05 ), #4185, 'distance_accuracy_value', 'NONE');
#1151 = PRODUCT_DEFINITION_CONTEXT ( 'detailed design', #8452, 'design' ) ;
#1152 = EDGE_LOOP ( 'NONE', ( #3563, #918, #4907, #6843 ) ) ;
#1153 = VECTOR ( 'NONE', #1219, 1000.000000000000000 ) ;
#1154 = CARTESIAN_POINT ( 'NONE',  ( 0.000000000000000000, 0.000000000000000000, 0.000000000000000000 ) ) ;
#1155 = PLANE ( 'NONE',  #4862 ) ;
#1156 = ORIENTED_EDGE ( 'NONE', *, *, #7204, .T. ) ;
#1157 = ORIENTED_EDGE ( 'NONE', *, *, #8296, .T. ) ;
#1158 = CARTESIAN_POINT ( 'NONE',  ( -0.7500000000000002220, 1.000000000000000000, 5.700000000000000178 ) ) ;
#1159 = VECTOR ( 'NONE', #9005, 1000.000000000000000 ) ;
#1160 = EDGE_CURVE ( 'NONE', #7164, #9063, #6107, .T. ) ;
#1161 = CARTESIAN_POINT ( 'NONE',  ( 5.700000000000000178, 1.000000000000000000, 2.650000000000000799 ) ) ;
#1162 = VECTOR ( 'NONE', #5182, 1000.000000000000000 ) ;
#1163 = DIRECTION ( 'NONE',  ( 1.204669080539449837E-16, 0.000000000000000000, -1.000000000000000000 ) ) ;
#1164 = CARTESIAN_POINT ( 'NONE',  ( 0.000000000000000000, 1.000000000000000000, 0.000000000000000000 ) ) ;
#1165 = CARTESIAN_POINT ( 'NONE',  ( -2.650000000000000355, 0.000000000000000000, 7.500000000000000000 ) ) ;
#1166 = DIRECTION ( 'NONE',  ( 1.000000000000000000, 0.000000000000000000, 0.000000000000000000 ) ) ;
#1167 = VECTOR ( 'NONE', #4004, 1000.000000000000000 ) ;
#1168 = CARTESIAN_POINT ( 'NONE',  ( 7.500000000000000000, 0.000000000000000000, -4.549999999999998934 ) ) ;
#1169 = VERTEX_POINT ( 'NONE', #4025 ) ;
#1170 = STYLED_ITEM ( 'NONE', ( #5418 ), #2796 ) ;
#1171 = EDGE_CURVE ( 'NONE', #8092, #9117, #439, .T. ) ;
#1172 = DIRECTION ( 'NONE',  ( 0.000000000000000000, 0.000000000000000000, -1.000000000000000000 ) ) ;
#1173 = EDGE_CURVE ( 'NONE', #8779, #3018, #8223, .T. ) ;
#1174 = DIRECTION ( 'NONE',  ( -1.000000000000000000, 0.000000000000000000, -0.000000000000000000 ) ) ;
#1175 = DIRECTION ( 'NONE',  ( -0.000000000000000000, -1.000000000000000000, -0.000000000000000000 ) ) ;
#1176 = CARTESIAN_POINT ( 'NONE',  ( -7.500000000000000000, 0.000000000000000000, -0.7500000000000015543 ) ) ;
#1177 = EDGE_CURVE ( 'NONE', #1227, #2853, #6260, .T. ) ;
#1178 = ORIENTED_EDGE ( 'NONE', *, *, #8408, .T. ) ;
#1179 = LINE ( 'NONE', #6053, #6470 ) ;
#1180 = ORIENTED_EDGE ( 'NONE', *, *, #2293, .T. ) ;
#1181 = EDGE_LOOP ( 'NONE', ( #4220, #7649, #3249, #2253 ) ) ;
#1182 = CARTESIAN_POINT ( 'NONE',  ( -6.200000000000001066, 1.899999999999999911, -7.299999999999998934 ) ) ;
#1183 = APPLICATION_CONTEXT ( 'automotive_design' ) ;
#1184 = DIRECTION ( 'NONE',  ( -0.000000000000000000, -1.000000000000000000, -0.000000000000000000 ) ) ;
#1185 = CARTESIAN_POINT ( 'NONE',  ( 7.500000000000000000, 1.000000000000000000, 0.000000000000000000 ) ) ;
#1186 = SURFACE_STYLE_USAGE ( .BOTH. , #4669 ) ;
#1187 = CARTESIAN_POINT ( 'NONE',  ( 0.7500000000000011102, 1.000000000000000000, -7.500000000000000000 ) ) ;
#1188 = VECTOR ( 'NONE', #9027, 1000.000000000000000 ) ;
#1189 = EDGE_LOOP ( 'NONE', ( #1101, #2068, #2080, #7619 ) ) ;
#1190 = CARTESIAN_POINT ( 'NONE',  ( -7.499999999999998224, 3.343074902771997259, -4.550000000000000711 ) ) ;
#1191 = LINE ( 'NONE', #4077, #2027 ) ;
#1192 = ADVANCED_FACE ( 'NONE', ( #6348 ), #9108, .F. ) ;
#1193 = EDGE_LOOP ( 'NONE', ( #5877, #1638, #4295, #4144 ) ) ;
#1194 = EDGE_CURVE ( 'NONE', #3384, #7370, #3359, .T. ) ;
#1195 = ORIENTED_EDGE ( 'NONE', *, *, #1317, .T. ) ;
#1196 = CARTESIAN_POINT ( 'NONE',  ( -2.650000000000000355, 0.000000000000000000, 7.500000000000000000 ) ) ;
#1197 = EDGE_CURVE ( 'NONE', #8052, #7974, #4869, .T. ) ;
#1198 = CARTESIAN_POINT ( 'NONE',  ( 0.000000000000000000, 6.799999999999999822, 4.750000000000000000 ) ) ;
#1199 = CARTESIAN_POINT ( 'NONE',  ( -3.049999999999998934, 3.343074902771997259, -7.500000000000000000 ) ) ;
#1200 = LINE ( 'NONE', #5483, #8901 ) ;
#1201 = ORIENTED_EDGE ( 'NONE', *, *, #6412, .F. ) ;
#1202 = PLANE ( 'NONE',  #2175 ) ;
#1203 = DIRECTION ( 'NONE',  ( 0.000000000000000000, -0.000000000000000000, 1.000000000000000000 ) ) ;
#1204 = CONTEXT_DEPENDENT_SHAPE_REPRESENTATION ( #4685, #3488 ) ;
#1205 = ORIENTED_EDGE ( 'NONE', *, *, #195, .T. ) ;
#1206 = ORIENTED_EDGE ( 'NONE', *, *, #852, .T. ) ;
#1207 = VECTOR ( 'NONE', #339, 1000.000000000000000 ) ;
#1208 = FACE_OUTER_BOUND ( 'NONE', #7435, .T. ) ;
#1209 = LINE ( 'NONE', #8375, #5212 ) ;
#1210 = ORIENTED_EDGE ( 'NONE', *, *, #3750, .T. ) ;
#1211 = CARTESIAN_POINT ( 'NONE',  ( -7.299999999999999822, 1.800000000000000266, -6.200000000000001066 ) ) ;
#1212 = FILL_AREA_STYLE_COLOUR ( '', #3812 ) ;
#1213 = CARTESIAN_POINT ( 'NONE',  ( 0.000000000000000000, 0.000000000000000000, 0.000000000000000000 ) ) ;
#1214 = LINE ( 'NONE', #4059, #2775 ) ;
#1215 = ORIENTED_EDGE ( 'NONE', *, *, #3835, .F. ) ;
#1216 = PRODUCT ( 'SAM-M8Q-0-10_10', 'SAM-M8Q-0-10_10', '', ( #1106 ) ) ;
#1217 = CARTESIAN_POINT ( 'NONE',  ( 0.7500000000000011102, 3.343074902771997259, -7.500000000000000000 ) ) ;
#1218 = PRESENTATION_LAYER_ASSIGNMENT (  '', '', ( #2239 ) ) ;
#1219 = DIRECTION ( 'NONE',  ( -1.000000000000000000, 0.000000000000000000, -5.782411586589363555E-16 ) ) ;
#1220 = EDGE_CURVE ( 'NONE', #793, #6916, #1411, .T. ) ;
#1221 = DIRECTION ( 'NONE',  ( 0.000000000000000000, 0.000000000000000000, 1.000000000000000000 ) ) ;
#1222 = ADVANCED_FACE ( 'NONE', ( #1332 ), #8410, .F. ) ;
#1223 = DIRECTION ( 'NONE',  ( -1.000000000000000000, 0.000000000000000000, -0.000000000000000000 ) ) ;
#1224 = VERTEX_POINT ( 'NONE', #5650 ) ;
#1225 = DIRECTION ( 'NONE',  ( -0.000000000000000000, -0.000000000000000000, 1.000000000000000000 ) ) ;
#1226 = EDGE_CURVE ( 'NONE', #5639, #6433, #5480, .T. ) ;
#1227 = VERTEX_POINT ( 'NONE', #8979 ) ;
#1228 =( BOUNDED_CURVE ( )  B_SPLINE_CURVE ( 3, ( #7570, #3352, #3263, #6785 ),
 .UNSPECIFIED., .F., .T. ) 
 B_SPLINE_CURVE_WITH_KNOTS ( ( 4, 4 ),
 ( 0.000000000000000000, 1.000000000000000000 ),
 .UNSPECIFIED. ) 
 CURVE ( )  GEOMETRIC_REPRESENTATION_ITEM ( )  RATIONAL_B_SPLINE_CURVE ( ( 1.000000000000000000, 0.8047378541243652705, 0.8047378541243652705, 1.000000000000000000 ) ) 
 REPRESENTATION_ITEM ( '' )  );
#1229 = EDGE_LOOP ( 'NONE', ( #1344, #8939, #5460, #1355 ) ) ;
#1230 = CARTESIAN_POINT ( 'NONE',  ( -0.7500000000000002220, 1.000000000000000000, 7.500000000000000000 ) ) ;
#1231 = DIRECTION ( 'NONE',  ( -0.000000000000000000, 1.000000000000000000, 0.000000000000000000 ) ) ;
#1232 = DIRECTION ( 'NONE',  ( 1.000000000000000000, -0.000000000000000000, 1.204669080539449837E-16 ) ) ;
#1233 =( GEOMETRIC_REPRESENTATION_CONTEXT ( 3 ) GLOBAL_UNCERTAINTY_ASSIGNED_CONTEXT ( ( #7810 ) ) GLOBAL_UNIT_ASSIGNED_CONTEXT ( ( #5989, #5399, #4553 ) ) REPRESENTATION_CONTEXT ( 'NONE', 'WORKASPACE' ) );
#1234 = CARTESIAN_POINT ( 'NONE',  ( 7.750000000000001776, 1.899999999999999911, 7.750000000000000000 ) ) ;
#1235 = CARTESIAN_POINT ( 'NONE',  ( 4.500000000000000888, 1.000000000000000000, 5.499999999999998224 ) ) ;
#1236 = CARTESIAN_POINT ( 'NONE',  ( 7.292893218813452094, 6.800000000000000711, -5.999999999999998224 ) ) ;
#1237 = ORIENTED_EDGE ( 'NONE', *, *, #3770, .F. ) ;
#1238 = PRODUCT_RELATED_PRODUCT_CATEGORY ( 'part', '', ( #262 ) ) ;
#1239 = VERTEX_POINT ( 'NONE', #6991 ) ;
#1240 = LINE ( 'NONE', #9026, #3262 ) ;
#1241 = CARTESIAN_POINT ( 'NONE',  ( 0.000000000000000000, 1.000000000000000000, -0.7499999999999997780 ) ) ;
#1242 = CARTESIAN_POINT ( 'NONE',  ( 0.000000000000000000, 5.799999999999999822, 0.000000000000000000 ) ) ;
#1243 = DIRECTION ( 'NONE',  ( 5.782411586589363555E-16, 0.000000000000000000, -1.000000000000000000 ) ) ;
#1244 = ORIENTED_EDGE ( 'NONE', *, *, #6553, .F. ) ;
#1245 = DIRECTION ( 'NONE',  ( -1.000000000000000000, 0.000000000000000000, 0.000000000000000000 ) ) ;
#1246 = DIRECTION ( 'NONE',  ( 0.000000000000000000, 0.000000000000000000, 1.000000000000000000 ) ) ;
#1247 = ORIENTED_EDGE ( 'NONE', *, *, #5843, .T. ) ;
#1248 = ORIENTED_EDGE ( 'NONE', *, *, #6044, .F. ) ;
#1249 = CYLINDRICAL_SURFACE ( 'NONE', #6034, 0.5000000000000004441 ) ;
#1250 = AXIS2_PLACEMENT_3D ( 'NONE', #3400, #6234, #8157 ) ;
#1251 = VECTOR ( 'NONE', #2910, 1000.000000000000000 ) ;
#1252 = LINE ( 'NONE', #8423, #2548 ) ;
#1253 = EDGE_CURVE ( 'NONE', #3227, #6677, #3379, .T. ) ;
#1254 = ORIENTED_EDGE ( 'NONE', *, *, #1497, .F. ) ;
#1255 = DIRECTION ( 'NONE',  ( -1.000000000000000000, 0.000000000000000000, 0.000000000000000000 ) ) ;
#1256 = FILL_AREA_STYLE ('',( #1212 ) ) ;
#1257 = LINE ( 'NONE', #6188, #1985 ) ;
#1258 = DIRECTION ( 'NONE',  ( 0.000000000000000000, 0.000000000000000000, 1.000000000000000000 ) ) ;
#1259 = ORIENTED_EDGE ( 'NONE', *, *, #5769, .F. ) ;
#1260 = VECTOR ( 'NONE', #239, 999.9999999999998863 ) ;
#1261 = EDGE_CURVE ( 'NONE', #5054, #1750, #6859, .T. ) ;
#1262 = CARTESIAN_POINT ( 'NONE',  ( 0.000000000000000000, 6.799999999999999822, 0.8000000000000000444 ) ) ;
#1263 = DIRECTION ( 'NONE',  ( -1.000000000000000000, 0.000000000000000000, 0.000000000000000000 ) ) ;
#1264 = CARTESIAN_POINT ( 'NONE',  ( -7.500000000000000000, 34.81320343559642794, 6.000000000000000000 ) ) ;
#1265 = LINE ( 'NONE', #613, #3338 ) ;
#1266 = MECHANICAL_DESIGN_GEOMETRIC_PRESENTATION_REPRESENTATION (  '', ( #8512 ), #4373 ) ;
#1267 = ORIENTED_EDGE ( 'NONE', *, *, #3958, .T. ) ;
#1268 = DIRECTION ( 'NONE',  ( 1.000000000000000000, 0.000000000000000000, 0.000000000000000000 ) ) ;
#1269 = ORIENTED_EDGE ( 'NONE', *, *, #6132, .T. ) ;
#1270 = VERTEX_POINT ( 'NONE', #632 ) ;
#1271 = CARTESIAN_POINT ( 'NONE',  ( -7.500000000000001776, 0.000000000000000000, 4.549999999999998934 ) ) ;
#1272 = AXIS2_PLACEMENT_3D ( 'NONE', #6718, #4589, #4640 ) ;
#1273 = CARTESIAN_POINT ( 'NONE',  ( -3.050000000000001155, 0.000000000000000000, 7.499999999999999112 ) ) ;
#1274 = PRESENTATION_STYLE_ASSIGNMENT (( #4116 ) ) ;
#1275 = EDGE_CURVE ( 'NONE', #7567, #6795, #1240, .T. ) ;
#1276 = CARTESIAN_POINT ( 'NONE',  ( -7.500000000000001776, 0.000000000000000000, 4.549999999999998934 ) ) ;
#1277 = DIRECTION ( 'NONE',  ( -0.000000000000000000, 0.000000000000000000, 1.000000000000000000 ) ) ;
#1278 = VERTEX_POINT ( 'NONE', #4212 ) ;
#1279 = DIRECTION ( 'NONE',  ( 0.000000000000000000, 0.000000000000000000, 1.000000000000000000 ) ) ;
#1280 = ORIENTED_EDGE ( 'NONE', *, *, #5274, .F. ) ;
#1281 = VERTEX_POINT ( 'NONE', #2682 ) ;
#1282 = LINE ( 'NONE', #4130, #8305 ) ;
#1283 = UNCERTAINTY_MEASURE_WITH_UNIT (LENGTH_MEASURE( 1.000000000000000082E-05 ), #5641, 'distance_accuracy_value', 'NONE');
#1284 = LINE ( 'NONE', #3513, #60 ) ;
#1285 = CARTESIAN_POINT ( 'NONE',  ( 2.650000000000000355, 0.000000000000000000, 5.700000000000000178 ) ) ;
#1286 = VECTOR ( 'NONE', #3166, 1000.000000000000000 ) ;
#1287 = CARTESIAN_POINT ( 'NONE',  ( 5.700000000000000178, 1.000000000000000000, 0.000000000000000000 ) ) ;
#1288 = MECHANICAL_DESIGN_GEOMETRIC_PRESENTATION_REPRESENTATION (  '', ( #394 ), #1718 ) ;
#1289 = EDGE_LOOP ( 'NONE', ( #5490, #396, #7872, #1995 ) ) ;
#1290 = LINE ( 'NONE', #7774, #5302 ) ;
#1291 = CLOSED_SHELL ( 'NONE', ( #2180, #4630, #4068, #5454, #90, #5035 ) ) ;
#1292 = ADVANCED_FACE ( 'NONE', ( #498 ), #1374, .T. ) ;
#1293 = ORIENTED_EDGE ( 'NONE', *, *, #6508, .T. ) ;
#1294 = AXIS2_PLACEMENT_3D ( 'NONE', #3437, #3483, #6311 ) ;
#1295 = AXIS2_PLACEMENT_3D ( 'NONE', #5787, #5231, #2955 ) ;
#1296 = ORIENTED_EDGE ( 'NONE', *, *, #8580, .T. ) ;
#1297 = DIRECTION ( 'NONE',  ( 0.000000000000000000, -0.000000000000000000, -1.000000000000000000 ) ) ;
#1298 = VECTOR ( 'NONE', #8019, 1000.000000000000000 ) ;
#1299 = DIRECTION ( 'NONE',  ( -1.000000000000000000, -0.000000000000000000, 0.000000000000000000 ) ) ;
#1300 = AXIS2_PLACEMENT_3D ( 'NONE', #281, #468, #4504 ) ;
#1301 = EDGE_LOOP ( 'NONE', ( #69, #7027, #7811, #4537 ) ) ;
#1302 =( NAMED_UNIT ( * ) SI_UNIT ( $, .STERADIAN. ) SOLID_ANGLE_UNIT ( ) );
#1303 = CARTESIAN_POINT ( 'NONE',  ( -1.899999999999999689, 1.000000000000000000, -3.100000000000000977 ) ) ;
#1304 = ADVANCED_FACE ( 'NONE', ( #5524 ), #3471, .T. ) ;
#1305 = DIRECTION ( 'NONE',  ( 0.000000000000000000, 0.000000000000000000, 1.000000000000000000 ) ) ;
#1306 = ORIENTED_EDGE ( 'NONE', *, *, #4053, .T. ) ;
#1307 = EDGE_CURVE ( 'NONE', #9105, #3965, #3333, .T. ) ;
#1308 = AXIS2_PLACEMENT_3D ( 'NONE', #769, #7854, #2291 ) ;
#1309 = VECTOR ( 'NONE', #3076, 1000.000000000000000 ) ;
#1310 = PRODUCT_DEFINITION_CONTEXT ( 'detailed design', #1361, 'design' ) ;
#1311 = LINE ( 'NONE', #1120, #1878 ) ;
#1312 = AXIS2_PLACEMENT_3D ( 'NONE', #4387, #6573, #1600 ) ;
#1313 = DIRECTION ( 'NONE',  ( -0.000000000000000000, -1.000000000000000000, -0.000000000000000000 ) ) ;
#1314 = DIRECTION ( 'NONE',  ( -1.000000000000000000, -0.000000000000000000, -0.000000000000000000 ) ) ;
#1315 =( NAMED_UNIT ( * ) PLANE_ANGLE_UNIT ( ) SI_UNIT ( $, .RADIAN. ) );
#1316 = ORIENTED_EDGE ( 'NONE', *, *, #9121, .T. ) ;
#1317 = EDGE_CURVE ( 'NONE', #7558, #1894, #2636, .T. ) ;
#1318 = DIRECTION ( 'NONE',  ( -1.000000000000000000, 0.000000000000000000, 0.000000000000000000 ) ) ;
#1319 = AXIS2_PLACEMENT_3D ( 'NONE', #1609, #8043, #7271 ) ;
#1320 = VERTEX_POINT ( 'NONE', #7637 ) ;
#1321 = AXIS2_PLACEMENT_3D ( 'NONE', #1327, #7544, #3327 ) ;
#1322 = EDGE_CURVE ( 'NONE', #1754, #5637, #1282, .T. ) ;
#1323 = ORIENTED_EDGE ( 'NONE', *, *, #4391, .F. ) ;
#1324 = CARTESIAN_POINT ( 'NONE',  ( 0.000000000000000000, 0.000000000000000000, 7.500000000000000000 ) ) ;
#1325 = EDGE_CURVE ( 'NONE', #5177, #4112, #3425, .T. ) ;
#1326 = FACE_OUTER_BOUND ( 'NONE', #758, .T. ) ;
#1327 = CARTESIAN_POINT ( 'NONE',  ( -7.499999999999999112, 1.000000000000000000, -2.650000000000001688 ) ) ;
#1328 = ORIENTED_EDGE ( 'NONE', *, *, #5032, .T. ) ;
#1329 = CARTESIAN_POINT ( 'NONE',  ( -5.700000000000001066, 0.000000000000000000, 3.049999999999998934 ) ) ;
#1330 = ORIENTED_EDGE ( 'NONE', *, *, #3910, .T. ) ;
#1331 = ORIENTED_EDGE ( 'NONE', *, *, #8865, .T. ) ;
#1332 = FACE_OUTER_BOUND ( 'NONE', #8372, .T. ) ;
#1333 = DIRECTION ( 'NONE',  ( -0.000000000000000000, 1.000000000000000000, 0.000000000000000000 ) ) ;
#1334 = DIRECTION ( 'NONE',  ( -0.000000000000000000, -1.000000000000000000, -0.000000000000000000 ) ) ;
#1335 = VECTOR ( 'NONE', #2577, 1000.000000000000000 ) ;
#1336 = SURFACE_STYLE_FILL_AREA ( #9030 ) ;
#1337 = EDGE_CURVE ( 'NONE', #469, #3983, #3603, .T. ) ;
#1338 = ORIENTED_EDGE ( 'NONE', *, *, #4080, .F. ) ;
#1339 = LINE ( 'NONE', #2774, #5881 ) ;
#1340 = EDGE_CURVE ( 'NONE', #6677, #8100, #3742, .T. ) ;
#1341 = ADVANCED_FACE ( 'NONE', ( #5866 ), #6567, .F. ) ;
#1342 = CONTEXT_DEPENDENT_SHAPE_REPRESENTATION ( #9106, #8025 ) ;
#1343 = EDGE_CURVE ( 'NONE', #2571, #7554, #7985, .T. ) ;
#1344 = ORIENTED_EDGE ( 'NONE', *, *, #8624, .T. ) ;
#1345 = ORIENTED_EDGE ( 'NONE', *, *, #3835, .T. ) ;
#1346 = EDGE_CURVE ( 'NONE', #8036, #8045, #119, .T. ) ;
#1347 = FACE_BOUND ( 'NONE', #171, .T. ) ;
#1348 = EDGE_CURVE ( 'NONE', #4851, #605, #2242, .T. ) ;
#1349 = LINE ( 'NONE', #7698, #5660 ) ;
#1350 = ORIENTED_EDGE ( 'NONE', *, *, #9076, .T. ) ;
#1351 = FACE_OUTER_BOUND ( 'NONE', #6301, .T. ) ;
#1352 = EDGE_CURVE ( 'NONE', #8244, #7723, #4296, .T. ) ;
#1353 = CARTESIAN_POINT ( 'NONE',  ( 5.700000000000000178, 1.000000000000000000, 2.650000000000000799 ) ) ;
#1354 = DIRECTION ( 'NONE',  ( 1.000000000000000000, 0.000000000000000000, 0.000000000000000000 ) ) ;
#1355 = ORIENTED_EDGE ( 'NONE', *, *, #1348, .T. ) ;
#1356 = COLOUR_RGB ( '',1.000000000000000000, 0.8117647058823529438, 0.5019607843137254832 ) ;
#1357 = DIRECTION ( 'NONE',  ( 0.000000000000000000, -1.000000000000000000, -0.000000000000000000 ) ) ;
#1358 = AXIS2_PLACEMENT_3D ( 'NONE', #7395, #1038, #3831 ) ;
#1359 = CARTESIAN_POINT ( 'NONE',  ( -5.700000000000000178, 1.000000000000000000, 1.149999999999998801 ) ) ;
#1360 = CARTESIAN_POINT ( 'NONE',  ( 0.7500000000000011102, 1.000000000000000000, -7.500000000000000000 ) ) ;
#1361 = APPLICATION_CONTEXT ( 'automotive_design' ) ;
#1362 = EDGE_LOOP ( 'NONE', ( #3468, #3286, #1564, #4731 ) ) ;
#1363 = CARTESIAN_POINT ( 'NONE',  ( 4.549999999999999822, 0.000000000000000000, 7.500000000000000000 ) ) ;
#1364 = VECTOR ( 'NONE', #1899, 1000.000000000000000 ) ;
#1365 = ORIENTED_EDGE ( 'NONE', *, *, #4391, .T. ) ;
#1366 = COLOUR_RGB ( '',1.000000000000000000, 0.8117647058823529438, 0.5019607843137254832 ) ;
#1367 = DIRECTION ( 'NONE',  ( -1.000000000000000000, -0.000000000000000000, 8.673617379884034239E-17 ) ) ;
#1368 = CARTESIAN_POINT ( 'NONE',  ( 5.700000000000000178, 0.000000000000000000, 0.7500000000000005551 ) ) ;
#1369 = LINE ( 'NONE', #4204, #427 ) ;
#1370 = ORIENTED_EDGE ( 'NONE', *, *, #170, .F. ) ;
#1371 = LINE ( 'NONE', #4991, #2048 ) ;
#1372 = ORIENTED_EDGE ( 'NONE', *, *, #7710, .F. ) ;
#1373 = ORIENTED_EDGE ( 'NONE', *, *, #1049, .F. ) ;
#1374 = PLANE ( 'NONE',  #8427 ) ;
#1375 = PLANE ( 'NONE',  #3170 ) ;
#1376 = DIRECTION ( 'NONE',  ( 0.000000000000000000, -0.000000000000000000, 1.000000000000000000 ) ) ;
#1377 = CARTESIAN_POINT ( 'NONE',  ( -5.699999999999999289, 0.000000000000000000, -2.650000000000001243 ) ) ;
#1378 = EDGE_LOOP ( 'NONE', ( #7236, #6811, #5502, #629 ) ) ;
#1379 = DIRECTION ( 'NONE',  ( 1.000000000000000000, 0.000000000000000000, 5.782411586589360597E-16 ) ) ;
#1380 = ITEM_DEFINED_TRANSFORMATION ( 'NONE', 'NONE', #3004,  #2096 ) ;
#1381 = UNCERTAINTY_MEASURE_WITH_UNIT (LENGTH_MEASURE( 1.000000000000000082E-05 ), #1777, 'distance_accuracy_value', 'NONE');
#1382 = ORIENTED_EDGE ( 'NONE', *, *, #6136, .T. ) ;
#1383 = EDGE_LOOP ( 'NONE', ( #814, #1331, #8363, #6265 ) ) ;
#1384 = FACE_BOUND ( 'NONE', #7268, .T. ) ;
#1385 = CARTESIAN_POINT ( 'NONE',  ( 3.050000000000002043, 0.000000000000000000, 0.000000000000000000 ) ) ;
#1386 = EDGE_LOOP ( 'NONE', ( #406, #2403, #2152, #1382 ) ) ;
#1387 = EDGE_CURVE ( 'NONE', #2222, #8324, #1463, .T. ) ;
#1388 = EDGE_CURVE ( 'NONE', #7929, #3120, #2336, .T. ) ;
#1389 = CARTESIAN_POINT ( 'NONE',  ( -7.500000000000001776, 1.000000000000000000, 4.549999999999998934 ) ) ;
#1390 = FACE_OUTER_BOUND ( 'NONE', #1383, .T. ) ;
#1391 = APPLICATION_PROTOCOL_DEFINITION ( 'draft international standard', 'automotive_design', 1998, #702 ) ;
#1392 = ORIENTED_EDGE ( 'NONE', *, *, #4332, .T. ) ;
#1393 = VECTOR ( 'NONE', #6621, 1000.000000000000000 ) ;
#1394 = PLANE ( 'NONE',  #5024 ) ;
#1395 = CARTESIAN_POINT ( 'NONE',  ( 7.500000000000000000, 1.000000000000000000, 1.150000000000000133 ) ) ;
#1396 = CARTESIAN_POINT ( 'NONE',  ( -2.649999999999999467, 1.000000000000000000, -7.500000000000000000 ) ) ;
#1397 = ORIENTED_EDGE ( 'NONE', *, *, #5458, .F. ) ;
#1398 = PRODUCT_RELATED_PRODUCT_CATEGORY ( 'part', '', ( #5323 ) ) ;
#1399 = CARTESIAN_POINT ( 'NONE',  ( 7.649999999999998579, 1.000000000000000000, -7.650000000000002132 ) ) ;
#1400 = PRODUCT_DEFINITION_SHAPE ( 'NONE', 'NONE',  #9157 ) ;
#1401 = DIRECTION ( 'NONE',  ( 1.000000000000000000, 0.000000000000000000, 0.000000000000000000 ) ) ;
#1402 = CARTESIAN_POINT ( 'NONE',  ( -7.650000000000002132, 0.000000000000000000, -7.650000000000002132 ) ) ;
#1403 = CARTESIAN_POINT ( 'NONE',  ( -2.650000000000000355, 1.000000000000000000, 0.000000000000000000 ) ) ;
#1404 = PLANE ( 'NONE',  #1580 ) ;
#1405 = CARTESIAN_POINT ( 'NONE',  ( -7.500000000000000000, 1.000000000000000000, 0.7499999999999988898 ) ) ;
#1406 = ORIENTED_EDGE ( 'NONE', *, *, #2520, .F. ) ;
#1407 = DIRECTION ( 'NONE',  ( 0.000000000000000000, 0.000000000000000000, -1.000000000000000000 ) ) ;
#1408 = ORIENTED_EDGE ( 'NONE', *, *, #8188, .F. ) ;
#1409 = ADVANCED_FACE ( 'NONE', ( #5083 ), #7259, .T. ) ;
#1410 = ORIENTED_EDGE ( 'NONE', *, *, #8658, .F. ) ;
#1411 = LINE ( 'NONE', #1972, #5041 ) ;
#1412 = DIRECTION ( 'NONE',  ( -1.000000000000000000, 0.000000000000000000, -0.000000000000000000 ) ) ;
#1413 = DIRECTION ( 'NONE',  ( 0.000000000000000000, 0.000000000000000000, -1.000000000000000000 ) ) ;
#1414 = DIRECTION ( 'NONE',  ( 0.000000000000000000, 0.000000000000000000, 1.000000000000000000 ) ) ;
#1415 = ORIENTED_EDGE ( 'NONE', *, *, #3640, .T. ) ;
#1416 = DIRECTION ( 'NONE',  ( 0.000000000000000000, 0.000000000000000000, -1.000000000000000000 ) ) ;
#1417 = LINE ( 'NONE', #5697, #5739 ) ;
#1418 = CONTEXT_DEPENDENT_SHAPE_REPRESENTATION ( #8484, #4300 ) ;
#1419 = EDGE_CURVE ( 'NONE', #7254, #507, #721, .T. ) ;
#1420 = ORIENTED_EDGE ( 'NONE', *, *, #3960, .T. ) ;
#1421 = EDGE_LOOP ( 'NONE', ( #6541, #3176, #6488, #1672 ) ) ;
#1422 = EDGE_LOOP ( 'NONE', ( #2681, #7169, #3374, #6203 ) ) ;
#1423 = CARTESIAN_POINT ( 'NONE',  ( -5.700000000000000178, 1.000000000000000000, -1.150000000000000799 ) ) ;
#1424 = FACE_OUTER_BOUND ( 'NONE', #1981, .T. ) ;
#1425 = CARTESIAN_POINT ( 'NONE',  ( 7.500000000000000000, 1.000000000000000000, -0.7499999999999997780 ) ) ;
#1426 = ORIENTED_EDGE ( 'NONE', *, *, #5702, .T. ) ;
#1427 = UNCERTAINTY_MEASURE_WITH_UNIT (LENGTH_MEASURE( 1.000000000000000082E-05 ), #3258, 'distance_accuracy_value', 'NONE');
#1428 = CARTESIAN_POINT ( 'NONE',  ( 5.700000000000000178, 1.000000000000000000, 0.7500000000000005551 ) ) ;
#1429 = CARTESIAN_POINT ( 'NONE',  ( -2.650000000000000355, 1.000000000000000000, 7.500000000000000000 ) ) ;
#1430 = AXIS2_PLACEMENT_3D ( 'NONE', #7858, #2249, #4482 ) ;
#1431 =( NAMED_UNIT ( * ) SI_UNIT ( $, .STERADIAN. ) SOLID_ANGLE_UNIT ( ) );
#1432 = MECHANICAL_DESIGN_GEOMETRIC_PRESENTATION_REPRESENTATION (  '', ( #6030 ), #7056 ) ;
#1433 = VERTEX_POINT ( 'NONE', #7118 ) ;
#1434 = EDGE_CURVE ( 'NONE', #5590, #8036, #6389, .T. ) ;
#1435 = AXIS2_PLACEMENT_3D ( 'NONE', #2675, #3325, #9061 ) ;
#1436 = VECTOR ( 'NONE', #3082, 1000.000000000000000 ) ;
#1437 = DIRECTION ( 'NONE',  ( 1.000000000000000000, 0.000000000000000000, 6.023345402697249184E-17 ) ) ;
#1438 = EDGE_CURVE ( 'NONE', #491, #3106, #5781, .T. ) ;
#1439 = LINE ( 'NONE', #4275, #4276 ) ;
#1440 = LINE ( 'NONE', #2445, #8806 ) ;
#1441 = CARTESIAN_POINT ( 'NONE',  ( -7.299999999999999822, 1.800000000000000266, -7.299999999999999822 ) ) ;
#1442 =( NAMED_UNIT ( * ) SI_UNIT ( $, .STERADIAN. ) SOLID_ANGLE_UNIT ( ) );
#1443 = VECTOR ( 'NONE', #7771, 1000.000000000000000 ) ;
#1444 = ORIENTED_EDGE ( 'NONE', *, *, #4596, .F. ) ;
#1445 = VECTOR ( 'NONE', #2526, 1000.000000000000114 ) ;
#1446 = LINE ( 'NONE', #2882, #2634 ) ;
#1447 = EDGE_CURVE ( 'NONE', #6688, #7948, #5692, .T. ) ;
#1448 = ADVANCED_FACE ( 'NONE', ( #805 ), #765, .T. ) ;
#1449 = PRESENTATION_STYLE_ASSIGNMENT (( #107 ) ) ;
#1450 = CARTESIAN_POINT ( 'NONE',  ( 5.700000000000000178, 0.000000000000000000, -3.049999999999999378 ) ) ;
#1451 = ADVANCED_FACE ( 'NONE', ( #8546 ), #2202, .T. ) ;
#1452 = AXIS2_PLACEMENT_3D ( 'NONE', #3066, #5812, #6690 ) ;
#1453 = CARTESIAN_POINT ( 'NONE',  ( -4.549999999999998934, 3.343074902771997259, -5.700000000000001066 ) ) ;
#1454 = AXIS2_PLACEMENT_3D ( 'NONE', #5095, #7909, #6622 ) ;
#1455 = LINE ( 'NONE', #5773, #376 ) ;
#1456 = DIRECTION ( 'NONE',  ( -1.000000000000000000, 0.000000000000000000, 0.000000000000000000 ) ) ;
#1457 = ORIENTED_EDGE ( 'NONE', *, *, #6599, .T. ) ;
#1458 = CARTESIAN_POINT ( 'NONE',  ( 0.7500000000000008882, 1.000000000000000000, -5.700000000000000178 ) ) ;
#1459 = VECTOR ( 'NONE', #167, 1000.000000000000000 ) ;
#1460 = VERTEX_POINT ( 'NONE', #7896 ) ;
#1461 = COLOUR_RGB ( '',1.000000000000000000, 0.8117647058823529438, 0.5019607843137254832 ) ;
#1462 = VERTEX_POINT ( 'NONE', #8592 ) ;
#1463 = LINE ( 'NONE', #3651, #5368 ) ;
#1464 = DIRECTION ( 'NONE',  ( -1.000000000000000000, 0.000000000000000000, -0.000000000000000000 ) ) ;
#1465 = LINE ( 'NONE', #3787, #7242 ) ;
#1466 = SHAPE_REPRESENTATION ( 'SAM-M8Q-0-10_3', ( #2096 ), #6415 ) ;
#1467 = DIRECTION ( 'NONE',  ( 0.000000000000000000, 0.000000000000000000, -1.000000000000000000 ) ) ;
#1468 = VERTEX_POINT ( 'NONE', #7207 ) ;
#1469 = LINE ( 'NONE', #4303, #3691 ) ;
#1470 = FACE_OUTER_BOUND ( 'NONE', #5955, .T. ) ;
#1471 = EDGE_CURVE ( 'NONE', #1931, #483, #850, .T. ) ;
#1472 = ORIENTED_EDGE ( 'NONE', *, *, #6272, .T. ) ;
#1473 = ORIENTED_EDGE ( 'NONE', *, *, #4283, .F. ) ;
#1474 = CARTESIAN_POINT ( 'NONE',  ( -7.749999999999998224, 1.899999999999999911, -7.750000000000001776 ) ) ;
#1475 = DIRECTION ( 'NONE',  ( 0.000000000000000000, -0.000000000000000000, -1.000000000000000000 ) ) ;
#1476 = APPLICATION_CONTEXT ( 'automotive_design' ) ;
#1477 = CARTESIAN_POINT ( 'NONE',  ( -7.499999999999997335, 2.107106781186547373, 6.878679656440356283 ) ) ;
#1478 = ORIENTED_EDGE ( 'NONE', *, *, #7894, .T. ) ;
#1479 = LINE ( 'NONE', #3620, #314 ) ;
#1480 = DIRECTION ( 'NONE',  ( 1.000000000000000000, -0.000000000000000000, 2.409338161078899674E-16 ) ) ;
#1481 = CARTESIAN_POINT ( 'NONE',  ( 0.000000000000000000, 0.000000000000000000, 0.000000000000000000 ) ) ;
#1482 = ORIENTED_EDGE ( 'NONE', *, *, #1447, .F. ) ;
#1483 = LINE ( 'NONE', #1230, #4615 ) ;
#1484 = DIRECTION ( 'NONE',  ( 1.000000000000000000, 0.000000000000000000, -0.000000000000000000 ) ) ;
#1485 = DIRECTION ( 'NONE',  ( -1.000000000000000000, 0.000000000000000000, -6.023345402697249184E-17 ) ) ;
#1486 = CARTESIAN_POINT ( 'NONE',  ( 5.700000000000000178, 0.000000000000000000, -0.7499999999999998890 ) ) ;
#1487 = ORIENTED_EDGE ( 'NONE', *, *, #3324, .F. ) ;
#1488 = LINE ( 'NONE', #1532, #4260 ) ;
#1489 = DIRECTION ( 'NONE',  ( 0.000000000000000000, 0.000000000000000000, -1.000000000000000000 ) ) ;
#1490 = VECTOR ( 'NONE', #8127, 1000.000000000000000 ) ;
#1491 = DIRECTION ( 'NONE',  ( 0.000000000000000000, 0.000000000000000000, -1.000000000000000000 ) ) ;
#1492 = EDGE_CURVE ( 'NONE', #6595, #6813, #6522, .T. ) ;
#1493 = EDGE_CURVE ( 'NONE', #5184, #2600, #4573, .T. ) ;
#1494 = CARTESIAN_POINT ( 'NONE',  ( 0.000000000000000000, 5.799999999999998934, 0.8000000000000000444 ) ) ;
#1495 = AXIS2_PLACEMENT_3D ( 'NONE', #2639, #4133, #636 ) ;
#1496 =( NAMED_UNIT ( * ) SI_UNIT ( $, .STERADIAN. ) SOLID_ANGLE_UNIT ( ) );
#1497 = EDGE_CURVE ( 'NONE', #6995, #7907, #1732, .T. ) ;
#1498 = FACE_OUTER_BOUND ( 'NONE', #1553, .T. ) ;
#1499 = ORIENTED_EDGE ( 'NONE', *, *, #6109, .F. ) ;
#1500 = LINE ( 'NONE', #2280, #5322 ) ;
#1501 = ORIENTED_EDGE ( 'NONE', *, *, #3560, .F. ) ;
#1502 = UNCERTAINTY_MEASURE_WITH_UNIT (LENGTH_MEASURE( 1.000000000000000082E-05 ), #8309, 'distance_accuracy_value', 'NONE');
#1503 = ORIENTED_EDGE ( 'NONE', *, *, #3784, .T. ) ;
#1504 = CARTESIAN_POINT ( 'NONE',  ( 0.7500000000000002220, 1.000000000000000000, 9.035018104045876857E-17 ) ) ;
#1505 = FACE_OUTER_BOUND ( 'NONE', #3519, .T. ) ;
#1506 = CARTESIAN_POINT ( 'NONE',  ( -4.549999999999998934, 1.000000000000000000, 7.499999999999999112 ) ) ;
#1507 = CARTESIAN_POINT ( 'NONE',  ( -5.700000000000001066, 1.000000000000000000, 3.049999999999998934 ) ) ;
#1508 = ORIENTED_EDGE ( 'NONE', *, *, #4011, .F. ) ;
#1509 = DIRECTION ( 'NONE',  ( 1.000000000000000000, 0.000000000000000000, -0.000000000000000000 ) ) ;
#1510 = PLANE ( 'NONE',  #6479 ) ;
#1511 = CONTEXT_DEPENDENT_SHAPE_REPRESENTATION ( #2272, #6375 ) ;
#1512 = PRODUCT_RELATED_PRODUCT_CATEGORY ( 'part', '', ( #5896 ) ) ;
#1513 = ORIENTED_EDGE ( 'NONE', *, *, #5870, .F. ) ;
#1514 = PRODUCT_DEFINITION_FORMATION_WITH_SPECIFIED_SOURCE ( 'ANY', '', #8816, .NOT_KNOWN. ) ;
#1515 = ORIENTED_EDGE ( 'NONE', *, *, #6536, .F. ) ;
#1516 = FACE_OUTER_BOUND ( 'NONE', #4221, .T. ) ;
#1517 = DIRECTION ( 'NONE',  ( 0.7071067811865474617, 0.000000000000000000, -0.7071067811865474617 ) ) ;
#1518 = DIRECTION ( 'NONE',  ( -1.000000000000000000, 0.000000000000000000, 0.000000000000000000 ) ) ;
#1519 = EDGE_LOOP ( 'NONE', ( #1060, #7203, #882, #1649 ) ) ;
#1520 = PRODUCT_DEFINITION_FORMATION_WITH_SPECIFIED_SOURCE ( 'ANY', '', #2491, .NOT_KNOWN. ) ;
#1521 = SURFACE_STYLE_FILL_AREA ( #5059 ) ;
#1522 = CARTESIAN_POINT ( 'NONE',  ( -5.700000000000000178, 3.343074902771997259, 0.7499999999999991118 ) ) ;
#1523 = APPLICATION_PROTOCOL_DEFINITION ( 'draft international standard', 'automotive_design', 1998, #3069 ) ;
#1524 = ORIENTED_EDGE ( 'NONE', *, *, #3768, .T. ) ;
#1525 = ORIENTED_EDGE ( 'NONE', *, *, #7787, .F. ) ;
#1526 = ADVANCED_FACE ( 'NONE', ( #3220 ), #4522, .F. ) ;
#1527 = CARTESIAN_POINT ( 'NONE',  ( 0.000000000000000000, 1.000000000000000000, -5.500000000000000000 ) ) ;
#1528 = CARTESIAN_POINT ( 'NONE',  ( 0.000000000000000000, 3.343074902771997259, -4.550000000000000711 ) ) ;
#1529 = CARTESIAN_POINT ( 'NONE',  ( -6.000000000000000888, 6.800000000000001599, 7.292893218813452982 ) ) ;
#1530 = DIRECTION ( 'NONE',  ( 5.782411586589355667E-16, 0.000000000000000000, -1.000000000000000000 ) ) ;
#1531 = ORIENTED_EDGE ( 'NONE', *, *, #3770, .T. ) ;
#1532 = CARTESIAN_POINT ( 'NONE',  ( 4.749999999999999112, 6.799999999999999822, 0.000000000000000000 ) ) ;
#1533 = EDGE_CURVE ( 'NONE', #5655, #8872, #8030, .T. ) ;
#1534 = PLANE ( 'NONE',  #3994 ) ;
#1535 = DIRECTION ( 'NONE',  ( -1.000000000000000000, 0.000000000000000000, -0.000000000000000000 ) ) ;
#1536 = VECTOR ( 'NONE', #4016, 1000.000000000000000 ) ;
#1537 = FACE_OUTER_BOUND ( 'NONE', #8542, .T. ) ;
#1538 = SURFACE_SIDE_STYLE ('',( #2989 ) ) ;
#1539 = CARTESIAN_POINT ( 'NONE',  ( 7.750000000000001776, 1.899999999999999911, -7.750000000000003553 ) ) ;
#1540 = ORIENTED_EDGE ( 'NONE', *, *, #6117, .T. ) ;
#1541 = CARTESIAN_POINT ( 'NONE',  ( -7.499999999999998224, 0.000000000000000000, -4.550000000000000711 ) ) ;
#1542 = VERTEX_POINT ( 'NONE', #3919 ) ;
#1543 = AXIS2_PLACEMENT_3D ( 'NONE', #8764, #7430, #6650 ) ;
#1544 = EDGE_LOOP ( 'NONE', ( #1370, #6708, #1982, #6963 ) ) ;
#1545 = CARTESIAN_POINT ( 'NONE',  ( -1.149999999999999689, 1.000000000000000000, 5.700000000000000178 ) ) ;
#1546 = EDGE_CURVE ( 'NONE', #2311, #5603, #1128, .T. ) ;
#1547 = DIRECTION ( 'NONE',  ( 0.000000000000000000, 0.000000000000000000, -1.000000000000000000 ) ) ;
#1548 = DIRECTION ( 'NONE',  ( 0.000000000000000000, 0.000000000000000000, 1.000000000000000000 ) ) ;
#1549 = FILL_AREA_STYLE ('',( #3517 ) ) ;
#1550 = EDGE_LOOP ( 'NONE', ( #34, #1731, #2584, #352 ) ) ;
#1551 = DIRECTION ( 'NONE',  ( -0.000000000000000000, 1.000000000000000000, 0.000000000000000000 ) ) ;
#1552 = FACE_OUTER_BOUND ( 'NONE', #1422, .T. ) ;
#1553 = EDGE_LOOP ( 'NONE', ( #2201, #2687, #6174, #1960 ) ) ;
#1554 = ORIENTED_EDGE ( 'NONE', *, *, #7195, .F. ) ;
#1555 = LINE ( 'NONE', #6578, #3478 ) ;
#1556 = FACE_OUTER_BOUND ( 'NONE', #1193, .T. ) ;
#1557 = AXIS2_PLACEMENT_3D ( 'NONE', #2500, #1245, #6865 ) ;
#1558 = CARTESIAN_POINT ( 'NONE',  ( 7.500000000000000000, 1.000000000000000000, 0.7500000000000006661 ) ) ;
#1559 = VERTEX_POINT ( 'NONE', #3873 ) ;
#1560 = EDGE_CURVE ( 'NONE', #8723, #8336, #386, .T. ) ;
#1561 = CARTESIAN_POINT ( 'NONE',  ( 5.700000000000000178, 1.000000000000000000, 0.000000000000000000 ) ) ;
#1562 = PRODUCT_DEFINITION_SHAPE ( 'NONE', 'NONE',  #2746 ) ;
#1563 = APPLICATION_PROTOCOL_DEFINITION ( 'draft international standard', 'automotive_design', 1998, #876 ) ;
#1564 = ORIENTED_EDGE ( 'NONE', *, *, #8711, .T. ) ;
#1565 = ORIENTED_EDGE ( 'NONE', *, *, #6143, .F. ) ;
#1566 = LINE ( 'NONE', #1527, #554 ) ;
#1567 = ADVANCED_FACE ( 'NONE', ( #8920 ), #5370, .F. ) ;
#1568 = CARTESIAN_POINT ( 'NONE',  ( -1.149999999999999023, 1.000000000000000000, -7.500000000000000000 ) ) ;
#1569 = LINE ( 'NONE', #3157, #7905 ) ;
#1570 = EDGE_CURVE ( 'NONE', #2217, #1946, #6699, .T. ) ;
#1571 = SHAPE_REPRESENTATION_RELATIONSHIP ( 'NONE' , 'NONE' ,  #6750, #1677 ) ;
#1572 = ORIENTED_EDGE ( 'NONE', *, *, #1856, .T. ) ;
#1573 = CARTESIAN_POINT ( 'NONE',  ( -5.700000000000001066, 1.000000000000000000, 0.000000000000000000 ) ) ;
#1574 = CLOSED_SHELL ( 'NONE', ( #3799, #2680, #2976, #6076, #4875, #1292 ) ) ;
#1575 = VECTOR ( 'NONE', #7838, 1000.000000000000000 ) ;
#1576 = AXIS2_PLACEMENT_3D ( 'NONE', #4694, #4001, #4597 ) ;
#1577 = AXIS2_PLACEMENT_3D ( 'NONE', #5932, #6539, #5798 ) ;
#1578 = ADVANCED_BREP_SHAPE_REPRESENTATION ( '', ( #9085, #2096 ), #7138 ) ;
#1579 = LINE ( 'NONE', #4605, #2792 ) ;
#1580 = AXIS2_PLACEMENT_3D ( 'NONE', #712, #6380, #2145 ) ;
#1581 = CARTESIAN_POINT ( 'NONE',  ( -6.200000000000001066, 1.800000000000000266, -7.299999999999998934 ) ) ;
#1582 = VECTOR ( 'NONE', #4201, 1000.000000000000000 ) ;
#1583 = EDGE_CURVE ( 'NONE', #2311, #8781, #6057, .T. ) ;
#1584 = DIRECTION ( 'NONE',  ( 0.000000000000000000, -1.000000000000000000, 0.000000000000000000 ) ) ;
#1585 = LINE ( 'NONE', #2277, #580 ) ;
#1586 = ORIENTED_EDGE ( 'NONE', *, *, #6290, .F. ) ;
#1587 = CARTESIAN_POINT ( 'NONE',  ( 1.149999999999999911, 1.000000000000000000, 5.700000000000000178 ) ) ;
#1588 = ADVANCED_FACE ( 'NONE', ( #8815 ), #1681, .F. ) ;
#1589 = ORIENTED_EDGE ( 'NONE', *, *, #5409, .T. ) ;
#1590 = ADVANCED_FACE ( 'NONE', ( #4665 ), #2477, .F. ) ;
#1591 = EDGE_LOOP ( 'NONE', ( #2734, #5912, #8449, #5535 ) ) ;
#1592 = CARTESIAN_POINT ( 'NONE',  ( 0.000000000000000000, 1.000000000000000000, -5.700000000000000178 ) ) ;
#1593 = VECTOR ( 'NONE', #5947, 1000.000000000000000 ) ;
#1594 = AXIS2_PLACEMENT_3D ( 'NONE', #4208, #8405, #2812 ) ;
#1595 = PLANE ( 'NONE',  #5888 ) ;
#1596 = DIRECTION ( 'NONE',  ( 2.409338161078899674E-16, 0.000000000000000000, -1.000000000000000000 ) ) ;
#1597 = DIRECTION ( 'NONE',  ( 1.000000000000000000, 0.000000000000000000, -0.000000000000000000 ) ) ;
#1598 = VECTOR ( 'NONE', #7898, 1000.000000000000000 ) ;
#1599 = ORIENTED_EDGE ( 'NONE', *, *, #1687, .F. ) ;
#1600 = DIRECTION ( 'NONE',  ( 0.000000000000000000, 0.000000000000000000, -1.000000000000000000 ) ) ;
#1601 = AXIS2_PLACEMENT_3D ( 'NONE', #2510, #3951, #3398 ) ;
#1602 = DIRECTION ( 'NONE',  ( 1.204669080539449837E-16, 0.000000000000000000, -1.000000000000000000 ) ) ;
#1603 = ORIENTED_EDGE ( 'NONE', *, *, #7202, .T. ) ;
#1604 = VECTOR ( 'NONE', #4202, 1000.000000000000000 ) ;
#1605 = EDGE_LOOP ( 'NONE', ( #6741, #1323, #7603, #1926 ) ) ;
#1606 = VECTOR ( 'NONE', #1277, 1000.000000000000000 ) ;
#1607 = ADVANCED_FACE ( 'NONE', ( #1774 ), #3275, .F. ) ;
#1608 = CARTESIAN_POINT ( 'NONE',  ( 5.700000000000000178, 1.000000000000000000, -3.049999999999999378 ) ) ;
#1609 = CARTESIAN_POINT ( 'NONE',  ( 0.000000000000000000, 3.343074902771997259, -7.500000000000000000 ) ) ;
#1610 = DIRECTION ( 'NONE',  ( -1.000000000000000000, 0.000000000000000000, -5.782411586589355667E-16 ) ) ;
#1611 = ORIENTED_EDGE ( 'NONE', *, *, #4894, .F. ) ;
#1612 = EDGE_CURVE ( 'NONE', #5532, #1940, #2427, .T. ) ;
#1613 = EDGE_CURVE ( 'NONE', #7815, #2504, #3125, .T. ) ;
#1614 = FACE_OUTER_BOUND ( 'NONE', #6163, .T. ) ;
#1616 = EDGE_CURVE ( 'NONE', #605, #8931, #5268, .T. ) ;
#1615 = SURFACE_STYLE_FILL_AREA ( #6583 ) ;
#1617 = PRODUCT_CONTEXT ( 'NONE', #1648, 'mechanical' ) ;
#1618 = ORIENTED_EDGE ( 'NONE', *, *, #8780, .F. ) ;
#1619 = EDGE_CURVE ( 'NONE', #2002, #8508, #3871, .T. ) ;
#1620 = ORIENTED_EDGE ( 'NONE', *, *, #2284, .F. ) ;
#1621 = ADVANCED_FACE ( 'NONE', ( #248 ), #3079, .F. ) ;
#1622 = CARTESIAN_POINT ( 'NONE',  ( 4.550000000000000711, 1.000000000000000000, -5.699999999999998401 ) ) ;
#1623 = EDGE_CURVE ( 'NONE', #7587, #8052, #8969, .T. ) ;
#1624 = VECTOR ( 'NONE', #1547, 1000.000000000000000 ) ;
#1625 = FACE_BOUND ( 'NONE', #6577, .T. ) ;
#1626 = CARTESIAN_POINT ( 'NONE',  ( 5.700000000000000178, 1.000000000000000000, 2.650000000000000799 ) ) ;
#1627 = CARTESIAN_POINT ( 'NONE',  ( 1.149999999999999911, 0.000000000000000000, 7.500000000000000000 ) ) ;
#1628 = EDGE_LOOP ( 'NONE', ( #4471, #7076, #6324, #5844 ) ) ;
#1629 = DIRECTION ( 'NONE',  ( 1.000000000000000000, 0.000000000000000000, -0.000000000000000000 ) ) ;
#1630 = PLANE ( 'NONE',  #5903 ) ;
#1631 = ORIENTED_EDGE ( 'NONE', *, *, #3094, .T. ) ;
#1632 = DIRECTION ( 'NONE',  ( -0.000000000000000000, 0.000000000000000000, 1.000000000000000000 ) ) ;
#1633 = FILL_AREA_STYLE ('',( #933 ) ) ;
#1634 = DIRECTION ( 'NONE',  ( 8.673617379884034239E-17, 0.000000000000000000, 1.000000000000000000 ) ) ;
#1635 = VERTEX_POINT ( 'NONE', #4274 ) ;
#1636 = CARTESIAN_POINT ( 'NONE',  ( 5.700000000000000178, 0.000000000000000000, 0.000000000000000000 ) ) ;
#1637 = EDGE_LOOP ( 'NONE', ( #6180, #3577, #8467, #5408 ) ) ;
#1638 = ORIENTED_EDGE ( 'NONE', *, *, #3908, .T. ) ;
#1639 = DIRECTION ( 'NONE',  ( 0.000000000000000000, 1.000000000000000000, -0.000000000000000000 ) ) ;
#1640 = PLANE ( 'NONE',  #3966 ) ;
#1641 = LINE ( 'NONE', #6659, #596 ) ;
#1642 = DIRECTION ( 'NONE',  ( -1.000000000000000000, 0.000000000000000000, -0.000000000000000000 ) ) ;
#1643 = PRESENTATION_LAYER_ASSIGNMENT (  '', '', ( #463 ) ) ;
#1644 = CARTESIAN_POINT ( 'NONE',  ( 0.000000000000000000, 1.000000000000000000, 5.700000000000000178 ) ) ;
#1645 = ORIENTED_EDGE ( 'NONE', *, *, #6553, .T. ) ;
#1646 = LINE ( 'NONE', #1827, #7688 ) ;
#1647 = LINE ( 'NONE', #4388, #5452 ) ;
#1648 = APPLICATION_CONTEXT ( 'automotive_design' ) ;
#1649 = ORIENTED_EDGE ( 'NONE', *, *, #3380, .T. ) ;
#1650 = VECTOR ( 'NONE', #6032, 1000.000000000000000 ) ;
#1651 = EDGE_LOOP ( 'NONE', ( #3411, #4588, #1444, #6269 ) ) ;
#1652 = CARTESIAN_POINT ( 'NONE',  ( 5.999999999999998224, 2.107106781186546929, 7.499999999999996447 ) ) ;
#1653 = CARTESIAN_POINT ( 'NONE',  ( 4.549999999999999822, 1.000000000000000000, 7.500000000000000000 ) ) ;
#1654 = CARTESIAN_POINT ( 'NONE',  ( 4.749999999999999112, 5.799999999999999822, -3.750000000000000000 ) ) ;
#1655 = EDGE_LOOP ( 'NONE', ( #2021, #3033, #8978, #5369 ) ) ;
#1656 = CARTESIAN_POINT ( 'NONE',  ( -3.750000000000000888, 5.799999999999999822, 4.750000000000000888 ) ) ;
#1657 = APPLICATION_PROTOCOL_DEFINITION ( 'draft international standard', 'automotive_design', 1998, #535 ) ;
#1658 =( GEOMETRIC_REPRESENTATION_CONTEXT ( 3 ) GLOBAL_UNCERTAINTY_ASSIGNED_CONTEXT ( ( #1076 ) ) GLOBAL_UNIT_ASSIGNED_CONTEXT ( ( #8022, #8070, #332 ) ) REPRESENTATION_CONTEXT ( 'NONE', 'WORKASPACE' ) );
#1659 = EDGE_LOOP ( 'NONE', ( #4765, #2596, #4140, #1048 ) ) ;
#1660 = EDGE_LOOP ( 'NONE', ( #8710, #3906, #4316, #155 ) ) ;
#1661 = CARTESIAN_POINT ( 'NONE',  ( 0.000000000000000000, 0.000000000000000000, -7.499999999999999112 ) ) ;
#1662 = EDGE_CURVE ( 'NONE', #8139, #4785, #7098, .T. ) ;
#1663 = ADVANCED_FACE ( 'NONE', ( #1919 ), #2133, .T. ) ;
#1664 = PRODUCT_DEFINITION_FORMATION_WITH_SPECIFIED_SOURCE ( 'ANY', '', #3874, .NOT_KNOWN. ) ;
#1665 = PRODUCT ( 'SAM-M8Q-0-10_11', 'SAM-M8Q-0-10_11', '', ( #5243 ) ) ;
#1666 = LINE ( 'NONE', #3155, #5484 ) ;
#1667 = CARTESIAN_POINT ( 'NONE',  ( -6.585786437626905077, 1.899999999999999023, 6.999999999999997335 ) ) ;
#1668 = VERTEX_POINT ( 'NONE', #1182 ) ;
#1669 = DIRECTION ( 'NONE',  ( -0.000000000000000000, -1.000000000000000000, -0.000000000000000000 ) ) ;
#1670 = VERTEX_POINT ( 'NONE', #742 ) ;
#1671 = DIRECTION ( 'NONE',  ( 1.000000000000000000, -0.000000000000000000, 0.000000000000000000 ) ) ;
#1672 = ORIENTED_EDGE ( 'NONE', *, *, #8241, .F. ) ;
#1673 = CARTESIAN_POINT ( 'NONE',  ( 2.192497726581800660E-15, 3.343074902771997259, -4.550000000000002487 ) ) ;
#1674 = DIRECTION ( 'NONE',  ( 0.000000000000000000, -1.000000000000000000, 0.000000000000000000 ) ) ;
#1675 = FACE_OUTER_BOUND ( 'NONE', #3711, .T. ) ;
#1676 = ORIENTED_EDGE ( 'NONE', *, *, #6563, .F. ) ;
#1677 = ADVANCED_BREP_SHAPE_REPRESENTATION ( '', ( #5935, #2096 ), #7590 ) ;
#1678 = CARTESIAN_POINT ( 'NONE',  ( -2.650000000000000355, 0.000000000000000000, 7.500000000000000000 ) ) ;
#1679 = VERTEX_POINT ( 'NONE', #7621 ) ;
#1680 = ORIENTED_EDGE ( 'NONE', *, *, #5567, .F. ) ;
#1681 = PLANE ( 'NONE',  #2378 ) ;
#1682 = AXIS2_PLACEMENT_3D ( 'NONE', #5069, #7707, #1530 ) ;
#1683 = CIRCLE ( 'NONE', #7019, 0.4000000000000000777 ) ;
#1684 = DIRECTION ( 'NONE',  ( -1.000000000000000000, -0.000000000000000000, 0.000000000000000000 ) ) ;
#1685 = LINE ( 'NONE', #252, #6374 ) ;
#1686 = ORIENTED_EDGE ( 'NONE', *, *, #7507, .F. ) ;
#1687 = EDGE_CURVE ( 'NONE', #1692, #5930, #533, .T. ) ;
#1688 = CARTESIAN_POINT ( 'NONE',  ( -4.549999999999998934, 0.000000000000000000, -5.700000000000000178 ) ) ;
#1689 = LINE ( 'NONE', #3657, #106 ) ;
#1690 = VECTOR ( 'NONE', #8963, 1000.000000000000000 ) ;
#1691 = ORIENTED_EDGE ( 'NONE', *, *, #8622, .T. ) ;
#1692 = VERTEX_POINT ( 'NONE', #8220 ) ;
#1693 = PLANE ( 'NONE',  #6452 ) ;
#1694 = CARTESIAN_POINT ( 'NONE',  ( 6.999999999999999112, 1.899999999999999245, 5.999999999999998224 ) ) ;
#1695 = CARTESIAN_POINT ( 'NONE',  ( -7.500000000000000000, 3.343074902771997259, -2.650000000000001688 ) ) ;
#1696 = ORIENTED_EDGE ( 'NONE', *, *, #4885, .F. ) ;
#1697 = COLOUR_RGB ( '',1.000000000000000000, 0.8117647058823529438, 0.5019607843137254832 ) ;
#1698 = ADVANCED_FACE ( 'NONE', ( #2876 ), #6939, .T. ) ;
#1699 = DIRECTION ( 'NONE',  ( 0.000000000000000000, 0.000000000000000000, 1.000000000000000000 ) ) ;
#1700 = SURFACE_STYLE_USAGE ( .BOTH. , #2400 ) ;
#1701 = APPLICATION_PROTOCOL_DEFINITION ( 'draft international standard', 'automotive_design', 1998, #2895 ) ;
#1702 = ORIENTED_EDGE ( 'NONE', *, *, #1902, .F. ) ;
#1703 = ORIENTED_EDGE ( 'NONE', *, *, #2252, .F. ) ;
#1704 = EDGE_CURVE ( 'NONE', #8333, #8643, #9016, .T. ) ;
#1705 = AXIS2_PLACEMENT_3D ( 'NONE', #1264, #2709, #4108 ) ;
#1706 = DIRECTION ( 'NONE',  ( -1.000000000000000000, -0.000000000000000000, -0.000000000000000000 ) ) ;
#1707 =( NAMED_UNIT ( * ) PLANE_ANGLE_UNIT ( ) SI_UNIT ( $, .RADIAN. ) );
#1708 = FACE_BOUND ( 'NONE', #8596, .T. ) ;
#1709 = DIRECTION ( 'NONE',  ( 0.000000000000000000, 0.000000000000000000, 1.000000000000000000 ) ) ;
#1710 = CARTESIAN_POINT ( 'NONE',  ( -4.549999999999998934, 1.000000000000000000, -7.500000000000000888 ) ) ;
#1711 = CARTESIAN_POINT ( 'NONE',  ( -1.149999999999999689, 1.000000000000000000, 5.700000000000000178 ) ) ;
#1712 = VERTEX_POINT ( 'NONE', #1271 ) ;
#1713 = UNCERTAINTY_MEASURE_WITH_UNIT (LENGTH_MEASURE( 1.000000000000000082E-05 ), #4153, 'distance_accuracy_value', 'NONE');
#1714 = EDGE_CURVE ( 'NONE', #3461, #1320, #1483, .T. ) ;
#1715 = EDGE_CURVE ( 'NONE', #7998, #8875, #3320, .T. ) ;
#1716 = CARTESIAN_POINT ( 'NONE',  ( 3.749999999999999112, 6.800000000000000711, -4.750000000000000888 ) ) ;
#1717 = CARTESIAN_POINT ( 'NONE',  ( 3.749999999999999112, 5.800000000000001599, -4.750000000000000000 ) ) ;
#1718 =( GEOMETRIC_REPRESENTATION_CONTEXT ( 3 ) GLOBAL_UNCERTAINTY_ASSIGNED_CONTEXT ( ( #6074 ) ) GLOBAL_UNIT_ASSIGNED_CONTEXT ( ( #8057, #2410, #3156 ) ) REPRESENTATION_CONTEXT ( 'NONE', 'WORKASPACE' ) );
#1719 = ORIENTED_EDGE ( 'NONE', *, *, #1061, .T. ) ;
#1720 = DIRECTION ( 'NONE',  ( 0.000000000000000000, 0.000000000000000000, -1.000000000000000000 ) ) ;
#1721 = CARTESIAN_POINT ( 'NONE',  ( -5.699999999999999289, 0.000000000000000000, 0.000000000000000000 ) ) ;
#1722 = EDGE_CURVE ( 'NONE', #4847, #7327, #611, .T. ) ;
#1723 = CARTESIAN_POINT ( 'NONE',  ( 0.7500000000000002220, 1.000000000000000000, 0.000000000000000000 ) ) ;
#1724 = VERTEX_POINT ( 'NONE', #8478 ) ;
#1725 = CARTESIAN_POINT ( 'NONE',  ( 7.499999999999997335, 2.107106781186546485, -6.878679656440357171 ) ) ;
#1726 = VECTOR ( 'NONE', #7141, 1000.000000000000000 ) ;
#1727 = AXIS2_PLACEMENT_3D ( 'NONE', #727, #36, #2862 ) ;
#1728 = VECTOR ( 'NONE', #4884, 1000.000000000000000 ) ;
#1729 = EDGE_LOOP ( 'NONE', ( #1771, #7522, #781, #2801 ) ) ;
#1730 = EDGE_CURVE ( 'NONE', #4818, #7370, #4975, .T. ) ;
#1731 = ORIENTED_EDGE ( 'NONE', *, *, #8063, .F. ) ;
#1732 = LINE ( 'NONE', #8175, #5208 ) ;
#1733 = ADVANCED_FACE ( 'NONE', ( #1961 ), #7789, .T. ) ;
#1734 = AXIS2_PLACEMENT_3D ( 'NONE', #5726, #7843, #7759 ) ;
#1735 = VECTOR ( 'NONE', #3590, 1000.000000000000000 ) ;
#1736 = DIRECTION ( 'NONE',  ( 0.000000000000000000, 0.000000000000000000, 1.000000000000000000 ) ) ;
#1737 = DIRECTION ( 'NONE',  ( 0.000000000000000000, 1.000000000000000000, 0.000000000000000000 ) ) ;
#1738 = ORIENTED_EDGE ( 'NONE', *, *, #5375, .F. ) ;
#1739 = DIRECTION ( 'NONE',  ( 0.000000000000000000, 1.000000000000000000, 0.000000000000000000 ) ) ;
#1740 = FACE_OUTER_BOUND ( 'NONE', #1637, .T. ) ;
#1741 =( GEOMETRIC_REPRESENTATION_CONTEXT ( 3 ) GLOBAL_UNCERTAINTY_ASSIGNED_CONTEXT ( ( #7093 ) ) GLOBAL_UNIT_ASSIGNED_CONTEXT ( ( #4254, #7163, #2246 ) ) REPRESENTATION_CONTEXT ( 'NONE', 'WORKASPACE' ) );
#1742 = ORIENTED_EDGE ( 'NONE', *, *, #6552, .T. ) ;
#1743 = AXIS2_PLACEMENT_3D ( 'NONE', #8172, #1863, #2424 ) ;
#1744 = PRODUCT_DEFINITION_SHAPE ( 'NONE', 'NONE',  #9153 ) ;
#1745 = VERTEX_POINT ( 'NONE', #4022 ) ;
#1746 = PLANE ( 'NONE',  #3187 ) ;
#1747 = DIRECTION ( 'NONE',  ( 0.000000000000000000, -0.000000000000000000, -1.000000000000000000 ) ) ;
#1748 = CARTESIAN_POINT ( 'NONE',  ( 5.700000000000000178, 1.000000000000000000, 2.650000000000000799 ) ) ;
#1749 = VECTOR ( 'NONE', #1803, 1000.000000000000000 ) ;
#1750 = VERTEX_POINT ( 'NONE', #2926 ) ;
#1751 = CIRCLE ( 'NONE', #7959, 1.000000000000000000 ) ;
#1752 =( LENGTH_UNIT ( ) NAMED_UNIT ( * ) SI_UNIT ( .MILLI., .METRE. ) );
#1753 = PRODUCT_CONTEXT ( 'NONE', #8620, 'mechanical' ) ;
#1754 = VERTEX_POINT ( 'NONE', #1867 ) ;
#1755 = ORIENTED_EDGE ( 'NONE', *, *, #9037, .T. ) ;
#1756 = AXIS2_PLACEMENT_3D ( 'NONE', #5378, #1739, #2486 ) ;
#1757 = PLANE ( 'NONE',  #5301 ) ;
#1758 = DIRECTION ( 'NONE',  ( -1.000000000000000000, 0.000000000000000000, 0.000000000000000000 ) ) ;
#1759 = DIRECTION ( 'NONE',  ( 0.000000000000000000, 0.000000000000000000, 1.000000000000000000 ) ) ;
#1760 = SURFACE_SIDE_STYLE ('',( #8156 ) ) ;
#1761 = CARTESIAN_POINT ( 'NONE',  ( 7.500000000000000000, 2.399999999999999467, -6.000000000000000000 ) ) ;
#1762 = LINE ( 'NONE', #968, #8675 ) ;
#1763 = ORIENTED_EDGE ( 'NONE', *, *, #3958, .F. ) ;
#1764 = VECTOR ( 'NONE', #5128, 1000.000000000000000 ) ;
#1765 = CARTESIAN_POINT ( 'NONE',  ( -0.7499999999999993339, 1.000000000000000000, 0.000000000000000000 ) ) ;
#1766 = LINE ( 'NONE', #5856, #5459 ) ;
#1767 = DIRECTION ( 'NONE',  ( -1.000000000000000000, -0.000000000000000000, 0.000000000000000000 ) ) ;
#1768 = CARTESIAN_POINT ( 'NONE',  ( -7.499999999999999112, 0.000000000000000000, -2.650000000000001688 ) ) ;
#1769 = ORIENTED_EDGE ( 'NONE', *, *, #7282, .F. ) ;
#1770 = CARTESIAN_POINT ( 'NONE',  ( 2.650000000000000355, 1.000000000000000000, 0.000000000000000000 ) ) ;
#1771 = ORIENTED_EDGE ( 'NONE', *, *, #1322, .F. ) ;
#1772 = PRODUCT_DEFINITION ( 'UNKNOWN', '', #8473, #1151 ) ;
#1773 = ORIENTED_EDGE ( 'NONE', *, *, #1447, .T. ) ;
#1774 = FACE_OUTER_BOUND ( 'NONE', #148, .T. ) ;
#1775 = CARTESIAN_POINT ( 'NONE',  ( 1.150000000000000355, 0.000000000000000000, -5.700000000000000178 ) ) ;
#1776 = PLANE ( 'NONE',  #2362 ) ;
#1777 =( LENGTH_UNIT ( ) NAMED_UNIT ( * ) SI_UNIT ( .MILLI., .METRE. ) );
#1778 = EDGE_CURVE ( 'NONE', #4469, #9057, #4715, .T. ) ;
#1779 = ADVANCED_FACE ( 'NONE', ( #7538 ), #2620, .F. ) ;
#1780 = ORIENTED_EDGE ( 'NONE', *, *, #5569, .T. ) ;
#1781 = CARTESIAN_POINT ( 'NONE',  ( -7.500000000000000000, 1.000000000000000000, -0.7500000000000015543 ) ) ;
#1782 = CARTESIAN_POINT ( 'NONE',  ( -7.500000000000001776, 0.000000000000000000, 3.049999999999998490 ) ) ;
#1783 = PRODUCT_RELATED_PRODUCT_CATEGORY ( 'part', '', ( #7346 ) ) ;
#1784 = ORIENTED_EDGE ( 'NONE', *, *, #5836, .T. ) ;
#1785 = VECTOR ( 'NONE', #452, 1000.000000000000000 ) ;
#1786 = EDGE_LOOP ( 'NONE', ( #7458, #8768, #7343, #1513 ) ) ;
#1787 = LINE ( 'NONE', #63, #1116 ) ;
#1788 = PLANE ( 'NONE',  #1832 ) ;
#1789 = FACE_OUTER_BOUND ( 'NONE', #3191, .T. ) ;
#1790 = LINE ( 'NONE', #3141, #7718 ) ;
#1791 = AXIS2_PLACEMENT_3D ( 'NONE', #7849, #4382, #6474 ) ;
#1792 = ORIENTED_EDGE ( 'NONE', *, *, #8148, .T. ) ;
#1793 = PRODUCT_RELATED_PRODUCT_CATEGORY ( 'part', '', ( #1665 ) ) ;
#1794 = CARTESIAN_POINT ( 'NONE',  ( -0.7499999999999995559, 0.000000000000000000, 0.000000000000000000 ) ) ;
#1795 = VECTOR ( 'NONE', #4224, 1000.000000000000000 ) ;
#1796 = CARTESIAN_POINT ( 'NONE',  ( 3.049999999999999822, 0.000000000000000000, 7.500000000000000000 ) ) ;
#1797 = SHAPE_DEFINITION_REPRESENTATION ( #2621, #6018 ) ;
#1798 = ADVANCED_BREP_SHAPE_REPRESENTATION ( '', ( #5525, #2096 ), #39 ) ;
#1799 = EDGE_LOOP ( 'NONE', ( #2994, #4966, #6997, #4094 ) ) ;
#1800 = ORIENTED_EDGE ( 'NONE', *, *, #7828, .T. ) ;
#1801 = PLANE ( 'NONE',  #4119 ) ;
#1802 = DIRECTION ( 'NONE',  ( 1.000000000000000000, -0.000000000000000000, 2.409338161078899674E-16 ) ) ;
#1803 = DIRECTION ( 'NONE',  ( 0.000000000000000000, -1.000000000000000000, -0.000000000000000000 ) ) ;
#1804 =( REPRESENTATION_RELATIONSHIP ('NONE','NONE', #464, #4499 ) REPRESENTATION_RELATIONSHIP_WITH_TRANSFORMATION ( #5657 )SHAPE_REPRESENTATION_RELATIONSHIP( ) );
#1805 = FILL_AREA_STYLE ('',( #3109 ) ) ;
#1806 = CARTESIAN_POINT ( 'NONE',  ( 0.000000000000000000, 6.799999999999999822, 0.000000000000000000 ) ) ;
#1807 = VERTEX_POINT ( 'NONE', #2672 ) ;
#1808 = EDGE_CURVE ( 'NONE', #514, #4541, #8316, .T. ) ;
#1809 = AXIS2_PLACEMENT_3D ( 'NONE', #649, #4007, #1354 ) ;
#1810 = CARTESIAN_POINT ( 'NONE',  ( -4.750000000000000888, 5.799999999999999822, -4.750000000000000888 ) ) ;
#1811 = SHAPE_REPRESENTATION ( 'SAM-M8Q-0-10_16', ( #2096 ), #3447 ) ;
#1812 = DIRECTION ( 'NONE',  ( 1.204669080539449837E-16, 0.000000000000000000, -1.000000000000000000 ) ) ;
#1813 = CARTESIAN_POINT ( 'NONE',  ( 5.699999999999999289, 1.000000000000000000, 0.000000000000000000 ) ) ;
#1814 = LINE ( 'NONE', #2374, #8353 ) ;
#1815 = ORIENTED_EDGE ( 'NONE', *, *, #5233, .F. ) ;
#1816 = ADVANCED_FACE ( 'NONE', ( #2265 ), #3684, .T. ) ;
#1817 = LINE ( 'NONE', #1770, #1286 ) ;
#1818 = ORIENTED_EDGE ( 'NONE', *, *, #7345, .T. ) ;
#1819 = ORIENTED_EDGE ( 'NONE', *, *, #7140, .F. ) ;
#1820 = DIRECTION ( 'NONE',  ( -1.204669080539449837E-16, -0.000000000000000000, 1.000000000000000000 ) ) ;
#1821 =( REPRESENTATION_RELATIONSHIP ('NONE','NONE', #464, #7200 ) REPRESENTATION_RELATIONSHIP_WITH_TRANSFORMATION ( #3997 )SHAPE_REPRESENTATION_RELATIONSHIP( ) );
#1822 = FACE_OUTER_BOUND ( 'NONE', #1655, .T. ) ;
#1823 = DIRECTION ( 'NONE',  ( 1.000000000000000000, 0.000000000000000000, 0.000000000000000000 ) ) ;
#1824 = FILL_AREA_STYLE_COLOUR ( '', #1461 ) ;
#1825 =( NAMED_UNIT ( * ) PLANE_ANGLE_UNIT ( ) SI_UNIT ( $, .RADIAN. ) );
#1826 = ORIENTED_EDGE ( 'NONE', *, *, #7518, .T. ) ;
#1827 = CARTESIAN_POINT ( 'NONE',  ( -0.7500000000000002220, 0.000000000000000000, 5.700000000000000178 ) ) ;
#1828 = FILL_AREA_STYLE_COLOUR ( '', #3739 ) ;
#1829 = CARTESIAN_POINT ( 'NONE',  ( 7.500000000000000000, 6.299999999999999822, -5.999999999999999112 ) ) ;
#1830 = ORIENTED_EDGE ( 'NONE', *, *, #1662, .F. ) ;
#1831 = EDGE_CURVE ( 'NONE', #5394, #9077, #4410, .T. ) ;
#1832 = AXIS2_PLACEMENT_3D ( 'NONE', #2440, #8089, #1747 ) ;
#1833 = VERTEX_POINT ( 'NONE', #7372 ) ;
#1834 = DIRECTION ( 'NONE',  ( -0.000000000000000000, -1.000000000000000000, -0.000000000000000000 ) ) ;
#1835 = DIRECTION ( 'NONE',  ( 1.000000000000000000, 0.000000000000000000, -0.000000000000000000 ) ) ;
#1836 = CARTESIAN_POINT ( 'NONE',  ( -5.700000000000000178, 1.000000000000000000, 0.7499999999999991118 ) ) ;
#1837 = LINE ( 'NONE', #8693, #6681 ) ;
#1838 = EDGE_LOOP ( 'NONE', ( #6606, #5954, #1877, #9013 ) ) ;
#1839 = VECTOR ( 'NONE', #6146, 1000.000000000000000 ) ;
#1840 = FACE_OUTER_BOUND ( 'NONE', #5042, .T. ) ;
#1841 = EDGE_CURVE ( 'NONE', #1082, #3396, #5759, .T. ) ;
#1842 = CARTESIAN_POINT ( 'NONE',  ( -7.348481391290644670E-16, 3.343074902771997259, 3.050000000000000266 ) ) ;
#1843 = ITEM_DEFINED_TRANSFORMATION ( 'NONE', 'NONE', #5536,  #2096 ) ;
#1844 = ORIENTED_EDGE ( 'NONE', *, *, #8882, .T. ) ;
#1845 = VERTEX_POINT ( 'NONE', #8612 ) ;
#1846 = LINE ( 'NONE', #4051, #3527 ) ;
#1847 = EDGE_CURVE ( 'NONE', #5449, #2285, #8703, .T. ) ;
#1848 = PRESENTATION_STYLE_ASSIGNMENT (( #3153 ) ) ;
#1849 = FACE_OUTER_BOUND ( 'NONE', #2448, .T. ) ;
#1850 = DIRECTION ( 'NONE',  ( -1.000000000000000000, -0.000000000000000000, -0.000000000000000000 ) ) ;
#1851 = CARTESIAN_POINT ( 'NONE',  ( 6.000000000000000000, 34.81320343559642794, -7.500000000000000000 ) ) ;
#1852 = ORIENTED_EDGE ( 'NONE', *, *, #5569, .F. ) ;
#1853 = VECTOR ( 'NONE', #5282, 1000.000000000000000 ) ;
#1854 = EDGE_CURVE ( 'NONE', #9015, #5776, #2361, .T. ) ;
#1855 = LINE ( 'NONE', #1217, #8488 ) ;
#1856 = EDGE_CURVE ( 'NONE', #7467, #4949, #6587, .T. ) ;
#1857 = CARTESIAN_POINT ( 'NONE',  ( 5.500000000000000000, 1.000000000000000000, -4.500000000000001776 ) ) ;
#1858 = CARTESIAN_POINT ( 'NONE',  ( -5.699999999999998401, 0.000000000000000000, 0.000000000000000000 ) ) ;
#1859 = CYLINDRICAL_SURFACE ( 'NONE', #2880, 0.9999999999999991118 ) ;
#1860 = ADVANCED_FACE ( 'NONE', ( #5937 ), #228, .T. ) ;
#1861 =( NAMED_UNIT ( * ) PLANE_ANGLE_UNIT ( ) SI_UNIT ( $, .RADIAN. ) );
#1862 = ORIENTED_EDGE ( 'NONE', *, *, #3211, .F. ) ;
#1863 = DIRECTION ( 'NONE',  ( 0.7071067811865475727, -0.000000000000000000, 0.7071067811865475727 ) ) ;
#1864 = ADVANCED_FACE ( 'NONE', ( #316 ), #4365, .F. ) ;
#1865 = ORIENTED_EDGE ( 'NONE', *, *, #6326, .T. ) ;
#1866 = EDGE_LOOP ( 'NONE', ( #1524, #462, #6605, #1719 ) ) ;
#1867 = CARTESIAN_POINT ( 'NONE',  ( 5.700000000000000178, 1.000000000000000000, 0.7500000000000005551 ) ) ;
#1868 = DIRECTION ( 'NONE',  ( -6.023345402697249184E-17, 0.000000000000000000, 1.000000000000000000 ) ) ;
#1869 = CARTESIAN_POINT ( 'NONE',  ( -4.549999999999999822, 3.343074902771997259, 5.699999999999999289 ) ) ;
#1870 = FACE_OUTER_BOUND ( 'NONE', #6764, .T. ) ;
#1871 = ORIENTED_EDGE ( 'NONE', *, *, #3143, .T. ) ;
#1872 = DIRECTION ( 'NONE',  ( 0.000000000000000000, -1.000000000000000000, -0.000000000000000000 ) ) ;
#1873 = VECTOR ( 'NONE', #2112, 1000.000000000000000 ) ;
#1874 =( GEOMETRIC_REPRESENTATION_CONTEXT ( 3 ) GLOBAL_UNCERTAINTY_ASSIGNED_CONTEXT ( ( #4682 ) ) GLOBAL_UNIT_ASSIGNED_CONTEXT ( ( #230, #6637, #5898 ) ) REPRESENTATION_CONTEXT ( 'NONE', 'WORKASPACE' ) );
#1875 = CARTESIAN_POINT ( 'NONE',  ( 6.585786437626905077, 6.800000000000000711, -6.999999999999997335 ) ) ;
#1876 = EDGE_CURVE ( 'NONE', #8040, #3655, #6634, .T. ) ;
#1877 = ORIENTED_EDGE ( 'NONE', *, *, #3954, .T. ) ;
#1878 = VECTOR ( 'NONE', #1263, 1000.000000000000000 ) ;
#1879 = VECTOR ( 'NONE', #4601, 1000.000000000000000 ) ;
#1880 = ORIENTED_EDGE ( 'NONE', *, *, #7894, .F. ) ;
#1881 = DIRECTION ( 'NONE',  ( 0.000000000000000000, -0.000000000000000000, -1.000000000000000000 ) ) ;
#1882 = CARTESIAN_POINT ( 'NONE',  ( -7.500000000000001776, 3.343074902771997259, -4.336808689942016158E-15 ) ) ;
#1883 = CARTESIAN_POINT ( 'NONE',  ( -7.299999999999999822, 1.899999999999999911, 0.000000000000000000 ) ) ;
#1884 = DIRECTION ( 'NONE',  ( -0.000000000000000000, -1.000000000000000000, -0.000000000000000000 ) ) ;
#1885 = UNCERTAINTY_MEASURE_WITH_UNIT (LENGTH_MEASURE( 1.000000000000000082E-05 ), #8492, 'distance_accuracy_value', 'NONE');
#1886 = PRODUCT_DEFINITION_CONTEXT ( 'detailed design', #3439, 'design' ) ;
#1887 = ORIENTED_EDGE ( 'NONE', *, *, #4969, .F. ) ;
#1888 = MECHANICAL_DESIGN_GEOMETRIC_PRESENTATION_REPRESENTATION (  '', ( #5893 ), #4408 ) ;
#1889 = VECTOR ( 'NONE', #3463, 1000.000000000000000 ) ;
#1890 = DIRECTION ( 'NONE',  ( 0.000000000000000000, -0.000000000000000000, -1.000000000000000000 ) ) ;
#1891 = PLANE ( 'NONE',  #7360 ) ;
#1892 = ITEM_DEFINED_TRANSFORMATION ( 'NONE', 'NONE', #6126,  #2096 ) ;
#1893 = VERTEX_POINT ( 'NONE', #4450 ) ;
#1894 = VERTEX_POINT ( 'NONE', #7917 ) ;
#1895 = LINE ( 'NONE', #459, #7513 ) ;
#1896 = EDGE_CURVE ( 'NONE', #5541, #4826, #1566, .T. ) ;
#1897 = ADVANCED_FACE ( 'NONE', ( #6679 ), #8571, .F. ) ;
#1898 = VECTOR ( 'NONE', #1026, 1000.000000000000000 ) ;
#1899 = DIRECTION ( 'NONE',  ( -0.000000000000000000, -1.000000000000000000, -0.000000000000000000 ) ) ;
#1900 = EDGE_LOOP ( 'NONE', ( #453, #8617, #89, #5733 ) ) ;
#1901 = AXIS2_PLACEMENT_3D ( 'NONE', #4397, #3713, #6534 ) ;
#1902 = EDGE_CURVE ( 'NONE', #6795, #1712, #3015, .T. ) ;
#1903 = DIRECTION ( 'NONE',  ( 0.000000000000000000, -0.000000000000000000, -1.000000000000000000 ) ) ;
#1904 = ADVANCED_FACE ( 'NONE', ( #3721 ), #184, .F. ) ;
#1905 = DIRECTION ( 'NONE',  ( 1.000000000000000000, 0.000000000000000000, -0.000000000000000000 ) ) ;
#1906 = DIRECTION ( 'NONE',  ( 0.000000000000000000, 0.000000000000000000, 1.000000000000000000 ) ) ;
#1907 = VECTOR ( 'NONE', #5587, 1000.000000000000000 ) ;
#1908 = DIRECTION ( 'NONE',  ( -1.000000000000000000, -0.000000000000000000, -0.000000000000000000 ) ) ;
#1909 = EDGE_LOOP ( 'NONE', ( #6200, #5101, #4138, #8202 ) ) ;
#1910 = STYLED_ITEM ( 'NONE', ( #1274 ), #2839 ) ;
#1911 = CARTESIAN_POINT ( 'NONE',  ( 6.951363771048454154, 6.800000000000000711, -6.308553560854943676 ) ) ;
#1912 = CARTESIAN_POINT ( 'NONE',  ( -7.000000000000000000, 2.399999999999999467, 6.000000000000000888 ) ) ;
#1913 = DIRECTION ( 'NONE',  ( 1.000000000000000000, -0.000000000000000000, 0.000000000000000000 ) ) ;
#1914 = DIRECTION ( 'NONE',  ( -0.000000000000000000, -1.000000000000000000, -0.000000000000000000 ) ) ;
#1915 = EDGE_LOOP ( 'NONE', ( #703, #8323, #3943, #2023 ) ) ;
#1916 = CARTESIAN_POINT ( 'NONE',  ( 4.749999999999999112, 5.799999999999999822, -3.750000000000000000 ) ) ;
#1917 = ORIENTED_EDGE ( 'NONE', *, *, #6552, .F. ) ;
#1918 = ORIENTED_EDGE ( 'NONE', *, *, #8516, .F. ) ;
#1919 = FACE_OUTER_BOUND ( 'NONE', #4129, .T. ) ;
#1920 = CARTESIAN_POINT ( 'NONE',  ( 6.999999999999999112, 2.399999999999999467, 6.000000000000000000 ) ) ;
#1921 = CARTESIAN_POINT ( 'NONE',  ( 5.700000000000000178, 1.000000000000000000, -0.7499999999999997780 ) ) ;
#1922 = LINE ( 'NONE', #538, #5005 ) ;
#1923 = CARTESIAN_POINT ( 'NONE',  ( -1.900000000000000133, 1.000000000000000000, 1.899999999999999689 ) ) ;
#1924 = SURFACE_SIDE_STYLE ('',( #179 ) ) ;
#1925 = DIRECTION ( 'NONE',  ( -1.000000000000000000, -0.000000000000000000, -0.000000000000000000 ) ) ;
#1926 = ORIENTED_EDGE ( 'NONE', *, *, #3944, .T. ) ;
#1927 = ORIENTED_EDGE ( 'NONE', *, *, #6272, .F. ) ;
#1928 = CARTESIAN_POINT ( 'NONE',  ( -7.749999999999998224, 1.899999999999999911, 7.750000000000000000 ) ) ;
#1929 = FACE_OUTER_BOUND ( 'NONE', #2931, .T. ) ;
#1930 = LINE ( 'NONE', #635, #5165 ) ;
#1931 = VERTEX_POINT ( 'NONE', #829 ) ;
#1932 = DIRECTION ( 'NONE',  ( 1.000000000000000000, 0.000000000000000000, 0.000000000000000000 ) ) ;
#1933 = LINE ( 'NONE', #1104, #2630 ) ;
#1934 = EDGE_CURVE ( 'NONE', #2881, #8100, #1015, .T. ) ;
#1935 = ORIENTED_EDGE ( 'NONE', *, *, #8433, .T. ) ;
#1936 = VERTEX_POINT ( 'NONE', #7323 ) ;
#1937 = AXIS2_PLACEMENT_3D ( 'NONE', #5179, #160, #8672 ) ;
#1938 = DIRECTION ( 'NONE',  ( 0.000000000000000000, 0.000000000000000000, -1.000000000000000000 ) ) ;
#1939 = SURFACE_STYLE_USAGE ( .BOTH. , #5625 ) ;
#1940 = VERTEX_POINT ( 'NONE', #2313 ) ;
#1941 = VECTOR ( 'NONE', #5929, 1000.000000000000000 ) ;
#1942 = CARTESIAN_POINT ( 'NONE',  ( -7.500000000000000000, 1.000000000000000000, -0.7500000000000015543 ) ) ;
#1943 = CARTESIAN_POINT ( 'NONE',  ( 5.700000000000000178, 1.000000000000000000, -1.149999999999999467 ) ) ;
#1944 = DIRECTION ( 'NONE',  ( 1.204669080539449837E-16, 0.000000000000000000, -1.000000000000000000 ) ) ;
#1945 = DIRECTION ( 'NONE',  ( 1.000000000000000000, 0.000000000000000000, 0.000000000000000000 ) ) ;
#1946 = VERTEX_POINT ( 'NONE', #7279 ) ;
#1947 = APPLICATION_CONTEXT ( 'automotive_design' ) ;
#1948 = EDGE_CURVE ( 'NONE', #4521, #1931, #4498, .T. ) ;
#1949 = ADVANCED_FACE ( 'NONE', ( #3807 ), #1757, .F. ) ;
#1950 = CARTESIAN_POINT ( 'NONE',  ( -4.549999999999998934, 1.000000000000000000, 7.499999999999999112 ) ) ;
#1951 =( GEOMETRIC_REPRESENTATION_CONTEXT ( 3 ) GLOBAL_UNCERTAINTY_ASSIGNED_CONTEXT ( ( #5995 ) ) GLOBAL_UNIT_ASSIGNED_CONTEXT ( ( #1081, #3914, #431 ) ) REPRESENTATION_CONTEXT ( 'NONE', 'WORKASPACE' ) );
#1952 = PRODUCT_DEFINITION_CONTEXT ( 'detailed design', #2895, 'design' ) ;
#1953 = CARTESIAN_POINT ( 'NONE',  ( 0.7500000000000002220, 3.343074902771997259, 9.035018104045876857E-17 ) ) ;
#1954 = DIRECTION ( 'NONE',  ( 1.000000000000000000, 0.000000000000000000, -0.000000000000000000 ) ) ;
#1955 = FACE_OUTER_BOUND ( 'NONE', #5891, .T. ) ;
#1956 = EDGE_LOOP ( 'NONE', ( #6003, #8811, #6353, #2392 ) ) ;
#1957 = DIRECTION ( 'NONE',  ( 0.000000000000000000, 0.000000000000000000, 1.000000000000000000 ) ) ;
#1958 = AXIS2_PLACEMENT_3D ( 'NONE', #7565, #2790, #8431 ) ;
#1959 = ORIENTED_EDGE ( 'NONE', *, *, #843, .T. ) ;
#1960 = ORIENTED_EDGE ( 'NONE', *, *, #5296, .F. ) ;
#1961 = FACE_OUTER_BOUND ( 'NONE', #5910, .T. ) ;
#1962 = CARTESIAN_POINT ( 'NONE',  ( 0.000000000000000000, 1.899999999999999911, 0.000000000000000000 ) ) ;
#1963 = CARTESIAN_POINT ( 'NONE',  ( 1.149999999999999911, 0.000000000000000000, 7.500000000000000000 ) ) ;
#1964 = ADVANCED_FACE ( 'NONE', ( #6828 ), #8796, .T. ) ;
#1965 = PRODUCT_DEFINITION_FORMATION_WITH_SPECIFIED_SOURCE ( 'ANY', '', #4649, .NOT_KNOWN. ) ;
#1966 = DIRECTION ( 'NONE',  ( 0.000000000000000000, 1.000000000000000000, -0.000000000000000000 ) ) ;
#1967 = DIRECTION ( 'NONE',  ( -1.000000000000000000, 0.000000000000000000, -5.782411586589355667E-16 ) ) ;
#1968 = EDGE_LOOP ( 'NONE', ( #2865, #6040, #2326, #7871 ) ) ;
#1969 = DIRECTION ( 'NONE',  ( -0.000000000000000000, -1.000000000000000000, -0.000000000000000000 ) ) ;
#1970 = ORIENTED_EDGE ( 'NONE', *, *, #1546, .F. ) ;
#1971 = VERTEX_POINT ( 'NONE', #8993 ) ;
#1972 = CARTESIAN_POINT ( 'NONE',  ( -5.700000000000000178, 3.343074902771997259, -1.150000000000000799 ) ) ;
#1973 = CARTESIAN_POINT ( 'NONE',  ( 0.000000000000000000, 5.799999999999999822, 1.200000000000000178 ) ) ;
#1974 = PLANE ( 'NONE',  #7820 ) ;
#1975 = ADVANCED_FACE ( 'NONE', ( #6031 ), #3946, .T. ) ;
#1976 = FILL_AREA_STYLE_COLOUR ( '', #1356 ) ;
#1977 = ORIENTED_EDGE ( 'NONE', *, *, #4565, .T. ) ;
#1978 = EDGE_CURVE ( 'NONE', #3120, #5082, #7459, .T. ) ;
#1979 = PLANE ( 'NONE',  #4703 ) ;
#1980 = ITEM_DEFINED_TRANSFORMATION ( 'NONE', 'NONE', #4939,  #2096 ) ;
#1981 = EDGE_LOOP ( 'NONE', ( #3870, #1397, #8545, #7761, #5420, #4381, #7933, #4341 ) ) ;
#1982 = ORIENTED_EDGE ( 'NONE', *, *, #901, .T. ) ;
#1983 =( REPRESENTATION_RELATIONSHIP ('NONE','NONE', #464, #8442 ) REPRESENTATION_RELATIONSHIP_WITH_TRANSFORMATION ( #3477 )SHAPE_REPRESENTATION_RELATIONSHIP( ) );
#1984 = DIRECTION ( 'NONE',  ( 0.000000000000000000, 0.000000000000000000, 1.000000000000000000 ) ) ;
#1985 = VECTOR ( 'NONE', #6833, 1000.000000000000000 ) ;
#1986 = AXIS2_PLACEMENT_3D ( 'NONE', #3184, #3290, #6019 ) ;
#1987 = DIRECTION ( 'NONE',  ( 0.000000000000000000, 1.000000000000000000, -0.000000000000000000 ) ) ;
#1988 = EDGE_CURVE ( 'NONE', #2616, #5364, #1895, .T. ) ;
#1989 = ORIENTED_EDGE ( 'NONE', *, *, #7149, .T. ) ;
#1990 = DIRECTION ( 'NONE',  ( 0.000000000000000000, -1.000000000000000000, 0.000000000000000000 ) ) ;
#1991 =( NAMED_UNIT ( * ) PLANE_ANGLE_UNIT ( ) SI_UNIT ( $, .RADIAN. ) );
#1992 = CARTESIAN_POINT ( 'NONE',  ( 4.500000000000000888, 1.000000000000000000, 4.499999999999999112 ) ) ;
#1993 = DIRECTION ( 'NONE',  ( 0.000000000000000000, 0.000000000000000000, 1.000000000000000000 ) ) ;
#1994 = ADVANCED_FACE ( 'NONE', ( #6181 ), #1249, .T. ) ;
#1995 = ORIENTED_EDGE ( 'NONE', *, *, #1493, .F. ) ;
#1996 = VECTOR ( 'NONE', #714, 1000.000000000000000 ) ;
#1997 = ADVANCED_FACE ( 'NONE', ( #367 ), #414, .F. ) ;
#1998 = CARTESIAN_POINT ( 'NONE',  ( 6.999999999999999112, 1.899999999999999911, -6.000000000000000000 ) ) ;
#1999 = DIRECTION ( 'NONE',  ( -0.000000000000000000, 1.000000000000000000, 0.000000000000000000 ) ) ;
#2000 = CARTESIAN_POINT ( 'NONE',  ( 6.000000000000000000, 1.899999999999999911, 6.999999999999999112 ) ) ;
#2001 = AXIS2_PLACEMENT_3D ( 'NONE', #1098, #8231, #1881 ) ;
#2002 = VERTEX_POINT ( 'NONE', #4743 ) ;
#2003 = FACE_OUTER_BOUND ( 'NONE', #7297, .T. ) ;
#2004 = ADVANCED_FACE ( 'NONE', ( #1208 ), #5353, .F. ) ;
#2005 = SHAPE_REPRESENTATION ( 'SAM-M8Q-0-10_2', ( #2096 ), #5383 ) ;
#2006 = ORIENTED_EDGE ( 'NONE', *, *, #4688, .T. ) ;
#2007 = EDGE_CURVE ( 'NONE', #2964, #256, #1846, .T. ) ;
#2008 = ORIENTED_EDGE ( 'NONE', *, *, #2586, .T. ) ;
#2009 = VECTOR ( 'NONE', #4233, 1000.000000000000000 ) ;
#2010 = CARTESIAN_POINT ( 'NONE',  ( -2.649999999999999467, 0.000000000000000000, -5.700000000000000178 ) ) ;
#2011 = DIRECTION ( 'NONE',  ( 1.000000000000000000, 0.000000000000000000, 0.000000000000000000 ) ) ;
#2012 = ADVANCED_FACE ( 'NONE', ( #8946 ), #6872, .F. ) ;
#2013 = ADVANCED_FACE ( 'NONE', ( #5492 ), #1801, .F. ) ;
#2014 = CARTESIAN_POINT ( 'NONE',  ( 7.499999999999999112, 1.000000000000000000, 3.050000000000001599 ) ) ;
#2015 = ADVANCED_FACE ( 'NONE', ( #7600 ), #3252, .F. ) ;
#2016 = LINE ( 'NONE', #8226, #3402 ) ;
#2017 = ORIENTED_EDGE ( 'NONE', *, *, #94, .T. ) ;
#2018 = ORIENTED_EDGE ( 'NONE', *, *, #8168, .F. ) ;
#2019 = LINE ( 'NONE', #7067, #2490 ) ;
#2020 = ADVANCED_FACE ( 'NONE', ( #8899 ), #8203, .T. ) ;
#2021 = ORIENTED_EDGE ( 'NONE', *, *, #4799, .F. ) ;
#2022 = EDGE_CURVE ( 'NONE', #3061, #2262, #2601, .T. ) ;
#2023 = ORIENTED_EDGE ( 'NONE', *, *, #2956, .F. ) ;
#2024 = DIRECTION ( 'NONE',  ( -0.000000000000000000, -1.000000000000000000, -0.000000000000000000 ) ) ;
#2025 = PLANE ( 'NONE',  #2428 ) ;
#2026 = CARTESIAN_POINT ( 'NONE',  ( -6.000000000000000000, 2.107106781186546485, -7.500000000000000000 ) ) ;
#2027 = VECTOR ( 'NONE', #4031, 1000.000000000000000 ) ;
#2028 =( NAMED_UNIT ( * ) SI_UNIT ( $, .STERADIAN. ) SOLID_ANGLE_UNIT ( ) );
#2029 = VECTOR ( 'NONE', #418, 1000.000000000000000 ) ;
#2030 = ORIENTED_EDGE ( 'NONE', *, *, #5494, .T. ) ;
#2031 = DIRECTION ( 'NONE',  ( -1.000000000000000000, 0.000000000000000000, 0.000000000000000000 ) ) ;
#2032 = CLOSED_SHELL ( 'NONE', ( #3147, #3796, #5987, #2555, #4392, #3601 ) ) ;
#2033 = AXIS2_PLACEMENT_3D ( 'NONE', #4008, #4699, #1114 ) ;
#2034 = UNCERTAINTY_MEASURE_WITH_UNIT (LENGTH_MEASURE( 1.000000000000000082E-05 ), #604, 'distance_accuracy_value', 'NONE');
#2035 = ORIENTED_EDGE ( 'NONE', *, *, #1687, .T. ) ;
#2036 = VECTOR ( 'NONE', #7416, 1000.000000000000114 ) ;
#2037 = ORIENTED_EDGE ( 'NONE', *, *, #1194, .T. ) ;
#2038 = VECTOR ( 'NONE', #7095, 1000.000000000000000 ) ;
#2039 = FACE_BOUND ( 'NONE', #7066, .T. ) ;
#2040 = AXIS2_PLACEMENT_3D ( 'NONE', #6195, #3265, #1174 ) ;
#2041 = CARTESIAN_POINT ( 'NONE',  ( -5.700000000000000178, 1.000000000000000000, 1.149999999999998801 ) ) ;
#2042 = AXIS2_PLACEMENT_3D ( 'NONE', #1920, #5513, #8354 ) ;
#2043 = EDGE_LOOP ( 'NONE', ( #1126, #3805, #862, #5134 ) ) ;
#2044 = DIRECTION ( 'NONE',  ( 1.000000000000000000, -0.000000000000000000, 0.000000000000000000 ) ) ;
#2045 = PLANE ( 'NONE',  #7213 ) ;
#2046 = CARTESIAN_POINT ( 'NONE',  ( 0.000000000000000000, 0.000000000000000000, 0.000000000000000000 ) ) ;
#2047 = ORIENTED_EDGE ( 'NONE', *, *, #83, .T. ) ;
#2048 = VECTOR ( 'NONE', #6986, 1000.000000000000000 ) ;
#2049 = VECTOR ( 'NONE', #4346, 1000.000000000000000 ) ;
#2050 = CARTESIAN_POINT ( 'NONE',  ( -4.500000000000000888, 1.000000000000000000, 5.499999999999998224 ) ) ;
#2051 = AXIS2_PLACEMENT_3D ( 'NONE', #6011, #8134, #8037 ) ;
#2052 = LINE ( 'NONE', #2664, #6908 ) ;
#2053 = CARTESIAN_POINT ( 'NONE',  ( -3.050000000000001155, 1.000000000000000000, 5.699999999999999289 ) ) ;
#2054 =( NAMED_UNIT ( * ) PLANE_ANGLE_UNIT ( ) SI_UNIT ( $, .RADIAN. ) );
#2055 = VERTEX_POINT ( 'NONE', #1070 ) ;
#2056 = DIRECTION ( 'NONE',  ( 0.000000000000000000, 1.000000000000000000, -0.000000000000000000 ) ) ;
#2057 = AXIS2_PLACEMENT_3D ( 'NONE', #723, #6391, #9028 ) ;
#2058 = EDGE_LOOP ( 'NONE', ( #2213, #6399, #1028, #313 ) ) ;
#2059 = VECTOR ( 'NONE', #5684, 1000.000000000000000 ) ;
#2060 = DIRECTION ( 'NONE',  ( -0.000000000000000000, -1.000000000000000000, -0.000000000000000000 ) ) ;
#2061 = FILL_AREA_STYLE ('',( #3551 ) ) ;
#2062 = PLANE ( 'NONE',  #407 ) ;
#2063 = CARTESIAN_POINT ( 'NONE',  ( 3.049999999999999822, 1.000000000000000000, 5.700000000000000178 ) ) ;
#2064 = SHAPE_REPRESENTATION ( 'SAM-M8Q-0-10_4', ( #2096 ), #5817 ) ;
#2065 =( LENGTH_UNIT ( ) NAMED_UNIT ( * ) SI_UNIT ( .MILLI., .METRE. ) );
#2066 = ORIENTED_EDGE ( 'NONE', *, *, #8992, .T. ) ;
#2067 = LINE ( 'NONE', #7721, #851 ) ;
#2068 = ORIENTED_EDGE ( 'NONE', *, *, #5923, .T. ) ;
#2069 = ADVANCED_FACE ( 'NONE', ( #2827 ), #7780, .F. ) ;
#2070 = ORIENTED_EDGE ( 'NONE', *, *, #1808, .F. ) ;
#2071 = CARTESIAN_POINT ( 'NONE',  ( 3.050000000000002043, 0.000000000000000000, -7.499999999999999112 ) ) ;
#2072 = EDGE_CURVE ( 'NONE', #2653, #9015, #4879, .T. ) ;
#2073 = DIRECTION ( 'NONE',  ( 1.000000000000000000, 0.000000000000000000, 0.000000000000000000 ) ) ;
#2074 = CARTESIAN_POINT ( 'NONE',  ( 6.999999999999999112, 6.299999999999999822, -6.000000000000000000 ) ) ;
#2075 = VECTOR ( 'NONE', #2816, 1000.000000000000000 ) ;
#2076 = PRODUCT_DEFINITION_SHAPE ( 'NONE', 'NONE',  #9164 ) ;
#2077 = ORIENTED_EDGE ( 'NONE', *, *, #2916, .T. ) ;
#2078 = DIRECTION ( 'NONE',  ( -1.000000000000000000, -0.000000000000000000, -0.000000000000000000 ) ) ;
#2079 = ORIENTED_EDGE ( 'NONE', *, *, #2933, .T. ) ;
#2080 = ORIENTED_EDGE ( 'NONE', *, *, #7877, .T. ) ;
#2081 = CARTESIAN_POINT ( 'NONE',  ( -5.700000000000001066, 1.000000000000000000, 4.549999999999999822 ) ) ;
#2082 = LINE ( 'NONE', #6873, #5805 ) ;
#2083 = PRODUCT_RELATED_PRODUCT_CATEGORY ( 'part', '', ( #3800 ) ) ;
#2084 = ORIENTED_EDGE ( 'NONE', *, *, #3522, .T. ) ;
#2085 = CARTESIAN_POINT ( 'NONE',  ( -2.649999999999999467, 0.000000000000000000, -7.500000000000000000 ) ) ;
#2086 = CARTESIAN_POINT ( 'NONE',  ( 0.000000000000000000, 0.000000000000000000, 0.000000000000000000 ) ) ;
#2087 = ORIENTED_EDGE ( 'NONE', *, *, #6896, .T. ) ;
#2088 = VECTOR ( 'NONE', #7941, 1000.000000000000000 ) ;
#2089 = LINE ( 'NONE', #7142, #3242 ) ;
#2090 = DIRECTION ( 'NONE',  ( 1.000000000000000000, 0.000000000000000000, 0.000000000000000000 ) ) ;
#2091 = CARTESIAN_POINT ( 'NONE',  ( -3.050000000000001155, 1.000000000000000000, 7.499999999999999112 ) ) ;
#2092 = EDGE_LOOP ( 'NONE', ( #6576, #924, #545, #4247 ) ) ;
#2093 = EDGE_CURVE ( 'NONE', #4386, #2358, #2694, .T. ) ;
#2094 = CARTESIAN_POINT ( 'NONE',  ( -3.750000000000001332, 5.799999999999999822, 4.750000000000000000 ) ) ;
#2095 = ORIENTED_EDGE ( 'NONE', *, *, #4139, .T. ) ;
#2096 = AXIS2_PLACEMENT_3D ( 'NONE', #4860, #626, #4243 ) ;
#2097 = CARTESIAN_POINT ( 'NONE',  ( -1.149999999999999023, 0.000000000000000000, -7.500000000000000000 ) ) ;
#2098 = LINE ( 'NONE', #9098, #1889 ) ;
#2099 = LINE ( 'NONE', #6894, #4282 ) ;
#2100 = CARTESIAN_POINT ( 'NONE',  ( 0.000000000000000000, 1.000000000000000000, 0.000000000000000000 ) ) ;
#2101 = EDGE_CURVE ( 'NONE', #8040, #4775, #5574, .T. ) ;
#2102 = CARTESIAN_POINT ( 'NONE',  ( -7.500000000000000888, 1.000000000000000000, 2.649999999999999023 ) ) ;
#2103 = ORIENTED_EDGE ( 'NONE', *, *, #7684, .F. ) ;
#2104 = CARTESIAN_POINT ( 'NONE',  ( 0.000000000000000000, 1.000000000000000000, 0.000000000000000000 ) ) ;
#2105 = ORIENTED_EDGE ( 'NONE', *, *, #2670, .F. ) ;
#2106 = ORIENTED_EDGE ( 'NONE', *, *, #774, .F. ) ;
#2107 = CARTESIAN_POINT ( 'NONE',  ( 0.000000000000000000, 0.000000000000000000, -5.700000000000000178 ) ) ;
#2108 = CARTESIAN_POINT ( 'NONE',  ( -5.699999999999998401, 0.000000000000000000, -3.050000000000002487 ) ) ;
#2109 =( BOUNDED_SURFACE ( )  B_SPLINE_SURFACE ( 3, 3, ( 
 ( #52, #310, #8096, #3587 ),
 ( #99, #3629, #7050, #1529 ),
 ( #5931, #4277, #269, #10 ),
 ( #2878, #699, #3145, #3545 ) ),
 .UNSPECIFIED., .F., .F., .T. ) 
 B_SPLINE_SURFACE_WITH_KNOTS ( ( 4, 4 ),
 ( 4, 4 ),
 ( 0.000000000000000000, 1.000000000000000000 ),
 ( 0.000000000000000000, 1.000000000000000000 ),
 .UNSPECIFIED. ) 
 GEOMETRIC_REPRESENTATION_ITEM ( )  RATIONAL_B_SPLINE_SURFACE ( (
 ( 1.000000000000000000, 0.8047378541243649375, 0.8047378541243649375, 1.000000000000000000),
 ( 0.8047378541243646044, 0.6476030138606874154, 0.6476030138606874154, 0.8047378541243646044),
 ( 0.8047378541243646044, 0.6476030138606874154, 0.6476030138606874154, 0.8047378541243646044),
 ( 1.000000000000000000, 0.8047378541243649375, 0.8047378541243649375, 1.000000000000000000) ) ) 
 REPRESENTATION_ITEM ( '' )  SURFACE ( )  );
#2110 = CARTESIAN_POINT ( 'NONE',  ( 7.500000000000000000, 3.343074902771997259, 0.000000000000000000 ) ) ;
#2111 = ORIENTED_EDGE ( 'NONE', *, *, #3560, .T. ) ;
#2112 = DIRECTION ( 'NONE',  ( 0.000000000000000000, -0.000000000000000000, -1.000000000000000000 ) ) ;
#2113 = ITEM_DEFINED_TRANSFORMATION ( 'NONE', 'NONE', #3311,  #2096 ) ;
#2114 = ADVANCED_FACE ( 'NONE', ( #8422, #1424 ), #6228, .T. ) ;
#2115 = VERTEX_POINT ( 'NONE', #2081 ) ;
#2116 = EDGE_CURVE ( 'NONE', #5382, #2311, #8374, .T. ) ;
#2117 = ORIENTED_EDGE ( 'NONE', *, *, #8028, .T. ) ;
#2118 = ORIENTED_EDGE ( 'NONE', *, *, #5318, .F. ) ;
#2119 = PLANE ( 'NONE',  #7758 ) ;
#2120 = CARTESIAN_POINT ( 'NONE',  ( 0.000000000000000000, 1.000000000000000000, -5.700000000000001066 ) ) ;
#2121 = APPLICATION_CONTEXT ( 'automotive_design' ) ;
#2122 = DIRECTION ( 'NONE',  ( -5.782411586589361583E-16, 0.000000000000000000, 1.000000000000000000 ) ) ;
#2123 = ORIENTED_EDGE ( 'NONE', *, *, #359, .T. ) ;
#2124 = ADVANCED_FACE ( 'NONE', ( #4265, #2736, #5533, #9035, #7089, #5011, #732, #6999, #3576, #6404, #42, #603, #9119, #6270, #2869, #2039, #4925, #5705, #7696, #1347, #1384, #7647 ), #7824, .F. ) ;
#2125 = DIRECTION ( 'NONE',  ( 0.000000000000000000, -0.000000000000000000, 1.000000000000000000 ) ) ;
#2126 = ADVANCED_BREP_SHAPE_REPRESENTATION ( '', ( #5980, #2096 ), #482 ) ;
#2127 = APPLICATION_PROTOCOL_DEFINITION ( 'draft international standard', 'automotive_design', 1998, #6405 ) ;
#2128 = ORIENTED_EDGE ( 'NONE', *, *, #7240, .T. ) ;
#2129 = EDGE_CURVE ( 'NONE', #6770, #4700, #2169, .T. ) ;
#2130 = ADVANCED_FACE ( 'NONE', ( #2781 ), #4222, .T. ) ;
#2131 = VECTOR ( 'NONE', #4652, 1000.000000000000000 ) ;
#2132 = AXIS2_PLACEMENT_3D ( 'NONE', #1882, #6861, #3472 ) ;
#2133 = PLANE ( 'NONE',  #2984 ) ;
#2134 = DIRECTION ( 'NONE',  ( 0.000000000000000000, 0.000000000000000000, -1.000000000000000000 ) ) ;
#2135 = DIRECTION ( 'NONE',  ( 0.000000000000000000, 0.000000000000000000, 1.000000000000000000 ) ) ;
#2136 = CARTESIAN_POINT ( 'NONE',  ( 5.699999999999999289, 3.343074902771997259, 3.050000000000001599 ) ) ;
#2137 = VECTOR ( 'NONE', #8307, 1000.000000000000114 ) ;
#2138 = EDGE_LOOP ( 'NONE', ( #7175, #3573, #8639, #2437 ) ) ;
#2139 = FACE_OUTER_BOUND ( 'NONE', #8078, .T. ) ;
#2140 = DIRECTION ( 'NONE',  ( -1.000000000000000000, 0.000000000000000000, -0.000000000000000000 ) ) ;
#2141 = ADVANCED_FACE ( 'NONE', ( #6360 ), #9148, .F. ) ;
#2142 = LINE ( 'NONE', #3594, #2643 ) ;
#2143 = SURFACE_STYLE_USAGE ( .BOTH. , #4287 ) ;
#2144 = EDGE_CURVE ( 'NONE', #337, #6938, #4832, .T. ) ;
#2145 = DIRECTION ( 'NONE',  ( 5.782411586589355667E-16, 0.000000000000000000, -1.000000000000000000 ) ) ;
#2146 = CARTESIAN_POINT ( 'NONE',  ( 0.000000000000000000, 0.000000000000000000, 1.149999999999998579 ) ) ;
#2147 = CARTESIAN_POINT ( 'NONE',  ( -2.649999999999999467, 0.000000000000000000, -7.500000000000000000 ) ) ;
#2148 = CARTESIAN_POINT ( 'NONE',  ( 0.000000000000000000, 0.000000000000000000, 0.000000000000000000 ) ) ;
#2149 = EDGE_LOOP ( 'NONE', ( #3165, #6821, #3351, #4018 ) ) ;
#2150 = ADVANCED_FACE ( 'NONE', ( #6444 ), #2395, .F. ) ;
#2151 = DIRECTION ( 'NONE',  ( 1.000000000000000000, 0.000000000000000000, -0.000000000000000000 ) ) ;
#2152 = ORIENTED_EDGE ( 'NONE', *, *, #5022, .T. ) ;
#2153 = VECTOR ( 'NONE', #8933, 1000.000000000000000 ) ;
#2154 = PRODUCT_DEFINITION_CONTEXT ( 'detailed design', #2121, 'design' ) ;
#2155 = ORIENTED_EDGE ( 'NONE', *, *, #5613, .T. ) ;
#2156 = CARTESIAN_POINT ( 'NONE',  ( 3.050000000000002043, 1.000000000000000000, 0.000000000000000000 ) ) ;
#2157 = CARTESIAN_POINT ( 'NONE',  ( -6.384746126859087364E-16, 3.343074902771997259, 2.650000000000000799 ) ) ;
#2158 = CARTESIAN_POINT ( 'NONE',  ( 4.499999999999999112, 0.000000000000000000, -4.500000000000001776 ) ) ;
#2159 = CARTESIAN_POINT ( 'NONE',  ( 7.348481391290645656E-16, 3.343074902771997259, -3.050000000000000711 ) ) ;
#2160 = ORIENTED_EDGE ( 'NONE', *, *, #5287, .F. ) ;
#2161 = CARTESIAN_POINT ( 'NONE',  ( -2.649999999999999467, 3.343074902771997259, -7.500000000000000000 ) ) ;
#2162 = CARTESIAN_POINT ( 'NONE',  ( -7.500000000000000000, 1.000000000000000000, -1.150000000000001021 ) ) ;
#2163 = ITEM_DEFINED_TRANSFORMATION ( 'NONE', 'NONE', #325,  #2096 ) ;
#2164 = VERTEX_POINT ( 'NONE', #4489 ) ;
#2165 = AXIS2_PLACEMENT_3D ( 'NONE', #2344, #4481, #2434 ) ;
#2166 = ORIENTED_EDGE ( 'NONE', *, *, #2823, .F. ) ;
#2167 =( BOUNDED_SURFACE ( )  B_SPLINE_SURFACE ( 3, 3, ( 
 ( #540, #7444, #1875, #348 ),
 ( #1236, #3329, #7545, #4726 ),
 ( #6013, #3982, #5475, #3231 ),
 ( #1829, #4675, #3178, #7488 ) ),
 .UNSPECIFIED., .F., .F., .T. ) 
 B_SPLINE_SURFACE_WITH_KNOTS ( ( 4, 4 ),
 ( 4, 4 ),
 ( 0.000000000000000000, 1.000000000000000000 ),
 ( 0.000000000000000000, 1.000000000000000000 ),
 .UNSPECIFIED. ) 
 GEOMETRIC_REPRESENTATION_ITEM ( )  RATIONAL_B_SPLINE_SURFACE ( (
 ( 1.000000000000000000, 0.8047378541243649375, 0.8047378541243649375, 1.000000000000000000),
 ( 0.8047378541243649375, 0.6476030138606876374, 0.6476030138606876374, 0.8047378541243649375),
 ( 0.8047378541243649375, 0.6476030138606876374, 0.6476030138606876374, 0.8047378541243649375),
 ( 1.000000000000000000, 0.8047378541243649375, 0.8047378541243649375, 1.000000000000000000) ) ) 
 REPRESENTATION_ITEM ( '' )  SURFACE ( )  );
#2168 = CARTESIAN_POINT ( 'NONE',  ( 6.658441676274503784, 6.799999999999999822, -6.755824324476294329 ) ) ;
#2169 = LINE ( 'NONE', #644, #8831 ) ;
#2170 = DIRECTION ( 'NONE',  ( 0.000000000000000000, 0.000000000000000000, 1.000000000000000000 ) ) ;
#2171 = EDGE_LOOP ( 'NONE', ( #3705, #6299, #3726, #4444 ) ) ;
#2172 = PLANE ( 'NONE',  #3585 ) ;
#2173 = VECTOR ( 'NONE', #1706, 1000.000000000000000 ) ;
#2174 = CARTESIAN_POINT ( 'NONE',  ( -6.200000000000001066, 1.800000000000000266, -7.299999999999999822 ) ) ;
#2175 = AXIS2_PLACEMENT_3D ( 'NONE', #6222, #4686, #9032 ) ;
#2176 = PRODUCT_CONTEXT ( 'NONE', #4866, 'mechanical' ) ;
#2177 = VECTOR ( 'NONE', #6589, 1000.000000000000000 ) ;
#2178 = ORIENTED_EDGE ( 'NONE', *, *, #6508, .F. ) ;
#2179 = EDGE_CURVE ( 'NONE', #2653, #8689, #3008, .T. ) ;
#2180 = ADVANCED_FACE ( 'NONE', ( #7132 ), #7311, .T. ) ;
#2181 = VECTOR ( 'NONE', #490, 1000.000000000000000 ) ;
#2182 = VECTOR ( 'NONE', #536, 1000.000000000000000 ) ;
#2183 = CARTESIAN_POINT ( 'NONE',  ( -7.650000000000002132, 0.000000000000000000, 7.649999999999998579 ) ) ;
#2184 = ADVANCED_FACE ( 'NONE', ( #5792 ), #4356, .T. ) ;
#2185 = DIRECTION ( 'NONE',  ( 0.000000000000000000, 1.000000000000000000, 0.000000000000000000 ) ) ;
#2186 = CARTESIAN_POINT ( 'NONE',  ( 7.500000000000000000, 0.000000000000000000, -0.7499999999999997780 ) ) ;
#2187 = LINE ( 'NONE', #7051, #7614 ) ;
#2188 = VERTEX_POINT ( 'NONE', #779 ) ;
#2189 = CARTESIAN_POINT ( 'NONE',  ( -0.7500000000000002220, 1.000000000000000000, 0.000000000000000000 ) ) ;
#2190 = LINE ( 'NONE', #2097, #157 ) ;
#2191 = VECTOR ( 'NONE', #3571, 1000.000000000000000 ) ;
#2192 = CARTESIAN_POINT ( 'NONE',  ( -7.500000000000000000, 6.299999999999999822, 6.000000000000000000 ) ) ;
#2193 = CARTESIAN_POINT ( 'NONE',  ( -5.700000000000001066, 1.000000000000000000, 0.000000000000000000 ) ) ;
#2194 = AXIS2_PLACEMENT_3D ( 'NONE', #1148, #5694, #9110 ) ;
#2195 = SURFACE_STYLE_FILL_AREA ( #1633 ) ;
#2196 = LINE ( 'NONE', #7064, #2436 ) ;
#2197 = VERTEX_POINT ( 'NONE', #954 ) ;
#2198 = PLANE ( 'NONE',  #5293 ) ;
#2199 = VECTOR ( 'NONE', #948, 1000.000000000000000 ) ;
#2200 = ORIENTED_EDGE ( 'NONE', *, *, #3450, .T. ) ;
#2201 = ORIENTED_EDGE ( 'NONE', *, *, #1471, .F. ) ;
#2202 = PLANE ( 'NONE',  #1791 ) ;
#2203 = PLANE ( 'NONE',  #5188 ) ;
#2204 = FACE_OUTER_BOUND ( 'NONE', #8225, .T. ) ;
#2205 = LINE ( 'NONE', #679, #3068 ) ;
#2206 = VERTEX_POINT ( 'NONE', #5884 ) ;
#2207 = CARTESIAN_POINT ( 'NONE',  ( -1.149999999999999689, 1.000000000000000000, 0.000000000000000000 ) ) ;
#2208 = CARTESIAN_POINT ( 'NONE',  ( 5.700000000000000178, 1.000000000000000000, 0.7500000000000005551 ) ) ;
#2209 = CONTEXT_DEPENDENT_SHAPE_REPRESENTATION ( #3238, #3568 ) ;
#2210 = EDGE_CURVE ( 'NONE', #7355, #1668, #2353, .T. ) ;
#2211 = ORIENTED_EDGE ( 'NONE', *, *, #3361, .T. ) ;
#2212 = VECTOR ( 'NONE', #676, 1000.000000000000000 ) ;
#2213 = ORIENTED_EDGE ( 'NONE', *, *, #4297, .F. ) ;
#2214 = CARTESIAN_POINT ( 'NONE',  ( -7.500000000000000000, 1.000000000000000000, 1.149999999999998579 ) ) ;
#2215 = DIRECTION ( 'NONE',  ( 0.000000000000000000, 1.000000000000000000, -0.000000000000000000 ) ) ;
#2216 = LINE ( 'NONE', #868, #5060 ) ;
#2217 = VERTEX_POINT ( 'NONE', #2303 ) ;
#2218 = EDGE_CURVE ( 'NONE', #2881, #1468, #8641, .T. ) ;
#2219 = CARTESIAN_POINT ( 'NONE',  ( 0.000000000000000000, 6.799999999999999822, 0.8000000000000000444 ) ) ;
#2220 = APPLICATION_PROTOCOL_DEFINITION ( 'draft international standard', 'automotive_design', 1998, #6880 ) ;
#2221 = VECTOR ( 'NONE', #4941, 1000.000000000000000 ) ;
#2222 = VERTEX_POINT ( 'NONE', #175 ) ;
#2223 = DIRECTION ( 'NONE',  ( -0.7071067811865474617, 0.000000000000000000, -0.7071067811865474617 ) ) ;
#2224 = PLANE ( 'NONE',  #5168 ) ;
#2225 = CARTESIAN_POINT ( 'NONE',  ( -4.750000000000000888, 6.799999999999999822, -4.750000000000000888 ) ) ;
#2226 = DIRECTION ( 'NONE',  ( 0.000000000000000000, 1.000000000000000000, 0.000000000000000000 ) ) ;
#2227 = EDGE_LOOP ( 'NONE', ( #7415, #8719, #2618, #5169 ) ) ;
#2228 = CARTESIAN_POINT ( 'NONE',  ( 0.7500000000000011102, 1.000000000000000000, -7.500000000000000000 ) ) ;
#2229 = EDGE_CURVE ( 'NONE', #3699, #4353, #5139, .T. ) ;
#2230 = AXIS2_PLACEMENT_3D ( 'NONE', #3474, #1243, #5616 ) ;
#2231 =( LENGTH_UNIT ( ) NAMED_UNIT ( * ) SI_UNIT ( .MILLI., .METRE. ) );
#2232 = VECTOR ( 'NONE', #3363, 1000.000000000000000 ) ;
#2233 = DIRECTION ( 'NONE',  ( -0.000000000000000000, 0.000000000000000000, -1.000000000000000000 ) ) ;
#2234 =( GEOMETRIC_REPRESENTATION_CONTEXT ( 3 ) GLOBAL_UNCERTAINTY_ASSIGNED_CONTEXT ( ( #2034 ) ) GLOBAL_UNIT_ASSIGNED_CONTEXT ( ( #604, #6229, #3395 ) ) REPRESENTATION_CONTEXT ( 'NONE', 'WORKASPACE' ) );
#2235 = LINE ( 'NONE', #5074, #5575 ) ;
#2236 = DIRECTION ( 'NONE',  ( -1.000000000000000000, -0.000000000000000000, -0.000000000000000000 ) ) ;
#2237 = VERTEX_POINT ( 'NONE', #8604 ) ;
#2238 = LINE ( 'NONE', #2892, #1309 ) ;
#2239 = STYLED_ITEM ( 'NONE', ( #2917 ), #9085 ) ;
#2240 = EDGE_LOOP ( 'NONE', ( #6698, #2679, #1589, #214 ) ) ;
#2241 = VERTEX_POINT ( 'NONE', #7953 ) ;
#2242 = LINE ( 'NONE', #2156, #6542 ) ;
#2243 = ADVANCED_FACE ( 'NONE', ( #5238 ), #5928, .F. ) ;
#2244 = FACE_OUTER_BOUND ( 'NONE', #7085, .T. ) ;
#2245 = CARTESIAN_POINT ( 'NONE',  ( -0.7499999999999995559, 1.000000000000000000, -5.700000000000000178 ) ) ;
#2246 =( NAMED_UNIT ( * ) SI_UNIT ( $, .STERADIAN. ) SOLID_ANGLE_UNIT ( ) );
#2247 = ORIENTED_EDGE ( 'NONE', *, *, #8308, .F. ) ;
#2248 = CARTESIAN_POINT ( 'NONE',  ( 7.500000000000000000, 1.000000000000000000, -4.549999999999998934 ) ) ;
#2249 = DIRECTION ( 'NONE',  ( 0.000000000000000000, 0.000000000000000000, 1.000000000000000000 ) ) ;
#2250 = ITEM_DEFINED_TRANSFORMATION ( 'NONE', 'NONE', #8179,  #2096 ) ;
#2251 = ORIENTED_EDGE ( 'NONE', *, *, #1352, .T. ) ;
#2252 = EDGE_CURVE ( 'NONE', #2206, #5245, #217, .T. ) ;
#2253 = ORIENTED_EDGE ( 'NONE', *, *, #6563, .T. ) ;
#2254 = CARTESIAN_POINT ( 'NONE',  ( 2.650000000000001243, 3.343074902771997259, -7.500000000000000000 ) ) ;
#2255 = DIRECTION ( 'NONE',  ( 0.000000000000000000, 0.000000000000000000, -1.000000000000000000 ) ) ;
#2256 = EDGE_CURVE ( 'NONE', #5831, #5449, #3755, .T. ) ;
#2257 = CARTESIAN_POINT ( 'NONE',  ( -6.000000000000002665, 2.107106781186546929, 7.499999999999996447 ) ) ;
#2258 = VERTEX_POINT ( 'NONE', #6490 ) ;
#2259 = DIRECTION ( 'NONE',  ( -0.000000000000000000, -1.000000000000000000, -0.000000000000000000 ) ) ;
#2260 = DIRECTION ( 'NONE',  ( 1.000000000000000000, 0.000000000000000000, -0.000000000000000000 ) ) ;
#2261 = PRODUCT_CONTEXT ( 'NONE', #54, 'mechanical' ) ;
#2262 = VERTEX_POINT ( 'NONE', #3098 ) ;
#2263 = ORIENTED_EDGE ( 'NONE', *, *, #9076, .F. ) ;
#2264 = ADVANCED_FACE ( 'NONE', ( #8736 ), #7996, .T. ) ;
#2265 = FACE_OUTER_BOUND ( 'NONE', #7371, .T. ) ;
#2266 = FACE_BOUND ( 'NONE', #566, .T. ) ;
#2267 = ADVANCED_FACE ( 'NONE', ( #1556 ), #86, .T. ) ;
#2268 = CARTESIAN_POINT ( 'NONE',  ( -7.292893218813452094, 1.899999999999999023, -6.207106781186547906 ) ) ;
#2269 = ORIENTED_EDGE ( 'NONE', *, *, #8188, .T. ) ;
#2270 = CARTESIAN_POINT ( 'NONE',  ( -6.999999999999999112, 1.899999999999999689, 6.000000000000000888 ) ) ;
#2271 = EDGE_CURVE ( 'NONE', #1833, #6179, #266, .T. ) ;
#2272 =( REPRESENTATION_RELATIONSHIP ('NONE','NONE', #464, #8680 ) REPRESENTATION_RELATIONSHIP_WITH_TRANSFORMATION ( #1380 )SHAPE_REPRESENTATION_RELATIONSHIP( ) );
#2273 = DIRECTION ( 'NONE',  ( 0.000000000000000000, -0.000000000000000000, 1.000000000000000000 ) ) ;
#2274 = PLANE ( 'NONE',  #8909 ) ;
#2275 = PRESENTATION_LAYER_ASSIGNMENT (  '', '', ( #6438 ) ) ;
#2276 = FACE_OUTER_BOUND ( 'NONE', #6254, .T. ) ;
#2277 = CARTESIAN_POINT ( 'NONE',  ( 7.750000000000001776, 1.899999999999999911, -7.750000000000003553 ) ) ;
#2278 = DIRECTION ( 'NONE',  ( 0.000000000000000000, 0.000000000000000000, 1.000000000000000000 ) ) ;
#2279 = ORIENTED_EDGE ( 'NONE', *, *, #8031, .T. ) ;
#2280 = CARTESIAN_POINT ( 'NONE',  ( 0.000000000000000000, 1.000000000000000000, -5.699999999999999289 ) ) ;
#2281 = EDGE_CURVE ( 'NONE', #3044, #8171, #5751, .T. ) ;
#2282 = ORIENTED_EDGE ( 'NONE', *, *, #8564, .T. ) ;
#2283 = ADVANCED_FACE ( 'NONE', ( #2638 ), #6121, .F. ) ;
#2284 = EDGE_CURVE ( 'NONE', #2358, #5141, #2541, .T. ) ;
#2285 = VERTEX_POINT ( 'NONE', #1836 ) ;
#2286 = DIRECTION ( 'NONE',  ( 0.000000000000000000, 1.000000000000000000, 0.000000000000000000 ) ) ;
#2287 = CARTESIAN_POINT ( 'NONE',  ( -4.750000000000000888, 5.799999999999998934, 3.750000000000000000 ) ) ;
#2288 = DIRECTION ( 'NONE',  ( 0.000000000000000000, 1.000000000000000000, 0.000000000000000000 ) ) ;
#2289 = LINE ( 'NONE', #4997, #6357 ) ;
#2290 = EDGE_CURVE ( 'NONE', #1940, #1134, #6817, .T. ) ;
#2291 = DIRECTION ( 'NONE',  ( 1.000000000000000000, 0.000000000000000000, -0.000000000000000000 ) ) ;
#2292 = ORIENTED_EDGE ( 'NONE', *, *, #8461, .F. ) ;
#2293 = EDGE_CURVE ( 'NONE', #5491, #2222, #3889, .T. ) ;
#2294 = CARTESIAN_POINT ( 'NONE',  ( 2.650000000000001243, 0.000000000000000000, -7.500000000000000000 ) ) ;
#2295 = LINE ( 'NONE', #3091, #8990 ) ;
#2296 = ADVANCED_FACE ( 'NONE', ( #8891 ), #8935, .F. ) ;
#2297 = VECTOR ( 'NONE', #5405, 1000.000000000000000 ) ;
#2298 =( REPRESENTATION_RELATIONSHIP ('NONE','NONE', #464, #3369 ) REPRESENTATION_RELATIONSHIP_WITH_TRANSFORMATION ( #1843 )SHAPE_REPRESENTATION_RELATIONSHIP( ) );
#2299 = VERTEX_POINT ( 'NONE', #500 ) ;
#2300 = ADVANCED_FACE ( 'NONE', ( #4635 ), #8090, .F. ) ;
#2301 = ORIENTED_EDGE ( 'NONE', *, *, #1438, .F. ) ;
#2302 = CARTESIAN_POINT ( 'NONE',  ( 6.941124564953390141, 6.799999999999998046, -6.338424577961376372 ) ) ;
#2303 = CARTESIAN_POINT ( 'NONE',  ( 1.150000000000000577, 1.000000000000000000, -7.500000000000000000 ) ) ;
#2304 = AXIS2_PLACEMENT_3D ( 'NONE', #5025, #957, #1699 ) ;
#2305 = CARTESIAN_POINT ( 'NONE',  ( -7.292893218813450318, 1.899999999999999689, 6.000000000000000888 ) ) ;
#2306 = VERTEX_POINT ( 'NONE', #6714 ) ;
#2307 = DIRECTION ( 'NONE',  ( 0.000000000000000000, -0.000000000000000000, 1.000000000000000000 ) ) ;
#2308 = PRODUCT_DEFINITION_SHAPE ( 'NONE', 'NONE',  #6346 ) ;
#2309 = DIRECTION ( 'NONE',  ( 2.409338161078899674E-16, 0.000000000000000000, -1.000000000000000000 ) ) ;
#2310 = DIRECTION ( 'NONE',  ( 1.000000000000000000, 0.000000000000000000, 0.000000000000000000 ) ) ;
#2311 = VERTEX_POINT ( 'NONE', #3140 ) ;
#2312 = VERTEX_POINT ( 'NONE', #1748 ) ;
#2313 = CARTESIAN_POINT ( 'NONE',  ( 2.650000000000000355, 1.000000000000000000, 7.500000000000000000 ) ) ;
#2314 = VECTOR ( 'NONE', #5860, 1000.000000000000000 ) ;
#2315 = FACE_BOUND ( 'NONE', #225, .T. ) ;
#2316 = PRESENTATION_STYLE_ASSIGNMENT (( #320 ) ) ;
#2317 = VECTOR ( 'NONE', #3672, 1000.000000000000000 ) ;
#2318 = DIRECTION ( 'NONE',  ( 1.204669080539449837E-16, 0.000000000000000000, -1.000000000000000000 ) ) ;
#2319 = ORIENTED_EDGE ( 'NONE', *, *, #1497, .T. ) ;
#2320 = DIRECTION ( 'NONE',  ( 0.000000000000000000, 0.000000000000000000, -1.000000000000000000 ) ) ;
#2321 = VECTOR ( 'NONE', #2938, 1000.000000000000000 ) ;
#2322 = VECTOR ( 'NONE', #7881, 1000.000000000000000 ) ;
#2323 = VECTOR ( 'NONE', #919, 1000.000000000000000 ) ;
#2324 = VECTOR ( 'NONE', #4403, 1000.000000000000000 ) ;
#2325 = CARTESIAN_POINT ( 'NONE',  ( 0.000000000000000000, 1.000000000000000000, 3.050000000000001599 ) ) ;
#2326 = ORIENTED_EDGE ( 'NONE', *, *, #7195, .T. ) ;
#2327 = CARTESIAN_POINT ( 'NONE',  ( 7.499999999999999112, 6.299999999999999822, 6.000000000000000888 ) ) ;
#2328 = VECTOR ( 'NONE', #2758, 1000.000000000000000 ) ;
#2329 =( NAMED_UNIT ( * ) PLANE_ANGLE_UNIT ( ) SI_UNIT ( $, .RADIAN. ) );
#2330 = LINE ( 'NONE', #8809, #3774 ) ;
#2331 = EDGE_LOOP ( 'NONE', ( #4003, #7646, #4645, #683 ) ) ;
#2332 = PRODUCT_DEFINITION_SHAPE ( 'NONE', 'NONE',  #7689 ) ;
#2333 = LINE ( 'NONE', #5220, #9125 ) ;
#2334 = ORIENTED_EDGE ( 'NONE', *, *, #6043, .T. ) ;
#2335 = ORIENTED_EDGE ( 'NONE', *, *, #7329, .T. ) ;
#2336 = LINE ( 'NONE', #1545, #7572 ) ;
#2337 = VECTOR ( 'NONE', #8064, 1000.000000000000000 ) ;
#2338 = CARTESIAN_POINT ( 'NONE',  ( 0.000000000000000000, 1.000000000000000000, 5.700000000000000178 ) ) ;
#2339 = LINE ( 'NONE', #8177, #8721 ) ;
#2340 = DIRECTION ( 'NONE',  ( 0.000000000000000000, 0.000000000000000000, -1.000000000000000000 ) ) ;
#2341 = VECTOR ( 'NONE', #4299, 1000.000000000000000 ) ;
#2342 = FILL_AREA_STYLE ('',( #2432 ) ) ;
#2343 = ORIENTED_EDGE ( 'NONE', *, *, #8977, .T. ) ;
#2344 = CARTESIAN_POINT ( 'NONE',  ( -7.499999999999998224, 1.000000000000000000, -4.550000000000000711 ) ) ;
#2345 = AXIS2_PLACEMENT_3D ( 'NONE', #4599, #277, #5204 ) ;
#2346 = CARTESIAN_POINT ( 'NONE',  ( 4.549999999999999822, 0.000000000000000000, -5.699999999999998401 ) ) ;
#2347 = ORIENTED_EDGE ( 'NONE', *, *, #7081, .F. ) ;
#2348 = VECTOR ( 'NONE', #2674, 1000.000000000000000 ) ;
#2349 = EDGE_CURVE ( 'NONE', #8085, #1679, #4586, .T. ) ;
#2350 = ADVANCED_FACE ( 'NONE', ( #7451 ), #3990, .T. ) ;
#2351 = VERTEX_POINT ( 'NONE', #5430 ) ;
#2352 = CARTESIAN_POINT ( 'NONE',  ( -5.700000000000001066, 1.000000000000000000, 4.549999999999998934 ) ) ;
#2353 = LINE ( 'NONE', #4442, #6501 ) ;
#2354 =( NAMED_UNIT ( * ) PLANE_ANGLE_UNIT ( ) SI_UNIT ( $, .RADIAN. ) );
#2355 = ORIENTED_EDGE ( 'NONE', *, *, #6117, .F. ) ;
#2356 = CARTESIAN_POINT ( 'NONE',  ( 0.000000000000000000, 0.000000000000000000, -4.549999999999999822 ) ) ;
#2357 = PRODUCT_CONTEXT ( 'NONE', #3562, 'mechanical' ) ;
#2358 = VERTEX_POINT ( 'NONE', #3185 ) ;
#2359 = VERTEX_POINT ( 'NONE', #8982 ) ;
#2360 = PRODUCT_DEFINITION ( 'UNKNOWN', '', #8331, #3452 ) ;
#2361 = LINE ( 'NONE', #963, #837 ) ;
#2362 = AXIS2_PLACEMENT_3D ( 'NONE', #3833, #1737, #4575 ) ;
#2363 = FACE_BOUND ( 'NONE', #8265, .T. ) ;
#2364 = DIRECTION ( 'NONE',  ( -0.000000000000000000, 0.000000000000000000, 1.000000000000000000 ) ) ;
#2365 = CARTESIAN_POINT ( 'NONE',  ( -7.499999999999998224, 0.000000000000000000, -4.550000000000000711 ) ) ;
#2366 = ORIENTED_EDGE ( 'NONE', *, *, #6896, .F. ) ;
#2367 = CARTESIAN_POINT ( 'NONE',  ( 3.050000000000002043, 1.000000000000000000, 0.000000000000000000 ) ) ;
#2368 = VERTEX_POINT ( 'NONE', #8192 ) ;
#2369 = CARTESIAN_POINT ( 'NONE',  ( -5.700000000000000178, 0.000000000000000000, -0.7500000000000013323 ) ) ;
#2370 = ORIENTED_EDGE ( 'NONE', *, *, #5493, .T. ) ;
#2371 = LINE ( 'NONE', #1029, #1298 ) ;
#2372 = EDGE_CURVE ( 'NONE', #6938, #8482, #1100, .T. ) ;
#2373 = DIRECTION ( 'NONE',  ( 0.000000000000000000, 1.000000000000000000, 0.000000000000000000 ) ) ;
#2374 = CARTESIAN_POINT ( 'NONE',  ( 1.150000000000000577, 1.000000000000000000, 0.000000000000000000 ) ) ;
#2375 = ORIENTED_EDGE ( 'NONE', *, *, #317, .T. ) ;
#2376 = DIRECTION ( 'NONE',  ( 0.000000000000000000, 0.000000000000000000, -1.000000000000000000 ) ) ;
#2377 = ORIENTED_EDGE ( 'NONE', *, *, #2845, .T. ) ;
#2378 = AXIS2_PLACEMENT_3D ( 'NONE', #7344, #986, #3169 ) ;
#2379 = ORIENTED_EDGE ( 'NONE', *, *, #7176, .T. ) ;
#2380 = CARTESIAN_POINT ( 'NONE',  ( 0.000000000000000000, 1.000000000000000000, 7.500000000000000000 ) ) ;
#2381 = EDGE_CURVE ( 'NONE', #3136, #578, #6020, .T. ) ;
#2382 = PRODUCT_DEFINITION_SHAPE ( 'NONE', 'NONE',  #7126 ) ;
#2383 = LINE ( 'NONE', #5867, #6336 ) ;
#2384 = CARTESIAN_POINT ( 'NONE',  ( -3.750000000000001332, 5.799999999999998934, 4.750000000000000000 ) ) ;
#2385 = LINE ( 'NONE', #3174, #3841 ) ;
#2386 = VECTOR ( 'NONE', #4357, 1000.000000000000000 ) ;
#2387 = PLANE ( 'NONE',  #4135 ) ;
#2388 = VERTEX_POINT ( 'NONE', #4037 ) ;
#2389 = CARTESIAN_POINT ( 'NONE',  ( 3.050000000000002043, 1.000000000000000000, -5.699999999999999289 ) ) ;
#2390 =( GEOMETRIC_REPRESENTATION_CONTEXT ( 3 ) GLOBAL_UNCERTAINTY_ASSIGNED_CONTEXT ( ( #7552 ) ) GLOBAL_UNIT_ASSIGNED_CONTEXT ( ( #2065, #6945, #670 ) ) REPRESENTATION_CONTEXT ( 'NONE', 'WORKASPACE' ) );
#2391 = LINE ( 'NONE', #169, #4999 ) ;
#2392 = ORIENTED_EDGE ( 'NONE', *, *, #5458, .T. ) ;
#2393 = ORIENTED_EDGE ( 'NONE', *, *, #2093, .T. ) ;
#2394 = DIRECTION ( 'NONE',  ( 0.000000000000000000, 0.000000000000000000, 1.000000000000000000 ) ) ;
#2395 = PLANE ( 'NONE',  #3216 ) ;
#2396 = ORIENTED_EDGE ( 'NONE', *, *, #4511, .T. ) ;
#2397 = EDGE_CURVE ( 'NONE', #2055, #6190, #2495, .T. ) ;
#2398 = EDGE_CURVE ( 'NONE', #6871, #8336, #5343, .T. ) ;
#2399 = DIRECTION ( 'NONE',  ( 0.000000000000000000, 1.000000000000000000, 0.000000000000000000 ) ) ;
#2400 = SURFACE_SIDE_STYLE ('',( #1615 ) ) ;
#2401 = PRODUCT_CONTEXT ( 'NONE', #2419, 'mechanical' ) ;
#2402 = ADVANCED_FACE ( 'NONE', ( #1789 ), #6862, .T. ) ;
#2403 = ORIENTED_EDGE ( 'NONE', *, *, #6464, .T. ) ;
#2404 = ORIENTED_EDGE ( 'NONE', *, *, #2072, .T. ) ;
#2405 = CARTESIAN_POINT ( 'NONE',  ( 4.749999999999999112, -7.635028842544401506, -3.750000000000000000 ) ) ;
#2406 = ADVANCED_FACE ( 'NONE', ( #6072 ), #7496, .F. ) ;
#2407 = PRODUCT_DEFINITION_SHAPE ( 'NONE', 'NONE',  #6183 ) ;
#2408 = SHAPE_REPRESENTATION ( 'SAM-M8Q-0-10_13', ( #2096 ), #2390 ) ;
#2409 = DIRECTION ( 'NONE',  ( 0.000000000000000000, 0.000000000000000000, 1.000000000000000000 ) ) ;
#2410 =( NAMED_UNIT ( * ) PLANE_ANGLE_UNIT ( ) SI_UNIT ( $, .RADIAN. ) );
#2411 = EDGE_CURVE ( 'NONE', #3851, #7321, #4913, .T. ) ;
#2412 = CARTESIAN_POINT ( 'NONE',  ( 0.000000000000000000, 1.000000000000000000, 7.499999999999999112 ) ) ;
#2413 = CARTESIAN_POINT ( 'NONE',  ( 0.000000000000000000, 0.000000000000000000, 0.000000000000000000 ) ) ;
#2414 = PLANE ( 'NONE',  #1300 ) ;
#2415 = ORIENTED_EDGE ( 'NONE', *, *, #5402, .F. ) ;
#2416 = EDGE_CURVE ( 'NONE', #5078, #2306, #3473, .T. ) ;
#2417 = DIRECTION ( 'NONE',  ( -1.000000000000000000, 0.000000000000000000, -0.000000000000000000 ) ) ;
#2418 = ORIENTED_EDGE ( 'NONE', *, *, #5595, .T. ) ;
#2419 = APPLICATION_CONTEXT ( 'automotive_design' ) ;
#2420 = CARTESIAN_POINT ( 'NONE',  ( 7.292893218813452094, 6.800000000000000711, 6.000000000000001776 ) ) ;
#2421 = CARTESIAN_POINT ( 'NONE',  ( 0.000000000000000000, 6.799999999999999822, 4.750000000000000000 ) ) ;
#2422 = CARTESIAN_POINT ( 'NONE',  ( -7.500000000000000000, 1.000000000000000000, -1.150000000000001021 ) ) ;
#2423 = EDGE_LOOP ( 'NONE', ( #5785, #6890, #2037, #5789 ) ) ;
#2424 = DIRECTION ( 'NONE',  ( 0.7071067811865474617, 0.000000000000000000, -0.7071067811865474617 ) ) ;
#2425 = EDGE_LOOP ( 'NONE', ( #1482, #6068, #5358, #495 ) ) ;
#2426 = ORIENTED_EDGE ( 'NONE', *, *, #3394, .F. ) ;
#2427 = LINE ( 'NONE', #5956, #2693 ) ;
#2428 = AXIS2_PLACEMENT_3D ( 'NONE', #499, #2730, #2817 ) ;
#2429 = LINE ( 'NONE', #3875, #3817 ) ;
#2430 = DIRECTION ( 'NONE',  ( 0.000000000000000000, -1.000000000000000000, 0.000000000000000000 ) ) ;
#2431 = LINE ( 'NONE', #4026, #1016 ) ;
#2432 = FILL_AREA_STYLE_COLOUR ( '', #4266 ) ;
#2433 = ORIENTED_EDGE ( 'NONE', *, *, #1714, .T. ) ;
#2434 = DIRECTION ( 'NONE',  ( 0.000000000000000000, 0.000000000000000000, 1.000000000000000000 ) ) ;
#2435 = LINE ( 'NONE', #5276, #4137 ) ;
#2436 = VECTOR ( 'NONE', #2990, 1000.000000000000000 ) ;
#2437 = ORIENTED_EDGE ( 'NONE', *, *, #1177, .T. ) ;
#2438 = ORIENTED_EDGE ( 'NONE', *, *, #998, .F. ) ;
#2439 = FACE_OUTER_BOUND ( 'NONE', #4211, .T. ) ;
#2440 = CARTESIAN_POINT ( 'NONE',  ( 0.000000000000000000, 0.000000000000000000, 0.000000000000000000 ) ) ;
#2441 = DIRECTION ( 'NONE',  ( 0.000000000000000000, -1.000000000000000000, 0.000000000000000000 ) ) ;
#2442 = SURFACE_STYLE_FILL_AREA ( #7452 ) ;
#2443 = VERTEX_POINT ( 'NONE', #1285 ) ;
#2444 = VECTOR ( 'NONE', #1834, 1000.000000000000000 ) ;
#2445 = CARTESIAN_POINT ( 'NONE',  ( -7.650000000000002132, 1.000000000000000000, 0.000000000000000000 ) ) ;
#2446 = CARTESIAN_POINT ( 'NONE',  ( 4.749999999999999112, 5.799999999999999822, 4.750000000000000000 ) ) ;
#2447 = SHAPE_DEFINITION_REPRESENTATION ( #3901, #3772 ) ;
#2448 = EDGE_LOOP ( 'NONE', ( #2626, #2426, #3526, #282 ) ) ;
#2449 = VERTEX_POINT ( 'NONE', #6304 ) ;
#2450 = VECTOR ( 'NONE', #4324, 1000.000000000000000 ) ;
#2451 = DIRECTION ( 'NONE',  ( 0.000000000000000000, -0.000000000000000000, 1.000000000000000000 ) ) ;
#2452 = CARTESIAN_POINT ( 'NONE',  ( 1.149999999999999911, 3.343074902771997259, 0.000000000000000000 ) ) ;
#2453 = DIRECTION ( 'NONE',  ( -1.000000000000000000, 0.000000000000000000, -0.000000000000000000 ) ) ;
#2454 = LINE ( 'NONE', #4651, #6922 ) ;
#2455 = DIRECTION ( 'NONE',  ( 0.000000000000000000, 0.000000000000000000, 1.000000000000000000 ) ) ;
#2456 =( NAMED_UNIT ( * ) SI_UNIT ( $, .STERADIAN. ) SOLID_ANGLE_UNIT ( ) );
#2457 = FACE_OUTER_BOUND ( 'NONE', #1866, .T. ) ;
#2458 = ORIENTED_EDGE ( 'NONE', *, *, #4344, .F. ) ;
#2459 = PRODUCT ( 'SAM-M8Q-0-10_17', 'SAM-M8Q-0-10_17', '', ( #6450 ) ) ;
#2460 = UNCERTAINTY_MEASURE_WITH_UNIT (LENGTH_MEASURE( 1.000000000000000082E-05 ), #4936, 'distance_accuracy_value', 'NONE');
#2461 = EDGE_CURVE ( 'NONE', #6646, #2359, #1930, .T. ) ;
#2462 = FACE_OUTER_BOUND ( 'NONE', #8976, .T. ) ;
#2463 = CARTESIAN_POINT ( 'NONE',  ( -1.149999999999999245, 0.000000000000000000, -5.700000000000000178 ) ) ;
#2464 = VECTOR ( 'NONE', #1279, 1000.000000000000000 ) ;
#2465 =( BOUNDED_CURVE ( )  B_SPLINE_CURVE ( 3, ( #5976, #1007, #7878, #5288 ),
 .UNSPECIFIED., .F., .T. ) 
 B_SPLINE_CURVE_WITH_KNOTS ( ( 4, 4 ),
 ( 1.570796326794897446, 3.141592653589793116 ),
 .UNSPECIFIED. ) 
 CURVE ( )  GEOMETRIC_REPRESENTATION_ITEM ( )  RATIONAL_B_SPLINE_CURVE ( ( 1.000000000000000000, 0.8047378541243652705, 0.8047378541243652705, 1.000000000000000000 ) ) 
 REPRESENTATION_ITEM ( '' )  );
#2466 = DIRECTION ( 'NONE',  ( 1.000000000000000000, -0.000000000000000000, 0.000000000000000000 ) ) ;
#2467 = CARTESIAN_POINT ( 'NONE',  ( 6.000000000000000000, 2.399999999999999467, -6.000000000000000000 ) ) ;
#2468 = DIRECTION ( 'NONE',  ( -1.000000000000000000, -0.000000000000000000, -0.000000000000000000 ) ) ;
#2469 = STYLED_ITEM ( 'NONE', ( #1449 ), #14 ) ;
#2470 = EDGE_LOOP ( 'NONE', ( #1887, #2619, #3319, #4348 ) ) ;
#2471 = CARTESIAN_POINT ( 'NONE',  ( 7.499999999999997335, 2.107106781186546485, -6.000000000000001776 ) ) ;
#2472 = VECTOR ( 'NONE', #7965, 1000.000000000000000 ) ;
#2473 = VECTOR ( 'NONE', #3245, 1000.000000000000000 ) ;
#2474 =( GEOMETRIC_REPRESENTATION_CONTEXT ( 3 ) GLOBAL_UNCERTAINTY_ASSIGNED_CONTEXT ( ( #6819 ) ) GLOBAL_UNIT_ASSIGNED_CONTEXT ( ( #1752, #8895, #5390 ) ) REPRESENTATION_CONTEXT ( 'NONE', 'WORKASPACE' ) );
#2475 = VERTEX_POINT ( 'NONE', #6262 ) ;
#2476 = EDGE_LOOP ( 'NONE', ( #2319, #4788, #902, #479 ) ) ;
#2477 = PLANE ( 'NONE',  #3582 ) ;
#2478 = AXIS2_PLACEMENT_3D ( 'NONE', #8807, #4420, #1720 ) ;
#2479 = VECTOR ( 'NONE', #2513, 1000.000000000000000 ) ;
#2480 = PRODUCT_RELATED_PRODUCT_CATEGORY ( 'part', '', ( #335 ) ) ;
#2481 = CARTESIAN_POINT ( 'NONE',  ( -5.500000000000000000, 0.000000000000000000, 4.499999999999999112 ) ) ;
#2482 = LINE ( 'NONE', #5181, #144 ) ;
#2483 = DIRECTION ( 'NONE',  ( 0.000000000000000000, 1.000000000000000000, -0.000000000000000000 ) ) ;
#2484 = DIRECTION ( 'NONE',  ( 0.000000000000000000, 0.000000000000000000, 1.000000000000000000 ) ) ;
#2485 = VERTEX_POINT ( 'NONE', #5527 ) ;
#2486 = DIRECTION ( 'NONE',  ( 0.000000000000000000, -0.000000000000000000, 1.000000000000000000 ) ) ;
#2487 = CARTESIAN_POINT ( 'NONE',  ( 0.000000000000000000, 1.000000000000000000, 7.500000000000000000 ) ) ;
#2488 = CYLINDRICAL_SURFACE ( 'NONE', #7230, 0.4000000000000000777 ) ;
#2489 = EDGE_LOOP ( 'NONE', ( #8565, #5092, #391, #8671 ) ) ;
#2490 = VECTOR ( 'NONE', #1969, 1000.000000000000000 ) ;
#2491 = PRODUCT ( 'SAM-M8Q-0-10_16', 'SAM-M8Q-0-10_16', '', ( #2401 ) ) ;
#2492 = EDGE_LOOP ( 'NONE', ( #4199, #5695, #8556, #2155 ) ) ;
#2493 = DIRECTION ( 'NONE',  ( 0.000000000000000000, 1.000000000000000000, 0.000000000000000000 ) ) ;
#2494 = FACE_OUTER_BOUND ( 'NONE', #4379, .T. ) ;
#2495 = LINE ( 'NONE', #8785, #6951 ) ;
#2496 = LINE ( 'NONE', #5239, #2537 ) ;
#2497 = AXIS2_PLACEMENT_3D ( 'NONE', #1942, #1163, #6135 ) ;
#2498 = VERTEX_POINT ( 'NONE', #2770 ) ;
#2499 = ADVANCED_FACE ( 'NONE', ( #6993 ), #1974, .F. ) ;
#2500 = CARTESIAN_POINT ( 'NONE',  ( 7.649999999999998579, 1.000000000000000000, 7.649999999999998579 ) ) ;
#2501 = VECTOR ( 'NONE', #7592, 1000.000000000000000 ) ;
#2502 = DIRECTION ( 'NONE',  ( -1.000000000000000000, -0.000000000000000000, 0.000000000000000000 ) ) ;
#2503 = SHAPE_DEFINITION_REPRESENTATION ( #8688, #8442 ) ;
#2504 = VERTEX_POINT ( 'NONE', #4825 ) ;
#2505 = ORIENTED_EDGE ( 'NONE', *, *, #7977, .F. ) ;
#2506 = VECTOR ( 'NONE', #5963, 1000.000000000000000 ) ;
#2507 = CARTESIAN_POINT ( 'NONE',  ( 0.000000000000000000, 1.800000000000000266, 0.000000000000000000 ) ) ;
#2508 = DIRECTION ( 'NONE',  ( 1.000000000000000000, -0.000000000000000000, 1.204669080539449837E-16 ) ) ;
#2509 = ADVANCED_FACE ( 'NONE', ( #9071 ), #5653, .F. ) ;
#2510 = CARTESIAN_POINT ( 'NONE',  ( 0.000000000000000000, 1.000000000000000000, 0.000000000000000000 ) ) ;
#2511 = LINE ( 'NONE', #966, #5882 ) ;
#2512 = PLANE ( 'NONE',  #1250 ) ;
#2513 = DIRECTION ( 'NONE',  ( 0.000000000000000000, 1.000000000000000000, 0.000000000000000000 ) ) ;
#2514 = ORIENTED_EDGE ( 'NONE', *, *, #2281, .T. ) ;
#2515 = VECTOR ( 'NONE', #6059, 1000.000000000000000 ) ;
#2516 = DIRECTION ( 'NONE',  ( 0.000000000000000000, 1.000000000000000000, 0.000000000000000000 ) ) ;
#2517 = DIRECTION ( 'NONE',  ( 0.7071067811865475727, 0.000000000000000000, 0.7071067811865475727 ) ) ;
#2518 = CARTESIAN_POINT ( 'NONE',  ( 7.500000000000000000, 0.000000000000000000, 0.000000000000000000 ) ) ;
#2519 = CARTESIAN_POINT ( 'NONE',  ( -5.700000000000000178, 0.000000000000000000, -2.650000000000001243 ) ) ;
#2520 = EDGE_CURVE ( 'NONE', #2262, #3105, #864, .T. ) ;
#2521 = ORIENTED_EDGE ( 'NONE', *, *, #1471, .T. ) ;
#2522 = FACE_OUTER_BOUND ( 'NONE', #1519, .T. ) ;
#2523 = ORIENTED_EDGE ( 'NONE', *, *, #763, .T. ) ;
#2524 = ORIENTED_EDGE ( 'NONE', *, *, #6554, .F. ) ;
#2525 = DIRECTION ( 'NONE',  ( 0.000000000000000000, -0.000000000000000000, -1.000000000000000000 ) ) ;
#2526 = DIRECTION ( 'NONE',  ( -0.7071067811865474617, 0.000000000000000000, 0.7071067811865474617 ) ) ;
#2527 = CARTESIAN_POINT ( 'NONE',  ( 0.000000000000000000, 0.000000000000000000, -5.700000000000000178 ) ) ;
#2528 = LINE ( 'NONE', #7484, #276 ) ;
#2529 = ADVANCED_FACE ( 'NONE', ( #8412, #2858 ), #4871, .F. ) ;
#2530 = PRESENTATION_STYLE_ASSIGNMENT (( #8728 ) ) ;
#2531 = ORIENTED_EDGE ( 'NONE', *, *, #4339, .T. ) ;
#2532 = CARTESIAN_POINT ( 'NONE',  ( -2.650000000000000355, 1.000000000000000000, 5.700000000000000178 ) ) ;
#2533 = DIRECTION ( 'NONE',  ( 1.000000000000000000, 0.000000000000000000, 0.000000000000000000 ) ) ;
#2534 = FACE_OUTER_BOUND ( 'NONE', #8404, .T. ) ;
#2535 = ORIENTED_EDGE ( 'NONE', *, *, #7901, .F. ) ;
#2536 = EDGE_CURVE ( 'NONE', #730, #8964, #8267, .T. ) ;
#2537 = VECTOR ( 'NONE', #3991, 1000.000000000000000 ) ;
#2538 = VERTEX_POINT ( 'NONE', #595 ) ;
#2539 = LINE ( 'NONE', #6814, #4684 ) ;
#2540 = CARTESIAN_POINT ( 'NONE',  ( 3.050000000000002043, 1.000000000000000000, -5.699999999999999289 ) ) ;
#2541 = LINE ( 'NONE', #3935, #8860 ) ;
#2542 = LINE ( 'NONE', #6671, #6689 ) ;
#2543 = VECTOR ( 'NONE', #201, 1000.000000000000000 ) ;
#2544 = UNCERTAINTY_MEASURE_WITH_UNIT (LENGTH_MEASURE( 1.000000000000000082E-05 ), #6383, 'distance_accuracy_value', 'NONE');
#2545 = VERTEX_POINT ( 'NONE', #4214 ) ;
#2546 = PRODUCT ( 'SAM-M8Q-0-10_1', 'SAM-M8Q-0-10_1', '', ( #873 ) ) ;
#2547 = DIRECTION ( 'NONE',  ( 0.000000000000000000, -0.000000000000000000, -1.000000000000000000 ) ) ;
#2548 = VECTOR ( 'NONE', #1987, 1000.000000000000000 ) ;
#2549 = CARTESIAN_POINT ( 'NONE',  ( -5.700000000000000178, 1.000000000000000000, 0.7499999999999991118 ) ) ;
#2550 = SHAPE_DEFINITION_REPRESENTATION ( #7295, #8149 ) ;
#2551 = ORIENTED_EDGE ( 'NONE', *, *, #7861, .T. ) ;
#2552 = ADVANCED_FACE ( 'NONE', ( #3427 ), #4952, .F. ) ;
#2553 = MECHANICAL_DESIGN_GEOMETRIC_PRESENTATION_REPRESENTATION (  '', ( #7283 ), #4782 ) ;
#2554 = ORIENTED_EDGE ( 'NONE', *, *, #5298, .T. ) ;
#2555 = ADVANCED_FACE ( 'NONE', ( #8366 ), #3514, .F. ) ;
#2556 = DIRECTION ( 'NONE',  ( 1.000000000000000000, 0.000000000000000000, 0.000000000000000000 ) ) ;
#2557 = LINE ( 'NONE', #3196, #6108 ) ;
#2558 = CARTESIAN_POINT ( 'NONE',  ( 0.000000000000000000, 0.000000000000000000, 0.000000000000000000 ) ) ;
#2559 = ADVANCED_FACE ( 'NONE', ( #2721 ), #7074, .T. ) ;
#2560 = LINE ( 'NONE', #2605, #8382 ) ;
#2561 = DIRECTION ( 'NONE',  ( 0.000000000000000000, 0.000000000000000000, 1.000000000000000000 ) ) ;
#2562 = SHAPE_REPRESENTATION_RELATIONSHIP ( 'NONE' , 'NONE' ,  #6509, #4691 ) ;
#2563 = DIRECTION ( 'NONE',  ( -1.000000000000000000, -0.000000000000000000, 0.000000000000000000 ) ) ;
#2564 = ORIENTED_EDGE ( 'NONE', *, *, #8923, .F. ) ;
#2565 = AXIS2_PLACEMENT_3D ( 'NONE', #5630, #1993, #5540 ) ;
#2566 = DIRECTION ( 'NONE',  ( 0.000000000000000000, -1.000000000000000000, 0.000000000000000000 ) ) ;
#2567 = EDGE_CURVE ( 'NONE', #7915, #5394, #7686, .T. ) ;
#2568 = DIRECTION ( 'NONE',  ( -1.000000000000000000, 0.000000000000000000, 0.000000000000000000 ) ) ;
#2569 = LINE ( 'NONE', #6047, #2297 ) ;
#2570 = LINE ( 'NONE', #2748, #4514 ) ;
#2571 = VERTEX_POINT ( 'NONE', #4171 ) ;
#2572 = CARTESIAN_POINT ( 'NONE',  ( 7.500000000000000000, 0.000000000000000000, 0.000000000000000000 ) ) ;
#2573 = EDGE_LOOP ( 'NONE', ( #3999, #5611, #8714, #6054 ) ) ;
#2574 = ORIENTED_EDGE ( 'NONE', *, *, #659, .F. ) ;
#2575 = DIRECTION ( 'NONE',  ( 0.000000000000000000, 0.000000000000000000, -1.000000000000000000 ) ) ;
#2576 = CARTESIAN_POINT ( 'NONE',  ( 5.699999999999999289, 0.000000000000000000, 3.050000000000001599 ) ) ;
#2577 = DIRECTION ( 'NONE',  ( -1.000000000000000000, 0.000000000000000000, -0.000000000000000000 ) ) ;
#2578 =( NAMED_UNIT ( * ) SI_UNIT ( $, .STERADIAN. ) SOLID_ANGLE_UNIT ( ) );
#2579 = CARTESIAN_POINT ( 'NONE',  ( -4.549999999999999822, 1.000000000000000000, 5.699999999999999289 ) ) ;
#2580 = ORIENTED_EDGE ( 'NONE', *, *, #9087, .T. ) ;
#2581 = LINE ( 'NONE', #7021, #131 ) ;
#2582 = DIRECTION ( 'NONE',  ( 0.000000000000000000, 1.000000000000000000, -0.000000000000000000 ) ) ;
#2583 = DIRECTION ( 'NONE',  ( 0.000000000000000000, 0.000000000000000000, -1.000000000000000000 ) ) ;
#2584 = ORIENTED_EDGE ( 'NONE', *, *, #3631, .T. ) ;
#2585 = EDGE_CURVE ( 'NONE', #8887, #3718, #3382, .T. ) ;
#2586 = EDGE_CURVE ( 'NONE', #5603, #1893, #1465, .T. ) ;
#2587 = VECTOR ( 'NONE', #147, 1000.000000000000000 ) ;
#2588 = AXIS2_PLACEMENT_3D ( 'NONE', #265, #3097, #5927 ) ;
#2589 = ADVANCED_FACE ( 'NONE', ( #2901 ), #7302, .F. ) ;
#2590 = ORIENTED_EDGE ( 'NONE', *, *, #7518, .F. ) ;
#2591 = DIRECTION ( 'NONE',  ( -6.023345402697249184E-17, 0.000000000000000000, 1.000000000000000000 ) ) ;
#2592 = CARTESIAN_POINT ( 'NONE',  ( 7.499999999999996447, 2.107106781186546929, 5.999999999999998224 ) ) ;
#2593 = CARTESIAN_POINT ( 'NONE',  ( -7.500000000000001776, 1.000000000000000000, 0.000000000000000000 ) ) ;
#2594 = EDGE_CURVE ( 'NONE', #3851, #256, #7989, .T. ) ;
#2595 =( LENGTH_UNIT ( ) NAMED_UNIT ( * ) SI_UNIT ( .MILLI., .METRE. ) );
#2596 = ORIENTED_EDGE ( 'NONE', *, *, #2007, .T. ) ;
#2597 = CARTESIAN_POINT ( 'NONE',  ( 5.700000000000000178, 0.000000000000000000, 0.000000000000000000 ) ) ;
#2598 = EDGE_CURVE ( 'NONE', #3558, #5054, #4384, .T. ) ;
#2599 = VERTEX_POINT ( 'NONE', #2245 ) ;
#2600 = VERTEX_POINT ( 'NONE', #8678 ) ;
#2601 = LINE ( 'NONE', #4789, #2036 ) ;
#2602 = SURFACE_STYLE_FILL_AREA ( #8153 ) ;
#2603 = EDGE_LOOP ( 'NONE', ( #5691, #3574, #620, #2343 ) ) ;
#2604 = DIRECTION ( 'NONE',  ( -1.000000000000000000, -0.000000000000000000, 0.000000000000000000 ) ) ;
#2605 = CARTESIAN_POINT ( 'NONE',  ( 0.000000000000000000, 0.000000000000000000, -3.049999999999999378 ) ) ;
#2606 = PRESENTATION_STYLE_ASSIGNMENT (( #5356 ) ) ;
#2607 = CARTESIAN_POINT ( 'NONE',  ( 0.000000000000000000, 0.000000000000000000, 0.000000000000000000 ) ) ;
#2608 = CARTESIAN_POINT ( 'NONE',  ( -4.500000000000000888, 0.000000000000000000, -5.500000000000000000 ) ) ;
#2609 = ORIENTED_EDGE ( 'NONE', *, *, #6599, .F. ) ;
#2610 = VECTOR ( 'NONE', #1767, 1000.000000000000000 ) ;
#2611 = APPLICATION_CONTEXT ( 'automotive_design' ) ;
#2612 = CARTESIAN_POINT ( 'NONE',  ( 6.999999999999998224, 6.799999999999999822, -6.063491896990246488 ) ) ;
#2613 = CARTESIAN_POINT ( 'NONE',  ( 7.500000000000000000, 34.81320343559642794, -6.000000000000000000 ) ) ;
#2614 = LINE ( 'NONE', #9051, #6319 ) ;
#2615 = CARTESIAN_POINT ( 'NONE',  ( 1.149999999999999911, 0.000000000000000000, 5.700000000000000178 ) ) ;
#2616 = VERTEX_POINT ( 'NONE', #5737 ) ;
#2617 = DIRECTION ( 'NONE',  ( -0.000000000000000000, 1.000000000000000000, -0.000000000000000000 ) ) ;
#2618 = ORIENTED_EDGE ( 'NONE', *, *, #6285, .F. ) ;
#2619 = ORIENTED_EDGE ( 'NONE', *, *, #4729, .F. ) ;
#2620 = PLANE ( 'NONE',  #9131 ) ;
#2621 = PRODUCT_DEFINITION_SHAPE ( 'NONE', 'NONE',  #3160 ) ;
#2622 = DIRECTION ( 'NONE',  ( 1.000000000000000000, -0.000000000000000000, 0.000000000000000000 ) ) ;
#2623 = FACE_OUTER_BOUND ( 'NONE', #1909, .T. ) ;
#2624 = CLOSED_SHELL ( 'NONE', ( #2350, #29, #6881, #1904, #5985, #3804 ) ) ;
#2625 = CARTESIAN_POINT ( 'NONE',  ( -0.7499999999999993339, 1.000000000000000000, -7.500000000000000000 ) ) ;
#2626 = ORIENTED_EDGE ( 'NONE', *, *, #8541, .T. ) ;
#2627 = CARTESIAN_POINT ( 'NONE',  ( -7.499999999999998224, 1.000000000000000000, 0.000000000000000000 ) ) ;
#2628 = VECTOR ( 'NONE', #7817, 1000.000000000000000 ) ;
#2629 = CARTESIAN_POINT ( 'NONE',  ( 5.699999999999999289, 1.000000000000000000, 4.549999999999999822 ) ) ;
#2630 = VECTOR ( 'NONE', #7500, 1000.000000000000000 ) ;
#2631 = LINE ( 'NONE', #8277, #3516 ) ;
#2632 = ORIENTED_EDGE ( 'NONE', *, *, #5923, .F. ) ;
#2633 = AXIS2_PLACEMENT_3D ( 'NONE', #9019, #4856, #441 ) ;
#2634 = VECTOR ( 'NONE', #3727, 1000.000000000000000 ) ;
#2635 = VERTEX_POINT ( 'NONE', #7210 ) ;
#2636 = LINE ( 'NONE', #1928, #7421 ) ;
#2637 = FACE_OUTER_BOUND ( 'NONE', #1544, .T. ) ;
#2638 = FACE_OUTER_BOUND ( 'NONE', #1968, .T. ) ;
#2639 = CARTESIAN_POINT ( 'NONE',  ( -1.149999999999999689, 1.000000000000000000, 7.500000000000000000 ) ) ;
#2640 = PRODUCT_DEFINITION_CONTEXT ( 'detailed design', #8940, 'design' ) ;
#2641 = ORIENTED_EDGE ( 'NONE', *, *, #6774, .F. ) ;
#2642 = AXIS2_PLACEMENT_3D ( 'NONE', #724, #6392, #2859 ) ;
#2643 = VECTOR ( 'NONE', #1367, 1000.000000000000000 ) ;
#2644 = FACE_OUTER_BOUND ( 'NONE', #3000, .T. ) ;
#2646 = ADVANCED_FACE ( 'NONE', ( #3084 ), #945, .F. ) ;
#2645 = DIRECTION ( 'NONE',  ( 0.7071067811865475727, -0.000000000000000000, 0.7071067811865475727 ) ) ;
#2647 = APPLICATION_PROTOCOL_DEFINITION ( 'draft international standard', 'automotive_design', 1998, #3261 ) ;
#2648 = ADVANCED_FACE ( 'NONE', ( #2204 ), #2999, .F. ) ;
#2649 = ORIENTED_EDGE ( 'NONE', *, *, #4583, .F. ) ;
#2650 = EDGE_LOOP ( 'NONE', ( #5334, #5207, #3915, #7442 ) ) ;
#2651 = DIRECTION ( 'NONE',  ( -1.000000000000000000, 0.000000000000000000, 0.000000000000000000 ) ) ;
#2652 = LINE ( 'NONE', #6967, #1795 ) ;
#2653 = VERTEX_POINT ( 'NONE', #74 ) ;
#2654 = VECTOR ( 'NONE', #8142, 1000.000000000000000 ) ;
#2655 = CARTESIAN_POINT ( 'NONE',  ( 0.000000000000000000, 1.000000000000000000, 4.549999999999999822 ) ) ;
#2656 = FILL_AREA_STYLE ('',( #5499 ) ) ;
#2657 = CARTESIAN_POINT ( 'NONE',  ( 3.050000000000002043, 1.000000000000000000, -5.699999999999999289 ) ) ;
#2658 = DIRECTION ( 'NONE',  ( 1.000000000000000000, 0.000000000000000000, 0.000000000000000000 ) ) ;
#2659 = VECTOR ( 'NONE', #1357, 1000.000000000000000 ) ;
#2660 = VERTEX_POINT ( 'NONE', #6524 ) ;
#2661 = ADVANCED_FACE ( 'NONE', ( #163, #6611 ), #253, .T. ) ;
#2662 = CARTESIAN_POINT ( 'NONE',  ( -7.500000000000001776, 0.000000000000000000, 0.000000000000000000 ) ) ;
#2663 = DIRECTION ( 'NONE',  ( -1.000000000000000000, -0.000000000000000000, -0.000000000000000000 ) ) ;
#2664 = CARTESIAN_POINT ( 'NONE',  ( 0.000000000000000000, 1.000000000000000000, -7.500000000000000000 ) ) ;
#2665 = FACE_OUTER_BOUND ( 'NONE', #8013, .T. ) ;
#2666 = SHAPE_REPRESENTATION_RELATIONSHIP ( 'NONE' , 'NONE' ,  #8442, #5687 ) ;
#2667 = ORIENTED_EDGE ( 'NONE', *, *, #5682, .T. ) ;
#2668 = LINE ( 'NONE', #616, #561 ) ;
#2669 = ORIENTED_EDGE ( 'NONE', *, *, #1325, .F. ) ;
#2670 = EDGE_CURVE ( 'NONE', #775, #7560, #1751, .T. ) ;
#2671 = ORIENTED_EDGE ( 'NONE', *, *, #753, .F. ) ;
#2672 = CARTESIAN_POINT ( 'NONE',  ( -4.500000000000000888, 0.000000000000000000, 5.499999999999998224 ) ) ;
#2673 = DIRECTION ( 'NONE',  ( 0.000000000000000000, 1.000000000000000000, 0.000000000000000000 ) ) ;
#2674 = DIRECTION ( 'NONE',  ( -0.000000000000000000, -1.000000000000000000, -0.000000000000000000 ) ) ;
#2675 = CARTESIAN_POINT ( 'NONE',  ( -3.049999999999998934, 3.343074902771997259, 0.000000000000000000 ) ) ;
#2676 = CARTESIAN_POINT ( 'NONE',  ( -7.499999999999998224, 0.000000000000000000, -4.550000000000000711 ) ) ;
#2677 = ORIENTED_EDGE ( 'NONE', *, *, #6281, .F. ) ;
#2678 = CARTESIAN_POINT ( 'NONE',  ( -7.500000000000001776, 1.000000000000000000, 3.049999999999998490 ) ) ;
#2679 = ORIENTED_EDGE ( 'NONE', *, *, #8006, .T. ) ;
#2680 = ADVANCED_FACE ( 'NONE', ( #122 ), #2951, .T. ) ;
#2681 = ORIENTED_EDGE ( 'NONE', *, *, #8398, .T. ) ;
#2682 = CARTESIAN_POINT ( 'NONE',  ( 5.700000000000000178, 0.000000000000000000, 1.150000000000000133 ) ) ;
#2683 = LINE ( 'NONE', #6169, #7315 ) ;
#2684 = CARTESIAN_POINT ( 'NONE',  ( 0.000000000000000000, 1.000000000000000000, -0.7500000000000013323 ) ) ;
#2685 = SURFACE_SIDE_STYLE ('',( #1336 ) ) ;
#2686 = EDGE_CURVE ( 'NONE', #7567, #6022, #8633, .T. ) ;
#2687 = ORIENTED_EDGE ( 'NONE', *, *, #1948, .F. ) ;
#2688 = CARTESIAN_POINT ( 'NONE',  ( -6.000000000000000000, 6.299999999999999822, 7.500000000000000000 ) ) ;
#2689 = CONTEXT_DEPENDENT_SHAPE_REPRESENTATION ( #1035, #737 ) ;
#2690 = ORIENTED_EDGE ( 'NONE', *, *, #7149, .F. ) ;
#2691 = STYLED_ITEM ( 'NONE', ( #404 ), #5757 ) ;
#2692 = ORIENTED_EDGE ( 'NONE', *, *, #8827, .F. ) ;
#2693 = VECTOR ( 'NONE', #7436, 1000.000000000000000 ) ;
#2694 = LINE ( 'NONE', #4142, #981 ) ;
#2695 = EDGE_CURVE ( 'NONE', #2545, #334, #2289, .T. ) ;
#2696 = VERTEX_POINT ( 'NONE', #5129 ) ;
#2697 = VECTOR ( 'NONE', #4038, 1000.000000000000000 ) ;
#2698 = DIRECTION ( 'NONE',  ( 0.000000000000000000, 0.000000000000000000, 1.000000000000000000 ) ) ;
#2699 = LINE ( 'NONE', #4750, #6300 ) ;
#2700 = CARTESIAN_POINT ( 'NONE',  ( 0.000000000000000000, 0.000000000000000000, 0.000000000000000000 ) ) ;
#2701 = STYLED_ITEM ( 'NONE', ( #6012 ), #9142 ) ;
#2702 = ORIENTED_EDGE ( 'NONE', *, *, #5316, .F. ) ;
#2703 = EDGE_CURVE ( 'NONE', #5141, #7467, #7814, .T. ) ;
#2704 = EDGE_CURVE ( 'NONE', #2635, #562, #3745, .T. ) ;
#2705 = LINE ( 'NONE', #1810, #7461 ) ;
#2706 = PRODUCT_DEFINITION_CONTEXT ( 'detailed design', #535, 'design' ) ;
#2707 = EDGE_CURVE ( 'NONE', #8409, #7764, #206, .T. ) ;
#2708 = DIRECTION ( 'NONE',  ( 0.000000000000000000, -0.000000000000000000, -1.000000000000000000 ) ) ;
#2709 = DIRECTION ( 'NONE',  ( 1.000000000000000000, -0.000000000000000000, 0.000000000000000000 ) ) ;
#2710 = LINE ( 'NONE', #2615, #211 ) ;
#2711 = EDGE_CURVE ( 'NONE', #9015, #2635, #7120, .T. ) ;
#2712 =( NAMED_UNIT ( * ) PLANE_ANGLE_UNIT ( ) SI_UNIT ( $, .RADIAN. ) );
#2713 = ORIENTED_EDGE ( 'NONE', *, *, #5007, .F. ) ;
#2714 = FACE_OUTER_BOUND ( 'NONE', #8648, .T. ) ;
#2715 = PRODUCT_DEFINITION_FORMATION_WITH_SPECIFIED_SOURCE ( 'ANY', '', #5211, .NOT_KNOWN. ) ;
#2716 = ORIENTED_EDGE ( 'NONE', *, *, #5298, .F. ) ;
#2717 = VERTEX_POINT ( 'NONE', #4621 ) ;
#2718 = DIRECTION ( 'NONE',  ( -0.000000000000000000, -1.000000000000000000, 0.000000000000000000 ) ) ;
#2719 = CARTESIAN_POINT ( 'NONE',  ( -4.549999999999998934, 3.343074902771997259, 7.499999999999999112 ) ) ;
#2720 = CARTESIAN_POINT ( 'NONE',  ( 0.000000000000000000, 1.000000000000000000, -3.050000000000002487 ) ) ;
#2721 = FACE_OUTER_BOUND ( 'NONE', #521, .T. ) ;
#2722 = CARTESIAN_POINT ( 'NONE',  ( -6.000000000000000000, 2.399999999999999467, -6.999999999999999112 ) ) ;
#2723 = DIRECTION ( 'NONE',  ( 0.000000000000000000, 0.000000000000000000, -1.000000000000000000 ) ) ;
#2724 =( NAMED_UNIT ( * ) PLANE_ANGLE_UNIT ( ) SI_UNIT ( $, .RADIAN. ) );
#2725 = ORIENTED_EDGE ( 'NONE', *, *, #8163, .F. ) ;
#2726 = FACE_OUTER_BOUND ( 'NONE', #3149, .T. ) ;
#2727 = ORIENTED_EDGE ( 'NONE', *, *, #927, .F. ) ;
#2728 = EDGE_LOOP ( 'NONE', ( #4742, #1917, #6103, #6756 ) ) ;
#2729 = DIRECTION ( 'NONE',  ( -1.000000000000000000, -0.000000000000000000, -0.000000000000000000 ) ) ;
#2730 = DIRECTION ( 'NONE',  ( 0.000000000000000000, 0.000000000000000000, 1.000000000000000000 ) ) ;
#2731 = CARTESIAN_POINT ( 'NONE',  ( -6.000000000000000000, 2.399999999999999467, -7.500000000000000000 ) ) ;
#2732 = ORIENTED_EDGE ( 'NONE', *, *, #6143, .T. ) ;
#2733 = DIRECTION ( 'NONE',  ( -0.000000000000000000, -1.000000000000000000, -0.000000000000000000 ) ) ;
#2734 = ORIENTED_EDGE ( 'NONE', *, *, #6673, .T. ) ;
#2735 = EDGE_LOOP ( 'NONE', ( #9122, #7287, #8295, #6242 ) ) ;
#2736 = FACE_BOUND ( 'NONE', #2470, .T. ) ;
#2737 = VECTOR ( 'NONE', #6728, 1000.000000000000000 ) ;
#2738 = CARTESIAN_POINT ( 'NONE',  ( 0.7500000000000009992, 1.000000000000000000, -7.500000000000000000 ) ) ;
#2739 = VERTEX_POINT ( 'NONE', #7439 ) ;
#2740 = CARTESIAN_POINT ( 'NONE',  ( 6.999999999999999112, 6.800000000000000711, -6.000000000000000000 ) ) ;
#2741 = LINE ( 'NONE', #8379, #1728 ) ;
#2742 = CARTESIAN_POINT ( 'NONE',  ( 0.000000000000000000, 0.000000000000000000, 0.000000000000000000 ) ) ;
#2743 = ORIENTED_EDGE ( 'NONE', *, *, #8868, .F. ) ;
#2744 = MANIFOLD_SOLID_BREP ( 'Pin 1 Mark', #240 ) ;
#2745 = CARTESIAN_POINT ( 'NONE',  ( 4.898587196589413692E-17, -7.635028842544401506, 0.3999999999999999667 ) ) ;
#2746 = PRODUCT_DEFINITION ( 'UNKNOWN', '', #7875, #6820 ) ;
#2747 = PLANE ( 'NONE',  #4235 ) ;
#2748 = CARTESIAN_POINT ( 'NONE',  ( -1.385369442620366585E-16, 1.000000000000000000, 1.149999999999999467 ) ) ;
#2749 = VECTOR ( 'NONE', #1121, 1000.000000000000000 ) ;
#2750 =( NAMED_UNIT ( * ) PLANE_ANGLE_UNIT ( ) SI_UNIT ( $, .RADIAN. ) );
#2751 = ORIENTED_EDGE ( 'NONE', *, *, #3324, .T. ) ;
#2752 = LINE ( 'NONE', #5591, #3671 ) ;
#2753 = ADVANCED_FACE ( 'NONE', ( #6749 ), #8774, .F. ) ;
#2754 = ADVANCED_FACE ( 'NONE', ( #343 ), #8880, .F. ) ;
#2755 = ORIENTED_EDGE ( 'NONE', *, *, #852, .F. ) ;
#2756 = CARTESIAN_POINT ( 'NONE',  ( -5.700000000000000178, 0.000000000000000000, 1.149999999999998801 ) ) ;
#2757 = VECTOR ( 'NONE', #4492, 1000.000000000000000 ) ;
#2758 = DIRECTION ( 'NONE',  ( 0.000000000000000000, 1.000000000000000000, 0.000000000000000000 ) ) ;
#2759 = PLANE ( 'NONE',  #8533 ) ;
#2760 = DIRECTION ( 'NONE',  ( 5.782411586589355667E-16, 0.000000000000000000, -1.000000000000000000 ) ) ;
#2761 = ORIENTED_EDGE ( 'NONE', *, *, #8771, .T. ) ;
#2762 = DIRECTION ( 'NONE',  ( -1.000000000000000000, 0.000000000000000000, 0.000000000000000000 ) ) ;
#2763 =( REPRESENTATION_RELATIONSHIP ('NONE','NONE', #464, #6509 ) REPRESENTATION_RELATIONSHIP_WITH_TRANSFORMATION ( #2163 )SHAPE_REPRESENTATION_RELATIONSHIP( ) );
#2764 = CARTESIAN_POINT ( 'NONE',  ( 7.500000000000000000, 0.000000000000000000, 0.000000000000000000 ) ) ;
#2765 = VERTEX_POINT ( 'NONE', #1090 ) ;
#2766 = PRODUCT_DEFINITION ( 'UNKNOWN', '', #8925, #3294 ) ;
#2767 = ORIENTED_EDGE ( 'NONE', *, *, #3556, .F. ) ;
#2768 = DIRECTION ( 'NONE',  ( -0.000000000000000000, -1.000000000000000000, -0.000000000000000000 ) ) ;
#2769 = CARTESIAN_POINT ( 'NONE',  ( 1.149999999999999911, 1.000000000000000000, 7.500000000000000000 ) ) ;
#2770 = CARTESIAN_POINT ( 'NONE',  ( -4.549999999999998934, 0.000000000000000000, -7.500000000000001776 ) ) ;
#2771 = VECTOR ( 'NONE', #8589, 1000.000000000000000 ) ;
#2772 = SHAPE_REPRESENTATION ( 'SAM-M8Q-0-10_25', ( #2096 ), #482 ) ;
#2773 = ORIENTED_EDGE ( 'NONE', *, *, #4065, .F. ) ;
#2774 = CARTESIAN_POINT ( 'NONE',  ( 0.000000000000000000, 1.000000000000000000, 5.699999999999999289 ) ) ;
#2775 = VECTOR ( 'NONE', #6878, 1000.000000000000000 ) ;
#2776 = UNCERTAINTY_MEASURE_WITH_UNIT (LENGTH_MEASURE( 1.000000000000000082E-05 ), #8585, 'distance_accuracy_value', 'NONE');
#2777 = EDGE_LOOP ( 'NONE', ( #5632, #3535, #8858, #1769 ) ) ;
#2778 = AXIS2_PLACEMENT_3D ( 'NONE', #3194, #5442, #8152 ) ;
#2779 = ORIENTED_EDGE ( 'NONE', *, *, #8541, .F. ) ;
#2780 = VECTOR ( 'NONE', #1480, 1000.000000000000000 ) ;
#2781 = FACE_OUTER_BOUND ( 'NONE', #7955, .T. ) ;
#2782 = AXIS2_PLACEMENT_3D ( 'NONE', #6239, #2517, #8260 ) ;
#2783 =( REPRESENTATION_RELATIONSHIP ('NONE','NONE', #464, #1811 ) REPRESENTATION_RELATIONSHIP_WITH_TRANSFORMATION ( #1980 )SHAPE_REPRESENTATION_RELATIONSHIP( ) );
#2784 = LINE ( 'NONE', #1385, #8745 ) ;
#2785 = AXIS2_PLACEMENT_3D ( 'NONE', #3364, #4115, #3223 ) ;
#2786 = EDGE_CURVE ( 'NONE', #7948, #3965, #2528, .T. ) ;
#2787 = VERTEX_POINT ( 'NONE', #8178 ) ;
#2788 = FILL_AREA_STYLE_COLOUR ( '', #7427 ) ;
#2789 = PLANE ( 'NONE',  #8487 ) ;
#2790 = DIRECTION ( 'NONE',  ( 0.000000000000000000, 0.000000000000000000, 1.000000000000000000 ) ) ;
#2791 = EDGE_LOOP ( 'NONE', ( #7116, #1473, #979, #1259 ) ) ;
#2792 = VECTOR ( 'NONE', #1077, 1000.000000000000000 ) ;
#2793 = VECTOR ( 'NONE', #9023, 1000.000000000000000 ) ;
#2794 = EDGE_CURVE ( 'NONE', #821, #7146, #2431, .T. ) ;
#2795 = VECTOR ( 'NONE', #1003, 1000.000000000000000 ) ;
#2796 = MANIFOLD_SOLID_BREP ( 'Pin 18', #8829 ) ;
#2797 = DIRECTION ( 'NONE',  ( -0.000000000000000000, 0.000000000000000000, -1.000000000000000000 ) ) ;
#2798 = VECTOR ( 'NONE', #2185, 1000.000000000000000 ) ;
#2799 = DIRECTION ( 'NONE',  ( 0.000000000000000000, 0.000000000000000000, -1.000000000000000000 ) ) ;
#2800 = CARTESIAN_POINT ( 'NONE',  ( 5.700000000000000178, 1.000000000000000000, 1.150000000000000133 ) ) ;
#2801 = ORIENTED_EDGE ( 'NONE', *, *, #7828, .F. ) ;
#2802 = DIRECTION ( 'NONE',  ( 1.000000000000000000, 0.000000000000000000, 0.000000000000000000 ) ) ;
#2803 = AXIS2_PLACEMENT_3D ( 'NONE', #8445, #4853, #623 ) ;
#2804 = VERTEX_POINT ( 'NONE', #4721 ) ;
#2805 = VECTOR ( 'NONE', #5516, 1000.000000000000000 ) ;
#2806 = LINE ( 'NONE', #4285, #2221 ) ;
#2807 = CARTESIAN_POINT ( 'NONE',  ( 1.149999999999999911, 1.000000000000000000, 5.700000000000000178 ) ) ;
#2808 = EDGE_CURVE ( 'NONE', #680, #8628, #2385, .T. ) ;
#2809 = CARTESIAN_POINT ( 'NONE',  ( 4.550000000000000711, 3.343074902771997259, -5.699999999999998401 ) ) ;
#2810 = DIRECTION ( 'NONE',  ( 4.818676322157799347E-16, 0.000000000000000000, -1.000000000000000000 ) ) ;
#2811 = ORIENTED_EDGE ( 'NONE', *, *, #7081, .T. ) ;
#2812 = DIRECTION ( 'NONE',  ( 0.000000000000000000, 0.000000000000000000, -1.000000000000000000 ) ) ;
#2813 = ORIENTED_EDGE ( 'NONE', *, *, #2836, .T. ) ;
#2814 = EDGE_CURVE ( 'NONE', #1692, #7998, #6009, .T. ) ;
#2815 = ORIENTED_EDGE ( 'NONE', *, *, #8010, .F. ) ;
#2816 = DIRECTION ( 'NONE',  ( -0.000000000000000000, 0.000000000000000000, -1.000000000000000000 ) ) ;
#2817 = DIRECTION ( 'NONE',  ( 1.000000000000000000, 0.000000000000000000, -0.000000000000000000 ) ) ;
#2818 = DIRECTION ( 'NONE',  ( 1.204669080539449837E-16, 0.000000000000000000, -1.000000000000000000 ) ) ;
#2819 = VECTOR ( 'NONE', #5693, 1000.000000000000000 ) ;
#2820 = ORIENTED_EDGE ( 'NONE', *, *, #3645, .F. ) ;
#2821 = ADVANCED_FACE ( 'NONE', ( #8130 ), #7624, .F. ) ;
#2822 = LINE ( 'NONE', #4174, #555 ) ;
#2823 = EDGE_CURVE ( 'NONE', #671, #2826, #2099, .T. ) ;
#2824 = ORIENTED_EDGE ( 'NONE', *, *, #195, .F. ) ;
#2825 = ORIENTED_EDGE ( 'NONE', *, *, #1173, .F. ) ;
#2826 = VERTEX_POINT ( 'NONE', #1963 ) ;
#2827 = FACE_OUTER_BOUND ( 'NONE', #7475, .T. ) ;
#2828 = CARTESIAN_POINT ( 'NONE',  ( 7.750000000000001776, 1.000000000000000000, 0.000000000000000000 ) ) ;
#2829 = EDGE_LOOP ( 'NONE', ( #6521, #2531, #7032, #729 ) ) ;
#2830 = UNCERTAINTY_MEASURE_WITH_UNIT (LENGTH_MEASURE( 1.000000000000000082E-05 ), #2595, 'distance_accuracy_value', 'NONE');
#2831 = DIRECTION ( 'NONE',  ( -1.000000000000000000, 0.000000000000000000, 0.000000000000000000 ) ) ;
#2832 = DIRECTION ( 'NONE',  ( -1.000000000000000000, 0.000000000000000000, 0.000000000000000000 ) ) ;
#2833 = SHAPE_DEFINITION_REPRESENTATION ( #161, #4499 ) ;
#2834 = ORIENTED_EDGE ( 'NONE', *, *, #5316, .T. ) ;
#2835 = ADVANCED_FACE ( 'NONE', ( #7584 ), #584, .F. ) ;
#2836 = EDGE_CURVE ( 'NONE', #2475, #5573, #6250, .T. ) ;
#2837 = AXIS2_PLACEMENT_3D ( 'NONE', #5344, #7497, #7363 ) ;
#2838 = EDGE_CURVE ( 'NONE', #8628, #6914, #537, .T. ) ;
#2839 = MANIFOLD_SOLID_BREP ( 'Pin 8', #4400 ) ;
#2840 = CARTESIAN_POINT ( 'NONE',  ( 0.000000000000000000, 1.000000000000000000, -1.150000000000001021 ) ) ;
#2841 = CARTESIAN_POINT ( 'NONE',  ( 6.000000000000000000, 6.299999999999999822, 6.999999999999999112 ) ) ;
#2842 = CARTESIAN_POINT ( 'NONE',  ( -7.500000000000000000, 2.107106781186546485, -6.000000000000000000 ) ) ;
#2843 = VERTEX_POINT ( 'NONE', #4161 ) ;
#2844 = CARTESIAN_POINT ( 'NONE',  ( 0.000000000000000000, 1.000000000000000000, 7.649999999999998579 ) ) ;
#2845 = EDGE_CURVE ( 'NONE', #4778, #3925, #9060, .T. ) ;
#2846 = CARTESIAN_POINT ( 'NONE',  ( 6.000000000000000000, 6.299999999999999822, -6.000000000000000000 ) ) ;
#2847 =( LENGTH_UNIT ( ) NAMED_UNIT ( * ) SI_UNIT ( .MILLI., .METRE. ) );
#2848 = DIRECTION ( 'NONE',  ( -0.000000000000000000, 0.000000000000000000, 1.000000000000000000 ) ) ;
#2849 = PLANE ( 'NONE',  #5631 ) ;
#2850 =( GEOMETRIC_REPRESENTATION_CONTEXT ( 3 ) GLOBAL_UNCERTAINTY_ASSIGNED_CONTEXT ( ( #1502 ) ) GLOBAL_UNIT_ASSIGNED_CONTEXT ( ( #8309, #8525, #7247 ) ) REPRESENTATION_CONTEXT ( 'NONE', 'WORKASPACE' ) );
#2851 = ORIENTED_EDGE ( 'NONE', *, *, #7886, .F. ) ;
#2852 = DIRECTION ( 'NONE',  ( 0.000000000000000000, 0.000000000000000000, -1.000000000000000000 ) ) ;
#2853 = VERTEX_POINT ( 'NONE', #5554 ) ;
#2854 = EDGE_LOOP ( 'NONE', ( #3792, #7001, #5969, #3180 ) ) ;
#2855 = DIRECTION ( 'NONE',  ( 0.000000000000000000, 1.000000000000000000, -0.000000000000000000 ) ) ;
#2856 = AXIS2_PLACEMENT_3D ( 'NONE', #2046, #4187, #5582 ) ;
#2857 = CARTESIAN_POINT ( 'NONE',  ( 7.500000000000000000, 1.000000000000000000, -1.149999999999999467 ) ) ;
#2858 = FACE_OUTER_BOUND ( 'NONE', #4693, .T. ) ;
#2859 = DIRECTION ( 'NONE',  ( 0.000000000000000000, 0.000000000000000000, 1.000000000000000000 ) ) ;
#2860 = ORIENTED_EDGE ( 'NONE', *, *, #7232, .T. ) ;
#2861 = LINE ( 'NONE', #2248, #2936 ) ;
#2862 = DIRECTION ( 'NONE',  ( 0.000000000000000000, 0.000000000000000000, 1.000000000000000000 ) ) ;
#2863 = ADVANCED_FACE ( 'NONE', ( #6333 ), #8355, .T. ) ;
#2864 = EDGE_CURVE ( 'NONE', #5820, #9095, #4943, .T. ) ;
#2865 = ORIENTED_EDGE ( 'NONE', *, *, #5709, .T. ) ;
#2866 = EDGE_CURVE ( 'NONE', #7414, #4413, #7755, .T. ) ;
#2867 = ORIENTED_EDGE ( 'NONE', *, *, #5135, .F. ) ;
#2868 = CARTESIAN_POINT ( 'NONE',  ( -2.650000000000000355, 3.343074902771997259, 5.700000000000000178 ) ) ;
#2869 = FACE_BOUND ( 'NONE', #6393, .T. ) ;
#2870 = LINE ( 'NONE', #7272, #1052 ) ;
#2871 = VERTEX_POINT ( 'NONE', #1921 ) ;
#2872 = CARTESIAN_POINT ( 'NONE',  ( -5.700000000000000178, 1.000000000000000000, 1.149999999999998801 ) ) ;
#2873 = ORIENTED_EDGE ( 'NONE', *, *, #7186, .T. ) ;
#2874 = VECTOR ( 'NONE', #5750, 1000.000000000000000 ) ;
#2875 = PRODUCT_RELATED_PRODUCT_CATEGORY ( 'part', '', ( #4649 ) ) ;
#2876 = FACE_OUTER_BOUND ( 'NONE', #6998, .T. ) ;
#2877 = CARTESIAN_POINT ( 'NONE',  ( 3.050000000000002043, 3.343074902771997259, 0.000000000000000000 ) ) ;
#2878 = CARTESIAN_POINT ( 'NONE',  ( -7.500000000000000000, 6.299999999999999822, 6.000000000000000888 ) ) ;
#2879 = CARTESIAN_POINT ( 'NONE',  ( 0.000000000000000000, 6.799999999999999822, -4.750000000000000000 ) ) ;
#2880 = AXIS2_PLACEMENT_3D ( 'NONE', #3455, #8914, #5457 ) ;
#2881 = VERTEX_POINT ( 'NONE', #9099 ) ;
#2882 = CARTESIAN_POINT ( 'NONE',  ( 0.000000000000000000, 1.000000000000000000, 1.150000000000000133 ) ) ;
#2883 = PRODUCT_DEFINITION_SHAPE ( 'NONE', 'NONE',  #9172 ) ;
#2884 = LINE ( 'NONE', #665, #3548 ) ;
#2885 = LINE ( 'NONE', #1161, #8453 ) ;
#2886 =( GEOMETRIC_REPRESENTATION_CONTEXT ( 3 ) GLOBAL_UNCERTAINTY_ASSIGNED_CONTEXT ( ( #6308 ) ) GLOBAL_UNIT_ASSIGNED_CONTEXT ( ( #798, #2329, #3735 ) ) REPRESENTATION_CONTEXT ( 'NONE', 'WORKASPACE' ) );
#2887 = DIRECTION ( 'NONE',  ( 0.000000000000000000, 0.000000000000000000, -1.000000000000000000 ) ) ;
#2888 = EDGE_CURVE ( 'NONE', #7355, #7097, #3322, .T. ) ;
#2889 = FILL_AREA_STYLE_COLOUR ( '', #6312 ) ;
#2890 = CARTESIAN_POINT ( 'NONE',  ( -5.700000000000000178, 1.000000000000000000, 1.149999999999998801 ) ) ;
#2891 = VERTEX_POINT ( 'NONE', #8971 ) ;
#2892 = CARTESIAN_POINT ( 'NONE',  ( 7.500000000000000000, 1.000000000000000000, 0.000000000000000000 ) ) ;
#2893 = ORIENTED_EDGE ( 'NONE', *, *, #3081, .T. ) ;
#2894 = VECTOR ( 'NONE', #2547, 1000.000000000000000 ) ;
#2895 = APPLICATION_CONTEXT ( 'automotive_design' ) ;
#2896 = UNCERTAINTY_MEASURE_WITH_UNIT (LENGTH_MEASURE( 1.000000000000000082E-05 ), #7145, 'distance_accuracy_value', 'NONE');
#2897 = ORIENTED_EDGE ( 'NONE', *, *, #302, .F. ) ;
#2898 = DIRECTION ( 'NONE',  ( 1.000000000000000000, 0.000000000000000000, -0.000000000000000000 ) ) ;
#2899 = ADVANCED_FACE ( 'NONE', ( #2623 ), #8273, .F. ) ;
#2900 = DIRECTION ( 'NONE',  ( -0.000000000000000000, -1.000000000000000000, -0.000000000000000000 ) ) ;
#2901 = FACE_OUTER_BOUND ( 'NONE', #6612, .T. ) ;
#2902 = ORIENTED_EDGE ( 'NONE', *, *, #2944, .T. ) ;
#2903 = DIRECTION ( 'NONE',  ( -1.000000000000000000, 0.000000000000000000, -1.734723475976806848E-16 ) ) ;
#2904 = PLANE ( 'NONE',  #8530 ) ;
#2905 = ITEM_DEFINED_TRANSFORMATION ( 'NONE', 'NONE', #4796,  #2096 ) ;
#2906 = ORIENTED_EDGE ( 'NONE', *, *, #3520, .T. ) ;
#2907 = ORIENTED_EDGE ( 'NONE', *, *, #508, .T. ) ;
#2908 = MANIFOLD_SOLID_BREP ( 'Pin 19', #6617 ) ;
#2909 = VECTOR ( 'NONE', #3340, 1000.000000000000000 ) ;
#2910 = DIRECTION ( 'NONE',  ( 0.000000000000000000, -1.000000000000000000, -0.000000000000000000 ) ) ;
#2911 = DIRECTION ( 'NONE',  ( -0.000000000000000000, 1.000000000000000000, 0.000000000000000000 ) ) ;
#2912 = DIRECTION ( 'NONE',  ( 0.000000000000000000, 0.000000000000000000, 1.000000000000000000 ) ) ;
#2913 = EDGE_LOOP ( 'NONE', ( #3561, #3891, #1254, #77 ) ) ;
#2914 = EDGE_CURVE ( 'NONE', #6127, #2241, #4732, .T. ) ;
#2915 = CLOSED_SHELL ( 'NONE', ( #3950, #1733, #7054, #5201, #6164, #3681, #8980, #3443, #4043, #3281, #2184, #3101, #1994, #8434, #4842, #4458, #7243, #2264, #3515, #5715, #6520, #544, #2114, #3947, #4510, #6130, #1222, #2821, #2004, #3469, #1027, #2661, #4506, #6097 ) ) ;
#2916 = EDGE_CURVE ( 'NONE', #5082, #8424, #18, .T. ) ;
#2917 = PRESENTATION_STYLE_ASSIGNMENT (( #3578 ) ) ;
#2918 = AXIS2_PLACEMENT_3D ( 'NONE', #7874, #141, #6544 ) ;
#2919 = FACE_OUTER_BOUND ( 'NONE', #725, .T. ) ;
#2920 = AXIS2_PLACEMENT_3D ( 'NONE', #860, #3135, #3041 ) ;
#2921 = SHAPE_DEFINITION_REPRESENTATION ( #5945, #7099 ) ;
#2922 = PRESENTATION_LAYER_ASSIGNMENT (  '', '', ( #6481 ) ) ;
#2923 = ORIENTED_EDGE ( 'NONE', *, *, #7108, .T. ) ;
#2924 = VECTOR ( 'NONE', #6928, 1000.000000000000000 ) ;
#2925 = VECTOR ( 'NONE', #792, 1000.000000000000000 ) ;
#2926 = CARTESIAN_POINT ( 'NONE',  ( 5.700000000000000178, 1.000000000000000000, 1.150000000000000133 ) ) ;
#2927 = DIRECTION ( 'NONE',  ( 1.000000000000000000, 0.000000000000000000, 0.000000000000000000 ) ) ;
#2928 = CARTESIAN_POINT ( 'NONE',  ( 0.000000000000000000, 1.000000000000000000, 0.000000000000000000 ) ) ;
#2929 = DIRECTION ( 'NONE',  ( -0.000000000000000000, 0.000000000000000000, 1.000000000000000000 ) ) ;
#2930 = VECTOR ( 'NONE', #6480, 1000.000000000000000 ) ;
#2931 = EDGE_LOOP ( 'NONE', ( #8, #2761, #8751, #6372 ) ) ;
#2932 = DIRECTION ( 'NONE',  ( -1.000000000000000000, 0.000000000000000000, -0.000000000000000000 ) ) ;
#2933 = EDGE_CURVE ( 'NONE', #3983, #5510, #304, .T. ) ;
#2934 = VECTOR ( 'NONE', #8228, 1000.000000000000000 ) ;
#2935 = ORIENTED_EDGE ( 'NONE', *, *, #8294, .F. ) ;
#2936 = VECTOR ( 'NONE', #5003, 1000.000000000000000 ) ;
#2937 =( NAMED_UNIT ( * ) SI_UNIT ( $, .STERADIAN. ) SOLID_ANGLE_UNIT ( ) );
#2938 = DIRECTION ( 'NONE',  ( 0.000000000000000000, 0.000000000000000000, 1.000000000000000000 ) ) ;
#2939 = AXIS2_PLACEMENT_3D ( 'NONE', #355, #2441, #7362 ) ;
#2940 = CARTESIAN_POINT ( 'NONE',  ( -6.999999999999999112, 1.899999999999996358, -6.500000000000000888 ) ) ;
#2941 = CARTESIAN_POINT ( 'NONE',  ( 0.000000000000000000, 0.000000000000000000, 5.699999999999999289 ) ) ;
#2942 = ORIENTED_EDGE ( 'NONE', *, *, #2598, .F. ) ;
#2943 = CARTESIAN_POINT ( 'NONE',  ( -1.149999999999999689, 3.343074902771997259, 7.500000000000000000 ) ) ;
#2944 = EDGE_CURVE ( 'NONE', #2787, #1169, #6119, .T. ) ;
#2945 = VECTOR ( 'NONE', #8885, 1000.000000000000000 ) ;
#2946 = VERTEX_POINT ( 'NONE', #4633 ) ;
#2947 = EDGE_CURVE ( 'NONE', #2368, #3667, #6070, .T. ) ;
#2948 = ORIENTED_EDGE ( 'NONE', *, *, #8580, .F. ) ;
#2949 = DIRECTION ( 'NONE',  ( 0.000000000000000000, -0.000000000000000000, 1.000000000000000000 ) ) ;
#2950 = CARTESIAN_POINT ( 'NONE',  ( 5.500000000000000000, 0.000000000000000000, -4.500000000000001776 ) ) ;
#2951 = PLANE ( 'NONE',  #5621 ) ;
#2952 = DIRECTION ( 'NONE',  ( 1.000000000000000000, 0.000000000000000000, -0.000000000000000000 ) ) ;
#2953 = ORIENTED_EDGE ( 'NONE', *, *, #6720, .F. ) ;
#2954 = CARTESIAN_POINT ( 'NONE',  ( -2.650000000000000355, 3.343074902771997259, 7.500000000000000000 ) ) ;
#2955 = DIRECTION ( 'NONE',  ( 0.000000000000000000, -0.000000000000000000, 1.000000000000000000 ) ) ;
#2956 = EDGE_CURVE ( 'NONE', #5532, #2443, #3138, .T. ) ;
#2957 = EDGE_LOOP ( 'NONE', ( #1742, #4369 ) ) ;
#2958 = EDGE_LOOP ( 'NONE', ( #1306, #7588, #7410, #116 ) ) ;
#2959 = EDGE_CURVE ( 'NONE', #5049, #1894, #5970, .T. ) ;
#2960 = CARTESIAN_POINT ( 'NONE',  ( 6.000000000000000000, 6.800000000000000711, -6.999999999999999112 ) ) ;
#2961 = DIRECTION ( 'NONE',  ( -0.000000000000000000, -1.000000000000000000, 0.000000000000000000 ) ) ;
#2962 = DIRECTION ( 'NONE',  ( 1.000000000000000000, 0.000000000000000000, 5.782411586589361583E-16 ) ) ;
#2963 = EDGE_CURVE ( 'NONE', #8071, #1281, #2539, .T. ) ;
#2964 = VERTEX_POINT ( 'NONE', #449 ) ;
#2965 = LINE ( 'NONE', #5014, #5594 ) ;
#2966 = CARTESIAN_POINT ( 'NONE',  ( 2.650000000000001243, 0.000000000000000000, -5.700000000000000178 ) ) ;
#2967 = PRODUCT_CONTEXT ( 'NONE', #7809, 'mechanical' ) ;
#2968 = ORIENTED_EDGE ( 'NONE', *, *, #891, .T. ) ;
#2969 = ORIENTED_EDGE ( 'NONE', *, *, #3181, .T. ) ;
#2970 = DIRECTION ( 'NONE',  ( 1.000000000000000000, -0.000000000000000000, 1.204669080539449837E-16 ) ) ;
#2971 = DIRECTION ( 'NONE',  ( -1.000000000000000000, 0.000000000000000000, 0.000000000000000000 ) ) ;
#2972 = ADVANCED_FACE ( 'NONE', ( #7548 ), #8889, .F. ) ;
#2973 = LINE ( 'NONE', #1396, #7025 ) ;
#2974 = ORIENTED_EDGE ( 'NONE', *, *, #5823, .F. ) ;
#2975 = LINE ( 'NONE', #3635, #1575 ) ;
#2976 = ADVANCED_FACE ( 'NONE', ( #4035 ), #7493, .F. ) ;
#2977 = EDGE_CURVE ( 'NONE', #4671, #3420, #80, .T. ) ;
#2978 = ADVANCED_FACE ( 'NONE', ( #5236 ), #1746, .F. ) ;
#2979 = PRODUCT ( 'SAM-M8Q-0-10_6', 'SAM-M8Q-0-10_6', '', ( #7235 ) ) ;
#2980 = ADVANCED_FACE ( 'NONE', ( #2439 ), #6712, .T. ) ;
#2981 = STYLED_ITEM ( 'NONE', ( #549 ), #5935 ) ;
#2982 = ADVANCED_FACE ( 'NONE', ( #3933 ), #1693, .T. ) ;
#2983 = LINE ( 'NONE', #2325, #2337 ) ;
#2984 = AXIS2_PLACEMENT_3D ( 'NONE', #9058, #5466, #7833 ) ;
#2985 = PLANE ( 'NONE',  #9055 ) ;
#2986 = EDGE_CURVE ( 'NONE', #4261, #138, #6017, .T. ) ;
#2987 = DIRECTION ( 'NONE',  ( -0.000000000000000000, -1.000000000000000000, -0.000000000000000000 ) ) ;
#2988 = VECTOR ( 'NONE', #6313, 1000.000000000000000 ) ;
#2989 = SURFACE_STYLE_FILL_AREA ( #5815 ) ;
#2990 = DIRECTION ( 'NONE',  ( 0.000000000000000000, 0.000000000000000000, 1.000000000000000000 ) ) ;
#2991 = EDGE_LOOP ( 'NONE', ( #3356, #5149, #5294, #1086 ) ) ;
#2992 = EDGE_CURVE ( 'NONE', #4826, #4960, #1787, .T. ) ;
#2993 = CYLINDRICAL_SURFACE ( 'NONE', #415, 0.9999999999999995559 ) ;
#2994 = ORIENTED_EDGE ( 'NONE', *, *, #8475, .F. ) ;
#2995 = ORIENTED_EDGE ( 'NONE', *, *, #7047, .F. ) ;
#2996 = DIRECTION ( 'NONE',  ( 0.000000000000000000, 1.000000000000000000, 0.000000000000000000 ) ) ;
#2997 = FACE_OUTER_BOUND ( 'NONE', #1152, .T. ) ;
#2998 = LINE ( 'NONE', #121, #6517 ) ;
#2999 = PLANE ( 'NONE',  #8401 ) ;
#3000 = EDGE_LOOP ( 'NONE', ( #5136, #1572, #6442, #5979 ) ) ;
#3001 = CARTESIAN_POINT ( 'NONE',  ( -4.549999999999998934, 0.000000000000000000, 7.499999999999999112 ) ) ;
#3002 = FACE_OUTER_BOUND ( 'NONE', #3765, .T. ) ;
#3003 = ORIENTED_EDGE ( 'NONE', *, *, #6848, .F. ) ;
#3004 = AXIS2_PLACEMENT_3D ( 'NONE', #4794, #7606, #3401 ) ;
#3005 = ORIENTED_EDGE ( 'NONE', *, *, #8376, .F. ) ;
#3006 = MANIFOLD_SOLID_BREP ( 'Module', #7797 ) ;
#3007 = CARTESIAN_POINT ( 'NONE',  ( 6.382851701358685403, 6.799999999999999822, -6.923937326150966243 ) ) ;
#3008 = LINE ( 'NONE', #7225, #8386 ) ;
#3009 = CARTESIAN_POINT ( 'NONE',  ( -3.049999999999998934, 0.000000000000000000, -7.500000000000000000 ) ) ;
#3010 = ORIENTED_EDGE ( 'NONE', *, *, #6673, .F. ) ;
#3011 = CARTESIAN_POINT ( 'NONE',  ( 4.749999999999999112, 5.799999999999998934, 4.750000000000000000 ) ) ;
#3012 = APPLICATION_PROTOCOL_DEFINITION ( 'draft international standard', 'automotive_design', 1998, #3439 ) ;
#3013 = ORIENTED_EDGE ( 'NONE', *, *, #4189, .T. ) ;
#3014 = ORIENTED_EDGE ( 'NONE', *, *, #4636, .T. ) ;
#3015 = LINE ( 'NONE', #877, #2173 ) ;
#3016 = PLANE ( 'NONE',  #4419 ) ;
#3017 = PLANE ( 'NONE',  #4819 ) ;
#3018 = VERTEX_POINT ( 'NONE', #3641 ) ;
#3019 = DIRECTION ( 'NONE',  ( -0.000000000000000000, -1.000000000000000000, -0.000000000000000000 ) ) ;
#3020 = VECTOR ( 'NONE', #9047, 1000.000000000000000 ) ;
#3021 = DIRECTION ( 'NONE',  ( -1.000000000000000000, 0.000000000000000000, -0.000000000000000000 ) ) ;
#3022 = PRODUCT_RELATED_PRODUCT_CATEGORY ( 'part', '', ( #3959 ) ) ;
#3023 = ORIENTED_EDGE ( 'NONE', *, *, #6267, .T. ) ;
#3024 = VECTOR ( 'NONE', #6548, 1000.000000000000000 ) ;
#3025 = DIRECTION ( 'NONE',  ( 0.000000000000000000, -0.000000000000000000, -1.000000000000000000 ) ) ;
#3026 = ADVANCED_FACE ( 'NONE', ( #7926 ), #5683, .T. ) ;
#3027 = PLANE ( 'NONE',  #6735 ) ;
#3028 = EDGE_CURVE ( 'NONE', #7656, #4528, #238, .T. ) ;
#3029 = ORIENTED_EDGE ( 'NONE', *, *, #7514, .F. ) ;
#3030 = CARTESIAN_POINT ( 'NONE',  ( 7.500000000000000000, 1.000000000000000000, -2.649999999999999911 ) ) ;
#3031 = MANIFOLD_SOLID_BREP ( 'Pin 14', #2032 ) ;
#3032 = EDGE_LOOP ( 'NONE', ( #5017, #2404, #7013, #8606 ) ) ;
#3033 = ORIENTED_EDGE ( 'NONE', *, *, #6670, .F. ) ;
#3034 = CARTESIAN_POINT ( 'NONE',  ( 4.550000000000000711, 0.000000000000000000, -5.699999999999998401 ) ) ;
#3035 = FACE_OUTER_BOUND ( 'NONE', #7478, .T. ) ;
#3036 = CARTESIAN_POINT ( 'NONE',  ( 4.549999999999999822, 1.000000000000000000, -7.499999999999998224 ) ) ;
#3037 = DIRECTION ( 'NONE',  ( -0.000000000000000000, -1.000000000000000000, -0.000000000000000000 ) ) ;
#3038 = LINE ( 'NONE', #6661, #117 ) ;
#3039 = ORIENTED_EDGE ( 'NONE', *, *, #3081, .F. ) ;
#3040 = FACE_OUTER_BOUND ( 'NONE', #1956, .T. ) ;
#3041 = DIRECTION ( 'NONE',  ( 0.000000000000000000, -0.000000000000000000, 1.000000000000000000 ) ) ;
#3042 = VECTOR ( 'NONE', #5362, 1000.000000000000000 ) ;
#3043 = PRODUCT_DEFINITION ( 'UNKNOWN', '', #920, #1310 ) ;
#3044 = VERTEX_POINT ( 'NONE', #7152 ) ;
#3045 = ORIENTED_EDGE ( 'NONE', *, *, #1107, .F. ) ;
#3046 = FACE_OUTER_BOUND ( 'NONE', #7537, .T. ) ;
#3047 = DIRECTION ( 'NONE',  ( 0.000000000000000000, 0.000000000000000000, -1.000000000000000000 ) ) ;
#3048 = PLANE ( 'NONE',  #4777 ) ;
#3049 = ORIENTED_EDGE ( 'NONE', *, *, #317, .F. ) ;
#3050 = LINE ( 'NONE', #4446, #557 ) ;
#3051 = APPLICATION_PROTOCOL_DEFINITION ( 'draft international standard', 'automotive_design', 1998, #1947 ) ;
#3052 = ORIENTED_EDGE ( 'NONE', *, *, #7398, .F. ) ;
#3053 = ORIENTED_EDGE ( 'NONE', *, *, #3668, .T. ) ;
#3054 = ADVANCED_FACE ( 'NONE', ( #5857 ), #8621, .F. ) ;
#3055 = CARTESIAN_POINT ( 'NONE',  ( 7.750000000000001776, 1.899999999999999911, 7.750000000000000000 ) ) ;
#3056 = VECTOR ( 'NONE', #7033, 1000.000000000000000 ) ;
#3057 = PLANE ( 'NONE',  #2345 ) ;
#3058 = AXIS2_PLACEMENT_3D ( 'NONE', #1164, #6832, #3306 ) ;
#3059 = PLANE ( 'NONE',  #3624 ) ;
#3060 = SHAPE_REPRESENTATION_RELATIONSHIP ( 'NONE' , 'NONE' ,  #7099, #1024 ) ;
#3061 = VERTEX_POINT ( 'NONE', #2940 ) ;
#3062 = LINE ( 'NONE', #2189, #5461 ) ;
#3063 = VECTOR ( 'NONE', #570, 1000.000000000000000 ) ;
#3064 = VECTOR ( 'NONE', #8772, 1000.000000000000000 ) ;
#3065 = EDGE_CURVE ( 'NONE', #6363, #3613, #8490, .T. ) ;
#3066 = CARTESIAN_POINT ( 'NONE',  ( 7.750000000000001776, 1.899999999999999911, -7.750000000000003553 ) ) ;
#3067 = ORIENTED_EDGE ( 'NONE', *, *, #6280, .F. ) ;
#3068 = VECTOR ( 'NONE', #5048, 1000.000000000000000 ) ;
#3069 = APPLICATION_CONTEXT ( 'automotive_design' ) ;
#3070 = DIRECTION ( 'NONE',  ( -4.818676322157799347E-16, 0.000000000000000000, 1.000000000000000000 ) ) ;
#3071 = VECTOR ( 'NONE', #6377, 1000.000000000000000 ) ;
#3072 = CARTESIAN_POINT ( 'NONE',  ( -6.000000000000000000, 2.399999999999999467, -7.500000000000000000 ) ) ;
#3073 = LINE ( 'NONE', #4564, #4827 ) ;
#3074 = ORIENTED_EDGE ( 'NONE', *, *, #8006, .F. ) ;
#3075 = PRODUCT_DEFINITION_SHAPE ( 'NONE', 'NONE',  #6732 ) ;
#3076 = DIRECTION ( 'NONE',  ( 0.000000000000000000, -0.000000000000000000, -1.000000000000000000 ) ) ;
#3077 = ORIENTED_EDGE ( 'NONE', *, *, #5159, .F. ) ;
#3078 = ORIENTED_EDGE ( 'NONE', *, *, #6657, .F. ) ;
#3079 = PLANE ( 'NONE',  #9050 ) ;
#3080 = AXIS2_PLACEMENT_3D ( 'NONE', #3818, #8619, #2273 ) ;
#3081 = EDGE_CURVE ( 'NONE', #2358, #8927, #1455, .T. ) ;
#3082 = DIRECTION ( 'NONE',  ( 0.000000000000000000, 0.000000000000000000, 1.000000000000000000 ) ) ;
#3083 = DIRECTION ( 'NONE',  ( -1.000000000000000000, 0.000000000000000000, -0.000000000000000000 ) ) ;
#3084 = FACE_OUTER_BOUND ( 'NONE', #3793, .T. ) ;
#3085 = VECTOR ( 'NONE', #3665, 1000.000000000000000 ) ;
#3086 = EDGE_CURVE ( 'NONE', #3227, #786, #2235, .T. ) ;
#3087 =( LENGTH_UNIT ( ) NAMED_UNIT ( * ) SI_UNIT ( .MILLI., .METRE. ) );
#3088 = ORIENTED_EDGE ( 'NONE', *, *, #6084, .T. ) ;
#3089 = PLANE ( 'NONE',  #5337 ) ;
#3090 = AXIS2_PLACEMENT_3D ( 'NONE', #9041, #5355, #8155 ) ;
#3091 = CARTESIAN_POINT ( 'NONE',  ( -1.149999999999999689, 1.000000000000000000, 7.500000000000000000 ) ) ;
#3092 = VERTEX_POINT ( 'NONE', #7887 ) ;
#3093 = AXIS2_PLACEMENT_3D ( 'NONE', #4768, #1232, #5514 ) ;
#3094 = EDGE_CURVE ( 'NONE', #8526, #7576, #6737, .T. ) ;
#3095 = ORIENTED_EDGE ( 'NONE', *, *, #9066, .T. ) ;
#3096 = CARTESIAN_POINT ( 'NONE',  ( 6.000000000000000000, 2.399999999999999467, 6.000000000000000000 ) ) ;
#3097 = DIRECTION ( 'NONE',  ( 0.000000000000000000, -1.000000000000000000, 0.000000000000000000 ) ) ;
#3098 = CARTESIAN_POINT ( 'NONE',  ( -6.500000000000000888, 1.899999999999996358, -6.999999999999999112 ) ) ;
#3099 = EDGE_CURVE ( 'NONE', #8085, #2188, #8716, .T. ) ;
#3100 = VERTEX_POINT ( 'NONE', #1079 ) ;
#3101 = ADVANCED_FACE ( 'NONE', ( #8120 ), #8763, .T. ) ;
#3102 = CARTESIAN_POINT ( 'NONE',  ( 4.749999999999999112, 5.799999999999999822, -3.750000000000000000 ) ) ;
#3103 = CARTESIAN_POINT ( 'NONE',  ( -1.900000000000000133, 0.5000000000000000000, 0.000000000000000000 ) ) ;
#3104 = APPLICATION_PROTOCOL_DEFINITION ( 'draft international standard', 'automotive_design', 1998, #2419 ) ;
#3105 = VERTEX_POINT ( 'NONE', #3072 ) ;
#3106 = VERTEX_POINT ( 'NONE', #3963 ) ;
#3107 = DIRECTION ( 'NONE',  ( -1.000000000000000000, -0.000000000000000000, -0.000000000000000000 ) ) ;
#3108 = CARTESIAN_POINT ( 'NONE',  ( -0.7500000000000002220, 3.343074902771997259, 0.000000000000000000 ) ) ;
#3109 = FILL_AREA_STYLE_COLOUR ( '', #5453 ) ;
#3110 = CARTESIAN_POINT ( 'NONE',  ( 0.000000000000000000, 0.000000000000000000, 2.649999999999999467 ) ) ;
#3111 = LINE ( 'NONE', #6089, #250 ) ;
#3112 = VERTEX_POINT ( 'NONE', #5950 ) ;
#3113 = ADVANCED_FACE ( 'NONE', ( #5999 ), #974, .T. ) ;
#3114 = CARTESIAN_POINT ( 'NONE',  ( 7.750000000000001776, 1.899999999999999911, 7.750000000000000000 ) ) ;
#3115 = ORIENTED_EDGE ( 'NONE', *, *, #6171, .T. ) ;
#3116 = CARTESIAN_POINT ( 'NONE',  ( 7.292893218813449430, 6.799999999999999822, 6.757359312880714342 ) ) ;
#3117 = CARTESIAN_POINT ( 'NONE',  ( 7.499999999999999112, 1.000000000000000000, 4.549999999999999822 ) ) ;
#3118 = LINE ( 'NONE', #4464, #5258 ) ;
#3119 =( NAMED_UNIT ( * ) SI_UNIT ( $, .STERADIAN. ) SOLID_ANGLE_UNIT ( ) );
#3120 = VERTEX_POINT ( 'NONE', #7429 ) ;
#3121 = CARTESIAN_POINT ( 'NONE',  ( 6.999999999999998224, 1.899999999999999245, -6.000000000000000000 ) ) ;
#3122 = ORIENTED_EDGE ( 'NONE', *, *, #2129, .F. ) ;
#3123 = VECTOR ( 'NONE', #7935, 1000.000000000000000 ) ;
#3124 = EDGE_LOOP ( 'NONE', ( #6358, #2677, #4982, #3475 ) ) ;
#3125 = LINE ( 'NONE', #1087, #7857 ) ;
#3126 = CARTESIAN_POINT ( 'NONE',  ( 0.000000000000000000, 0.000000000000000000, 0.000000000000000000 ) ) ;
#3127 = FACE_OUTER_BOUND ( 'NONE', #3124, .T. ) ;
#3128 = SURFACE_STYLE_USAGE ( .BOTH. , #440 ) ;
#3129 = VECTOR ( 'NONE', #4490, 1000.000000000000114 ) ;
#3130 = PLANE ( 'NONE',  #5313 ) ;
#3131 = ADVANCED_BREP_SHAPE_REPRESENTATION ( '', ( #5757, #2096 ), #1658 ) ;
#3132 = EDGE_LOOP ( 'NONE', ( #2974, #3696, #1515, #1215 ) ) ;
#3133 = DIRECTION ( 'NONE',  ( -0.000000000000000000, 0.000000000000000000, -1.000000000000000000 ) ) ;
#3134 =( GEOMETRIC_REPRESENTATION_CONTEXT ( 3 ) GLOBAL_UNCERTAINTY_ASSIGNED_CONTEXT ( ( #8937 ) ) GLOBAL_UNIT_ASSIGNED_CONTEXT ( ( #8607, #3536, #9123 ) ) REPRESENTATION_CONTEXT ( 'NONE', 'WORKASPACE' ) );
#3135 = DIRECTION ( 'NONE',  ( 0.000000000000000000, 1.000000000000000000, 0.000000000000000000 ) ) ;
#3136 = VERTEX_POINT ( 'NONE', #3117 ) ;
#3137 = ORIENTED_EDGE ( 'NONE', *, *, #4718, .F. ) ;
#3138 = LINE ( 'NONE', #1144, #2153 ) ;
#3139 = LINE ( 'NONE', #8835, #654 ) ;
#3140 = CARTESIAN_POINT ( 'NONE',  ( 3.049999999999999822, 1.000000000000000000, 7.500000000000000000 ) ) ;
#3141 = CARTESIAN_POINT ( 'NONE',  ( -5.699999999999998401, 1.000000000000000000, 0.000000000000000000 ) ) ;
#3142 = EDGE_LOOP ( 'NONE', ( #384, #1977, #1247, #8493 ) ) ;
#3143 = EDGE_CURVE ( 'NONE', #3932, #8931, #6787, .T. ) ;
#3144 = EDGE_CURVE ( 'NONE', #827, #5930, #6094, .T. ) ;
#3145 = CARTESIAN_POINT ( 'NONE',  ( -6.878679656440356283, 6.299999999999999822, 7.499999999999997335 ) ) ;
#3147 = ADVANCED_FACE ( 'NONE', ( #429 ), #7529, .T. ) ;
#3146 = DIRECTION ( 'NONE',  ( 0.000000000000000000, -0.000000000000000000, -1.000000000000000000 ) ) ;
#3148 = APPLICATION_PROTOCOL_DEFINITION ( 'draft international standard', 'automotive_design', 1998, #7697 ) ;
#3149 = EDGE_LOOP ( 'NONE', ( #5730, #4958, #8569, #4461 ) ) ;
#3150 = VERTEX_POINT ( 'NONE', #380 ) ;
#3151 = DIRECTION ( 'NONE',  ( 0.000000000000000000, 0.000000000000000000, 1.000000000000000000 ) ) ;
#3152 = PRODUCT_DEFINITION_FORMATION_WITH_SPECIFIED_SOURCE ( 'ANY', '', #6608, .NOT_KNOWN. ) ;
#3153 = SURFACE_STYLE_USAGE ( .BOTH. , #6725 ) ;
#3154 = PRODUCT_DEFINITION_SHAPE ( 'NONE', 'NONE',  #9152 ) ;
#3155 = CARTESIAN_POINT ( 'NONE',  ( -7.499999999999999112, 1.000000000000000000, 0.000000000000000000 ) ) ;
#3156 =( NAMED_UNIT ( * ) SI_UNIT ( $, .STERADIAN. ) SOLID_ANGLE_UNIT ( ) );
#3157 = CARTESIAN_POINT ( 'NONE',  ( -7.500000000000001776, 3.343074902771997259, 4.549999999999998934 ) ) ;
#3158 = CYLINDRICAL_SURFACE ( 'NONE', #3376, 0.5000000000000004441 ) ;
#3159 = ORIENTED_EDGE ( 'NONE', *, *, #7186, .F. ) ;
#3160 = PRODUCT_DEFINITION ( 'UNKNOWN', '', #6274, #2640 ) ;
#3161 = FACE_OUTER_BOUND ( 'NONE', #2650, .T. ) ;
#3162 = CARTESIAN_POINT ( 'NONE',  ( -4.549999999999998934, 1.000000000000000000, -5.700000000000001066 ) ) ;
#3163 = DIRECTION ( 'NONE',  ( 0.000000000000000000, 0.000000000000000000, 1.000000000000000000 ) ) ;
#3164 = CARTESIAN_POINT ( 'NONE',  ( -3.750000000000001332, 5.799999999999999822, 4.750000000000000000 ) ) ;
#3165 = ORIENTED_EDGE ( 'NONE', *, *, #3144, .T. ) ;
#3166 = DIRECTION ( 'NONE',  ( -0.000000000000000000, 0.000000000000000000, -1.000000000000000000 ) ) ;
#3167 = ORIENTED_EDGE ( 'NONE', *, *, #2866, .T. ) ;
#3168 = ORIENTED_EDGE ( 'NONE', *, *, #7634, .T. ) ;
#3169 = DIRECTION ( 'NONE',  ( -1.000000000000000000, 0.000000000000000000, -2.409338161078899674E-16 ) ) ;
#3170 = AXIS2_PLACEMENT_3D ( 'NONE', #6904, #6954, #594 ) ;
#3171 = EDGE_CURVE ( 'NONE', #7127, #7669, #5317, .T. ) ;
#3172 = CARTESIAN_POINT ( 'NONE',  ( -2.650000000000000355, 0.000000000000000000, 5.700000000000000178 ) ) ;
#3173 = FACE_OUTER_BOUND ( 'NONE', #3424, .T. ) ;
#3174 = CARTESIAN_POINT ( 'NONE',  ( -7.499999999999998224, 1.000000000000000000, -3.050000000000002487 ) ) ;
#3175 = DIRECTION ( 'NONE',  ( -0.000000000000000000, -1.000000000000000000, -0.000000000000000000 ) ) ;
#3176 = ORIENTED_EDGE ( 'NONE', *, *, #7607, .T. ) ;
#3177 = PLANE ( 'NONE',  #4000 ) ;
#3178 = CARTESIAN_POINT ( 'NONE',  ( 6.878679656440357171, 6.299999999999999822, -7.499999999999997335 ) ) ;
#3179 = VECTOR ( 'NONE', #8537, 1000.000000000000000 ) ;
#3180 = ORIENTED_EDGE ( 'NONE', *, *, #8624, .F. ) ;
#3181 = EDGE_CURVE ( 'NONE', #8377, #6916, #3208, .T. ) ;
#3182 = ORIENTED_EDGE ( 'NONE', *, *, #3522, .F. ) ;
#3183 = DIRECTION ( 'NONE',  ( 0.000000000000000000, -0.000000000000000000, 1.000000000000000000 ) ) ;
#3184 = CARTESIAN_POINT ( 'NONE',  ( 3.049999999999999822, 3.343074902771997259, 0.000000000000000000 ) ) ;
#3185 = CARTESIAN_POINT ( 'NONE',  ( 5.700000000000000178, 1.000000000000000000, -2.649999999999999911 ) ) ;
#3186 = ORIENTED_EDGE ( 'NONE', *, *, #8193, .F. ) ;
#3187 = AXIS2_PLACEMENT_3D ( 'NONE', #8041, #7358, #3887 ) ;
#3188 = DIRECTION ( 'NONE',  ( -1.000000000000000000, -0.000000000000000000, -0.000000000000000000 ) ) ;
#3189 = DIRECTION ( 'NONE',  ( 1.000000000000000000, 0.000000000000000000, -0.000000000000000000 ) ) ;
#3190 = SHAPE_DEFINITION_REPRESENTATION ( #8851, #7150 ) ;
#3191 = EDGE_LOOP ( 'NONE', ( #5925, #5620, #2521, #6946 ) ) ;
#3192 = ORIENTED_EDGE ( 'NONE', *, *, #1197, .T. ) ;
#3193 = AXIS2_PLACEMENT_3D ( 'NONE', #7573, #2799, #658 ) ;
#3194 = CARTESIAN_POINT ( 'NONE',  ( 0.000000000000000000, 0.000000000000000000, 0.000000000000000000 ) ) ;
#3195 = EDGE_CURVE ( 'NONE', #9117, #1946, #2569, .T. ) ;
#3196 = CARTESIAN_POINT ( 'NONE',  ( -4.549999999999998934, 1.000000000000000000, 0.000000000000000000 ) ) ;
#3197 = CARTESIAN_POINT ( 'NONE',  ( 1.149999999999999911, 1.000000000000000000, 5.700000000000000178 ) ) ;
#3198 = ADVANCED_FACE ( 'NONE', ( #1614 ), #4906, .F. ) ;
#3199 = CARTESIAN_POINT ( 'NONE',  ( 0.000000000000000000, 6.799999999999999822, 0.8000000000000000444 ) ) ;
#3200 = LINE ( 'NONE', #7286, #5846 ) ;
#3201 = CARTESIAN_POINT ( 'NONE',  ( 3.050000000000002043, 1.000000000000000000, -7.499999999999999112 ) ) ;
#3202 = EDGE_LOOP ( 'NONE', ( #5962, #6907, #7633, #3486 ) ) ;
#3203 = UNCERTAINTY_MEASURE_WITH_UNIT (LENGTH_MEASURE( 1.000000000000000082E-05 ), #5173, 'distance_accuracy_value', 'NONE');
#3204 = DIRECTION ( 'NONE',  ( -0.000000000000000000, -1.000000000000000000, 0.000000000000000000 ) ) ;
#3205 = AXIS2_PLACEMENT_3D ( 'NONE', #4908, #3559, #2852 ) ;
#3206 = STYLED_ITEM ( 'NONE', ( #5939 ), #8905 ) ;
#3207 = DIRECTION ( 'NONE',  ( 1.000000000000000000, 0.000000000000000000, 4.818676322157799347E-16 ) ) ;
#3208 = LINE ( 'NONE', #1721, #3938 ) ;
#3209 = FACE_OUTER_BOUND ( 'NONE', #5523, .T. ) ;
#3210 = CLOSED_SHELL ( 'NONE', ( #3899, #5315, #5795, #1607, #4594, #1964 ) ) ;
#3211 = EDGE_CURVE ( 'NONE', #8332, #7327, #8650, .T. ) ;
#3212 =( NAMED_UNIT ( * ) PLANE_ANGLE_UNIT ( ) SI_UNIT ( $, .RADIAN. ) );
#3213 = ORIENTED_EDGE ( 'NONE', *, *, #9147, .T. ) ;
#3214 = VECTOR ( 'NONE', #1629, 1000.000000000000000 ) ;
#3215 = LINE ( 'NONE', #8966, #7494 ) ;
#3216 = AXIS2_PLACEMENT_3D ( 'NONE', #1653, #8691, #3047 ) ;
#3217 = VECTOR ( 'NONE', #6316, 1000.000000000000000 ) ;
#3218 = EDGE_LOOP ( 'NONE', ( #4878, #5647, #3288, #1611 ) ) ;
#3219 = VERTEX_POINT ( 'NONE', #7388 ) ;
#3220 = FACE_OUTER_BOUND ( 'NONE', #8230, .T. ) ;
#3221 = AXIS2_PLACEMENT_3D ( 'NONE', #7925, #2466, #285 ) ;
#3222 = VECTOR ( 'NONE', #108, 1000.000000000000000 ) ;
#3223 = DIRECTION ( 'NONE',  ( 0.000000000000000000, 0.000000000000000000, -1.000000000000000000 ) ) ;
#3224 = CARTESIAN_POINT ( 'NONE',  ( 0.000000000000000000, 3.343074902771997259, 7.500000000000000000 ) ) ;
#3225 =( NAMED_UNIT ( * ) SI_UNIT ( $, .STERADIAN. ) SOLID_ANGLE_UNIT ( ) );
#3226 =( LENGTH_UNIT ( ) NAMED_UNIT ( * ) SI_UNIT ( .MILLI., .METRE. ) );
#3227 = VERTEX_POINT ( 'NONE', #1030 ) ;
#3228 = EDGE_CURVE ( 'NONE', #4261, #3150, #3864, .T. ) ;
#3229 = LINE ( 'NONE', #7991, #2506 ) ;
#3230 = CARTESIAN_POINT ( 'NONE',  ( 6.585786437626905077, 1.899999999999999245, 7.000000000000001776 ) ) ;
#3231 = CARTESIAN_POINT ( 'NONE',  ( 6.000000000000002665, 6.592893218813451917, -7.499999999999997335 ) ) ;
#3232 = EDGE_CURVE ( 'NONE', #8027, #7929, #5216, .T. ) ;
#3233 = VERTEX_POINT ( 'NONE', #8867 ) ;
#3234 = VECTOR ( 'NONE', #8683, 1000.000000000000000 ) ;
#3235 = PRODUCT ( 'SAM-M8Q-0-10_14', 'SAM-M8Q-0-10_14', '', ( #5199 ) ) ;
#3236 = AXIS2_PLACEMENT_3D ( 'NONE', #4734, #5385, #6170 ) ;
#3237 = ORIENTED_EDGE ( 'NONE', *, *, #2992, .F. ) ;
#3238 =( REPRESENTATION_RELATIONSHIP ('NONE','NONE', #464, #7099 ) REPRESENTATION_RELATIONSHIP_WITH_TRANSFORMATION ( #2250 )SHAPE_REPRESENTATION_RELATIONSHIP( ) );
#3239 = DIRECTION ( 'NONE',  ( -1.000000000000000000, 0.000000000000000000, -0.000000000000000000 ) ) ;
#3240 = DIRECTION ( 'NONE',  ( 0.000000000000000000, 1.000000000000000000, 0.000000000000000000 ) ) ;
#3241 = CARTESIAN_POINT ( 'NONE',  ( 7.649999999999998579, 1.000000000000000000, -7.650000000000002132 ) ) ;
#3242 = VECTOR ( 'NONE', #5023, 1000.000000000000000 ) ;
#3243 = EDGE_LOOP ( 'NONE', ( #2301, #7477, #1180, #913 ) ) ;
#3244 = EDGE_CURVE ( 'NONE', #1542, #7197, #286, .T. ) ;
#3245 = DIRECTION ( 'NONE',  ( -1.000000000000000000, -0.000000000000000000, -0.000000000000000000 ) ) ;
#3246 = PRESENTATION_LAYER_ASSIGNMENT (  '', '', ( #1910 ) ) ;
#3247 = APPLICATION_PROTOCOL_DEFINITION ( 'draft international standard', 'automotive_design', 1998, #6287 ) ;
#3248 = ORIENTED_EDGE ( 'NONE', *, *, #8882, .F. ) ;
#3249 = ORIENTED_EDGE ( 'NONE', *, *, #3171, .F. ) ;
#3250 = AXIS2_PLACEMENT_3D ( 'NONE', #7196, #2810, #5774 ) ;
#3251 = ADVANCED_FACE ( 'NONE', ( #4516 ), #4706, .F. ) ;
#3253 = ADVANCED_FACE ( 'NONE', ( #6649 ), #2747, .T. ) ;
#3252 = PLANE ( 'NONE',  #8679 ) ;
#3254 = FACE_OUTER_BOUND ( 'NONE', #4807, .T. ) ;
#3255 = PLANE ( 'NONE',  #3992 ) ;
#3256 = CARTESIAN_POINT ( 'NONE',  ( -1.149999999999999023, 1.000000000000000000, -7.500000000000000000 ) ) ;
#3257 = ADVANCED_BREP_SHAPE_REPRESENTATION ( '', ( #8465, #2096 ), #6415 ) ;
#3258 =( LENGTH_UNIT ( ) NAMED_UNIT ( * ) SI_UNIT ( .MILLI., .METRE. ) );
#3259 = CARTESIAN_POINT ( 'NONE',  ( 2.650000000000000355, 1.000000000000000000, 7.500000000000000000 ) ) ;
#3260 = ORIENTED_EDGE ( 'NONE', *, *, #1317, .F. ) ;
#3261 = APPLICATION_CONTEXT ( 'automotive_design' ) ;
#3262 = VECTOR ( 'NONE', #6902, 1000.000000000000000 ) ;
#3263 = CARTESIAN_POINT ( 'NONE',  ( -6.999999999999999112, 6.800000000000001599, 6.585786437626905077 ) ) ;
#3264 = EDGE_CURVE ( 'NONE', #2538, #6995, #7662, .T. ) ;
#3265 = DIRECTION ( 'NONE',  ( 0.000000000000000000, 0.000000000000000000, -1.000000000000000000 ) ) ;
#3266 = EDGE_CURVE ( 'NONE', #4775, #3092, #5456, .T. ) ;
#3267 = DIRECTION ( 'NONE',  ( 0.000000000000000000, 1.000000000000000000, 0.000000000000000000 ) ) ;
#3268 = EDGE_CURVE ( 'NONE', #2635, #4336, #2052, .T. ) ;
#3269 = LINE ( 'NONE', #2000, #6154 ) ;
#3270 = ORIENTED_EDGE ( 'NONE', *, *, #4565, .F. ) ;
#3271 = EDGE_CURVE ( 'NONE', #3987, #5184, #612, .T. ) ;
#3272 = EDGE_LOOP ( 'NONE', ( #412, #5440, #7238, #5350 ) ) ;
#3273 = EDGE_CURVE ( 'NONE', #8964, #1270, #2614, .T. ) ;
#3274 = EDGE_LOOP ( 'NONE', ( #2347, #1205, #6098, #2609 ) ) ;
#3275 = PLANE ( 'NONE',  #5519 ) ;
#3276 = EDGE_CURVE ( 'NONE', #2002, #309, #5588, .T. ) ;
#3277 = CARTESIAN_POINT ( 'NONE',  ( -6.200000000000001066, 1.899999999999999911, -7.299999999999999822 ) ) ;
#3278 = CARTESIAN_POINT ( 'NONE',  ( 2.650000000000001243, 1.000000000000000000, 0.000000000000000000 ) ) ;
#3279 = CARTESIAN_POINT ( 'NONE',  ( -7.500000000000001776, 3.343074902771997259, 0.000000000000000000 ) ) ;
#3280 = FACE_OUTER_BOUND ( 'NONE', #3243, .T. ) ;
#3281 = ADVANCED_FACE ( 'NONE', ( #9134 ), #3354, .F. ) ;
#3282 = ORIENTED_EDGE ( 'NONE', *, *, #8122, .F. ) ;
#3283 = CARTESIAN_POINT ( 'NONE',  ( 3.100000000000000977, 0.5000000000000000000, 1.899999999999999689 ) ) ;
#3284 =( NAMED_UNIT ( * ) SI_UNIT ( $, .STERADIAN. ) SOLID_ANGLE_UNIT ( ) );
#3285 = CARTESIAN_POINT ( 'NONE',  ( 5.699999999999999289, 0.000000000000000000, 4.549999999999999822 ) ) ;
#3286 = ORIENTED_EDGE ( 'NONE', *, *, #5075, .T. ) ;
#3287 = VECTOR ( 'NONE', #9112, 1000.000000000000000 ) ;
#3288 = ORIENTED_EDGE ( 'NONE', *, *, #5326, .T. ) ;
#3289 = CARTESIAN_POINT ( 'NONE',  ( 4.517509052022938429E-17, 3.343074902771997259, -0.7500000000000002220 ) ) ;
#3290 = DIRECTION ( 'NONE',  ( -1.000000000000000000, 0.000000000000000000, 0.000000000000000000 ) ) ;
#3291 = CARTESIAN_POINT ( 'NONE',  ( 7.500000000000000000, 1.000000000000000000, -0.7499999999999997780 ) ) ;
#3292 = FACE_OUTER_BOUND ( 'NONE', #7532, .T. ) ;
#3293 = UNCERTAINTY_MEASURE_WITH_UNIT (LENGTH_MEASURE( 1.000000000000000082E-05 ), #9042, 'distance_accuracy_value', 'NONE');
#3294 = PRODUCT_DEFINITION_CONTEXT ( 'detailed design', #1183, 'design' ) ;
#3295 = EDGE_LOOP ( 'NONE', ( #44, #4110, #5548, #5800 ) ) ;
#3296 = DIRECTION ( 'NONE',  ( 0.000000000000000000, -1.000000000000000000, 0.000000000000000000 ) ) ;
#3297 = AXIS2_PLACEMENT_3D ( 'NONE', #2452, #4648, #8205 ) ;
#3298 = LINE ( 'NONE', #6177, #6194 ) ;
#3299 = ORIENTED_EDGE ( 'NONE', *, *, #927, .T. ) ;
#3300 = MECHANICAL_DESIGN_GEOMETRIC_PRESENTATION_REPRESENTATION (  '', ( #2239 ), #3134 ) ;
#3301 = VERTEX_POINT ( 'NONE', #1359 ) ;
#3302 = CARTESIAN_POINT ( 'NONE',  ( 4.749999999999999112, 5.799999999999999822, 4.750000000000000000 ) ) ;
#3303 =( LENGTH_UNIT ( ) NAMED_UNIT ( * ) SI_UNIT ( .MILLI., .METRE. ) );
#3304 = ORIENTED_EDGE ( 'NONE', *, *, #2947, .T. ) ;
#3305 = PLANE ( 'NONE',  #2497 ) ;
#3306 = DIRECTION ( 'NONE',  ( 0.000000000000000000, -0.000000000000000000, 1.000000000000000000 ) ) ;
#3307 = CARTESIAN_POINT ( 'NONE',  ( 0.000000000000000000, 1.000000000000000000, 2.650000000000000799 ) ) ;
#3308 = CARTESIAN_POINT ( 'NONE',  ( 0.000000000000000000, 0.000000000000000000, 0.000000000000000000 ) ) ;
#3309 = DIRECTION ( 'NONE',  ( 1.000000000000000000, -0.000000000000000000, 0.000000000000000000 ) ) ;
#3310 = VERTEX_POINT ( 'NONE', #7747 ) ;
#3311 = AXIS2_PLACEMENT_3D ( 'NONE', #3580, #5842, #6409 ) ;
#3312 = LINE ( 'NONE', #5360, #5255 ) ;
#3313 = FACE_OUTER_BOUND ( 'NONE', #3295, .T. ) ;
#3314 = PLANE ( 'NONE',  #3945 ) ;
#3315 = DIRECTION ( 'NONE',  ( 1.000000000000000000, 0.000000000000000000, -0.000000000000000000 ) ) ;
#3316 = ORIENTED_EDGE ( 'NONE', *, *, #5586, .F. ) ;
#3317 = FACE_OUTER_BOUND ( 'NONE', #8249, .T. ) ;
#3318 = ORIENTED_EDGE ( 'NONE', *, *, #1722, .F. ) ;
#3319 = ORIENTED_EDGE ( 'NONE', *, *, #7861, .F. ) ;
#3320 = LINE ( 'NONE', #49, #4180 ) ;
#3321 = DIRECTION ( 'NONE',  ( 0.000000000000000000, 0.000000000000000000, -1.000000000000000000 ) ) ;
#3322 = LINE ( 'NONE', #6156, #2348 ) ;
#3323 = EDGE_CURVE ( 'NONE', #7974, #4256, #8437, .T. ) ;
#3324 = EDGE_CURVE ( 'NONE', #5639, #8036, #8962, .T. ) ;
#3325 = DIRECTION ( 'NONE',  ( 1.000000000000000000, 0.000000000000000000, -0.000000000000000000 ) ) ;
#3326 = ORIENTED_EDGE ( 'NONE', *, *, #3232, .T. ) ;
#3327 = DIRECTION ( 'NONE',  ( -5.782411586589354681E-16, 0.000000000000000000, 1.000000000000000000 ) ) ;
#3328 =( NAMED_UNIT ( * ) PLANE_ANGLE_UNIT ( ) SI_UNIT ( $, .RADIAN. ) );
#3329 = CARTESIAN_POINT ( 'NONE',  ( 7.292893218813452094, 6.799999999999999822, -6.757359312880712565 ) ) ;
#3330 = ORIENTED_EDGE ( 'NONE', *, *, #2381, .T. ) ;
#3331 = AXIS2_PLACEMENT_3D ( 'NONE', #2769, #5526, #6261 ) ;
#3332 = ORIENTED_EDGE ( 'NONE', *, *, #6666, .F. ) ;
#3333 = LINE ( 'NONE', #593, #904 ) ;
#3334 = CARTESIAN_POINT ( 'NONE',  ( -4.549999999999999822, 1.000000000000000000, 0.000000000000000000 ) ) ;
#3335 = CARTESIAN_POINT ( 'NONE',  ( 0.000000000000000000, 1.800000000000000266, 0.000000000000000000 ) ) ;
#3336 = LINE ( 'NONE', #6172, #5797 ) ;
#3337 = ORIENTED_EDGE ( 'NONE', *, *, #3380, .F. ) ;
#3338 = VECTOR ( 'NONE', #1914, 1000.000000000000000 ) ;
#3339 = LINE ( 'NONE', #1794, #4121 ) ;
#3340 = DIRECTION ( 'NONE',  ( -1.000000000000000000, 0.000000000000000000, -0.000000000000000000 ) ) ;
#3341 = PRODUCT_CONTEXT ( 'NONE', #3261, 'mechanical' ) ;
#3342 = ORIENTED_EDGE ( 'NONE', *, *, #5402, .T. ) ;
#3343 = VERTEX_POINT ( 'NONE', #1395 ) ;
#3344 = CARTESIAN_POINT ( 'NONE',  ( -1.149999999999999023, 1.000000000000000000, -7.500000000000000000 ) ) ;
#3345 = PLANE ( 'NONE',  #6538 ) ;
#3346 = ORIENTED_EDGE ( 'NONE', *, *, #6436, .F. ) ;
#3347 = LINE ( 'NONE', #8250, #6499 ) ;
#3348 = LINE ( 'NONE', #5579, #8245 ) ;
#3349 = EDGE_CURVE ( 'NONE', #3105, #7327, #4845, .T. ) ;
#3350 = DIRECTION ( 'NONE',  ( 1.000000000000000000, 0.000000000000000000, 0.000000000000000000 ) ) ;
#3351 = ORIENTED_EDGE ( 'NONE', *, *, #3387, .T. ) ;
#3352 = CARTESIAN_POINT ( 'NONE',  ( -6.585786437626905077, 6.800000000000001599, 6.999999999999999112 ) ) ;
#3353 = CARTESIAN_POINT ( 'NONE',  ( -7.300000000000000711, 1.800000000000000266, -6.200000000000001066 ) ) ;
#3354 = PLANE ( 'NONE',  #1705 ) ;
#3355 = CARTESIAN_POINT ( 'NONE',  ( -7.499999999999998224, 0.000000000000000000, -4.550000000000000711 ) ) ;
#3356 = ORIENTED_EDGE ( 'NONE', *, *, #508, .F. ) ;
#3357 = ADVANCED_FACE ( 'NONE', ( #6975 ), #8261, .F. ) ;
#3358 = LINE ( 'NONE', #2844, #7658 ) ;
#3359 = LINE ( 'NONE', #4084, #879 ) ;
#3360 = ORIENTED_EDGE ( 'NONE', *, *, #8810, .T. ) ;
#3361 = EDGE_CURVE ( 'NONE', #8409, #7502, #475, .T. ) ;
#3362 = EDGE_LOOP ( 'NONE', ( #3023, #1959, #272, #2279 ) ) ;
#3363 = DIRECTION ( 'NONE',  ( 0.000000000000000000, -1.000000000000000000, -0.000000000000000000 ) ) ;
#3364 = CARTESIAN_POINT ( 'NONE',  ( -4.500000000000000888, 0.000000000000000000, 4.499999999999999112 ) ) ;
#3365 = DIRECTION ( 'NONE',  ( -0.000000000000000000, 0.000000000000000000, 1.000000000000000000 ) ) ;
#3366 = AXIS2_PLACEMENT_3D ( 'NONE', #4544, #5847, #8652 ) ;
#3367 = CARTESIAN_POINT ( 'NONE',  ( 5.700000000000000178, 3.343074902771997259, 0.7500000000000005551 ) ) ;
#3368 = VECTOR ( 'NONE', #5347, 1000.000000000000000 ) ;
#3369 = SHAPE_REPRESENTATION ( 'SAM-M8Q-0-10_11', ( #2096 ), #7130 ) ;
#3370 = SHAPE_REPRESENTATION_RELATIONSHIP ( 'NONE' , 'NONE' ,  #7200, #5580 ) ;
#3371 = EDGE_LOOP ( 'NONE', ( #761, #4041, #7309, #5013 ) ) ;
#3372 = COLOUR_RGB ( '',1.000000000000000000, 0.8117647058823529438, 0.5019607843137254832 ) ;
#3373 = DIRECTION ( 'NONE',  ( 1.000000000000000000, -0.000000000000000000, 0.000000000000000000 ) ) ;
#3374 = ORIENTED_EDGE ( 'NONE', *, *, #630, .T. ) ;
#3375 = AXIS2_PLACEMENT_3D ( 'NONE', #2579, #8356, #8224 ) ;
#3376 = AXIS2_PLACEMENT_3D ( 'NONE', #5990, #8907, #322 ) ;
#3377 = ADVANCED_FACE ( 'NONE', ( #3454 ), #3314, .F. ) ;
#3378 = ORIENTED_EDGE ( 'NONE', *, *, #5374, .T. ) ;
#3379 = LINE ( 'NONE', #2071, #2212 ) ;
#3380 = EDGE_CURVE ( 'NONE', #2804, #720, #6755, .T. ) ;
#3381 = LINE ( 'NONE', #1198, #942 ) ;
#3382 = LINE ( 'NONE', #6219, #8697 ) ;
#3383 =( NAMED_UNIT ( * ) SI_UNIT ( $, .STERADIAN. ) SOLID_ANGLE_UNIT ( ) );
#3384 = VERTEX_POINT ( 'NONE', #5506 ) ;
#3385 = APPLICATION_CONTEXT ( 'automotive_design' ) ;
#3386 = DIRECTION ( 'NONE',  ( 0.000000000000000000, 1.000000000000000000, -0.000000000000000000 ) ) ;
#3387 = EDGE_CURVE ( 'NONE', #4629, #3219, #8306, .T. ) ;
#3388 = VECTOR ( 'NONE', #1124, 1000.000000000000000 ) ;
#3389 = ORIENTED_EDGE ( 'NONE', *, *, #3323, .F. ) ;
#3390 = ORIENTED_EDGE ( 'NONE', *, *, #2284, .T. ) ;
#3391 = EDGE_CURVE ( 'NONE', #5520, #720, #4800, .T. ) ;
#3392 = VECTOR ( 'NONE', #7834, 1000.000000000000000 ) ;
#3393 = CARTESIAN_POINT ( 'NONE',  ( -3.050000000000001155, 3.343074902771997259, 0.000000000000000000 ) ) ;
#3394 = EDGE_CURVE ( 'NONE', #8497, #8462, #3406, .T. ) ;
#3395 =( NAMED_UNIT ( * ) SI_UNIT ( $, .STERADIAN. ) SOLID_ANGLE_UNIT ( ) );
#3396 = VERTEX_POINT ( 'NONE', #2225 ) ;
#3397 = AXIS2_PLACEMENT_3D ( 'NONE', #5565, #678, #1413 ) ;
#3398 = DIRECTION ( 'NONE',  ( 0.000000000000000000, -0.000000000000000000, 1.000000000000000000 ) ) ;
#3399 =( NAMED_UNIT ( * ) PLANE_ANGLE_UNIT ( ) SI_UNIT ( $, .RADIAN. ) );
#3400 = CARTESIAN_POINT ( 'NONE',  ( 2.650000000000001243, 1.000000000000000000, -7.500000000000000000 ) ) ;
#3401 = DIRECTION ( 'NONE',  ( 1.000000000000000000, 0.000000000000000000, 0.000000000000000000 ) ) ;
#3402 = VECTOR ( 'NONE', #4859, 1000.000000000000000 ) ;
#3403 = ORIENTED_EDGE ( 'NONE', *, *, #4563, .T. ) ;
#3404 = CARTESIAN_POINT ( 'NONE',  ( 7.500000000000000000, 1.000000000000000000, 0.000000000000000000 ) ) ;
#3405 = LINE ( 'NONE', #1998, #8247 ) ;
#3406 = LINE ( 'NONE', #6240, #4380 ) ;
#3407 = LINE ( 'NONE', #4152, #950 ) ;
#3408 = SHAPE_REPRESENTATION_RELATIONSHIP ( 'NONE' , 'NONE' ,  #2005, #8539 ) ;
#3409 = ORIENTED_EDGE ( 'NONE', *, *, #6379, .F. ) ;
#3410 = DIRECTION ( 'NONE',  ( -1.000000000000000000, -0.000000000000000000, -0.000000000000000000 ) ) ;
#3411 = ORIENTED_EDGE ( 'NONE', *, *, #3028, .F. ) ;
#3412 = AXIS2_PLACEMENT_3D ( 'NONE', #7261, #6390, #1464 ) ;
#3413 = VERTEX_POINT ( 'NONE', #8744 ) ;
#3414 = DIRECTION ( 'NONE',  ( 1.000000000000000000, 0.000000000000000000, -0.000000000000000000 ) ) ;
#3415 = LINE ( 'NONE', #7482, #9139 ) ;
#3416 = DIRECTION ( 'NONE',  ( 1.000000000000000000, 0.000000000000000000, 0.000000000000000000 ) ) ;
#3417 =( NAMED_UNIT ( * ) SI_UNIT ( $, .STERADIAN. ) SOLID_ANGLE_UNIT ( ) );
#3418 = LINE ( 'NONE', #8402, #1606 ) ;
#3419 =( NAMED_UNIT ( * ) SI_UNIT ( $, .STERADIAN. ) SOLID_ANGLE_UNIT ( ) );
#3420 = VERTEX_POINT ( 'NONE', #7835 ) ;
#3421 =( REPRESENTATION_RELATIONSHIP ('NONE','NONE', #464, #6750 ) REPRESENTATION_RELATIONSHIP_WITH_TRANSFORMATION ( #7818 )SHAPE_REPRESENTATION_RELATIONSHIP( ) );
#3422 = CARTESIAN_POINT ( 'NONE',  ( 1.149999999999999911, 3.343074902771997259, 5.700000000000000178 ) ) ;
#3423 = ORIENTED_EDGE ( 'NONE', *, *, #8865, .F. ) ;
#3424 = EDGE_LOOP ( 'NONE', ( #158, #627, #7914, #273 ) ) ;
#3425 = LINE ( 'NONE', #5563, #8739 ) ;
#3426 = DIRECTION ( 'NONE',  ( 0.000000000000000000, 0.000000000000000000, -1.000000000000000000 ) ) ;
#3427 = FACE_OUTER_BOUND ( 'NONE', #4795, .T. ) ;
#3428 =( BOUNDED_CURVE ( )  B_SPLINE_CURVE ( 3, ( #4674, #3230, #8135, #6807 ),
 .UNSPECIFIED., .F., .F. ) 
 B_SPLINE_CURVE_WITH_KNOTS ( ( 4, 4 ),
 ( 0.000000000000000000, 1.000000000000000000 ),
 .UNSPECIFIED. ) 
 CURVE ( )  GEOMETRIC_REPRESENTATION_ITEM ( )  RATIONAL_B_SPLINE_CURVE ( ( 1.000000000000000000, 0.8047378541243646044, 0.8047378541243646044, 1.000000000000000000 ) ) 
 REPRESENTATION_ITEM ( '' )  );
#3429 = SURFACE_STYLE_FILL_AREA ( #7640 ) ;
#3430 = VERTEX_POINT ( 'NONE', #744 ) ;
#3431 = LINE ( 'NONE', #7079, #7055 ) ;
#3432 = ITEM_DEFINED_TRANSFORMATION ( 'NONE', 'NONE', #7739,  #2096 ) ;
#3433 = ORIENTED_EDGE ( 'NONE', *, *, #2022, .F. ) ;
#3434 = VECTOR ( 'NONE', #1610, 1000.000000000000000 ) ;
#3435 = ORIENTED_EDGE ( 'NONE', *, *, #7282, .T. ) ;
#3436 = VECTOR ( 'NONE', #5822, 1000.000000000000000 ) ;
#3437 = CARTESIAN_POINT ( 'NONE',  ( 0.000000000000000000, 6.799999999999999822, 0.000000000000000000 ) ) ;
#3438 = PRODUCT_DEFINITION ( 'UNKNOWN', '', #4335, #1886 ) ;
#3439 = APPLICATION_CONTEXT ( 'automotive_design' ) ;
#3440 = EDGE_LOOP ( 'NONE', ( #1408, #8638, #1108, #2641 ) ) ;
#3441 = STYLED_ITEM ( 'NONE', ( #1848 ), #5428 ) ;
#3442 = ADVANCED_FACE ( 'NONE', ( #8523 ), #7317, .T. ) ;
#3443 = ADVANCED_FACE ( 'NONE', ( #5764 ), #8790, .F. ) ;
#3444 = FACE_OUTER_BOUND ( 'NONE', #4050, .T. ) ;
#3445 = PLANE ( 'NONE',  #4223 ) ;
#3446 = CARTESIAN_POINT ( 'NONE',  ( 0.000000000000000000, 0.000000000000000000, 0.000000000000000000 ) ) ;
#3447 =( GEOMETRIC_REPRESENTATION_CONTEXT ( 3 ) GLOBAL_UNCERTAINTY_ASSIGNED_CONTEXT ( ( #8115 ) ) GLOBAL_UNIT_ASSIGNED_CONTEXT ( ( #6467, #3597, #888 ) ) REPRESENTATION_CONTEXT ( 'NONE', 'WORKASPACE' ) );
#3448 = PRODUCT_DEFINITION ( 'UNKNOWN', '', #4196, #4040 ) ;
#3449 = ORIENTED_EDGE ( 'NONE', *, *, #8417, .T. ) ;
#3450 = EDGE_CURVE ( 'NONE', #2388, #1127, #3801, .T. ) ;
#3451 =( GEOMETRIC_REPRESENTATION_CONTEXT ( 3 ) GLOBAL_UNCERTAINTY_ASSIGNED_CONTEXT ( ( #2896 ) ) GLOBAL_UNIT_ASSIGNED_CONTEXT ( ( #7145, #5027, #3633 ) ) REPRESENTATION_CONTEXT ( 'NONE', 'WORKASPACE' ) );
#3452 = PRODUCT_DEFINITION_CONTEXT ( 'detailed design', #1476, 'design' ) ;
#3453 = CARTESIAN_POINT ( 'NONE',  ( 7.500000000000000000, 0.000000000000000000, 2.650000000000000799 ) ) ;
#3454 = FACE_OUTER_BOUND ( 'NONE', #8464, .T. ) ;
#3455 = CARTESIAN_POINT ( 'NONE',  ( -4.500000000000000888, 1.000000000000000000, -4.500000000000001776 ) ) ;
#3456 =( LENGTH_UNIT ( ) NAMED_UNIT ( * ) SI_UNIT ( .MILLI., .METRE. ) );
#3457 = ORIENTED_EDGE ( 'NONE', *, *, #1570, .F. ) ;
#3458 = PRODUCT_RELATED_PRODUCT_CATEGORY ( 'part', '', ( #2979 ) ) ;
#3459 = PLANE ( 'NONE',  #6486 ) ;
#3460 = ORIENTED_EDGE ( 'NONE', *, *, #6964, .F. ) ;
#3461 = VERTEX_POINT ( 'NONE', #7793 ) ;
#3462 = ORIENTED_EDGE ( 'NONE', *, *, #4011, .T. ) ;
#3463 = DIRECTION ( 'NONE',  ( -1.000000000000000000, -0.000000000000000000, -5.782411586589363555E-16 ) ) ;
#3464 = FILL_AREA_STYLE ('',( #4902 ) ) ;
#3465 = LINE ( 'NONE', #5421, #4887 ) ;
#3466 = ORIENTED_EDGE ( 'NONE', *, *, #2977, .F. ) ;
#3467 = DIRECTION ( 'NONE',  ( 0.000000000000000000, 1.000000000000000000, 0.000000000000000000 ) ) ;
#3468 = ORIENTED_EDGE ( 'NONE', *, *, #5326, .F. ) ;
#3469 = ADVANCED_FACE ( 'NONE', ( #8048 ), #5241, .F. ) ;
#3470 = ORIENTED_EDGE ( 'NONE', *, *, #4238, .T. ) ;
#3471 = PLANE ( 'NONE',  #6102 ) ;
#3472 = DIRECTION ( 'NONE',  ( 5.782411586589354681E-16, 0.000000000000000000, -1.000000000000000000 ) ) ;
#3473 = LINE ( 'NONE', #31, #2501 ) ;
#3474 = CARTESIAN_POINT ( 'NONE',  ( 4.549999999999999822, 1.000000000000000000, -7.499999999999998224 ) ) ;
#3475 = ORIENTED_EDGE ( 'NONE', *, *, #964, .F. ) ;
#3476 = CARTESIAN_POINT ( 'NONE',  ( 0.000000000000000000, 0.000000000000000000, 7.500000000000000000 ) ) ;
#3477 = ITEM_DEFINED_TRANSFORMATION ( 'NONE', 'NONE', #8759,  #2096 ) ;
#3478 = VECTOR ( 'NONE', #866, 1000.000000000000000 ) ;
#3479 = EDGE_CURVE ( 'NONE', #6923, #6204, #7367, .T. ) ;
#3480 = ORIENTED_EDGE ( 'NONE', *, *, #245, .F. ) ;
#3481 = ORIENTED_EDGE ( 'NONE', *, *, #6895, .T. ) ;
#3482 =( BOUNDED_CURVE ( )  B_SPLINE_CURVE ( 3, ( #127, #5133, #6664, #299 ),
 .UNSPECIFIED., .F., .F. ) 
 B_SPLINE_CURVE_WITH_KNOTS ( ( 4, 4 ),
 ( 0.000000000000000000, 1.000000000000000000 ),
 .UNSPECIFIED. ) 
 CURVE ( )  GEOMETRIC_REPRESENTATION_ITEM ( )  RATIONAL_B_SPLINE_CURVE ( ( 1.000000000000000000, 0.8047378541243649375, 0.8047378541243649375, 1.000000000000000000 ) ) 
 REPRESENTATION_ITEM ( '' )  );
#3483 = DIRECTION ( 'NONE',  ( 0.000000000000000000, 1.000000000000000000, 0.000000000000000000 ) ) ;
#3484 = VECTOR ( 'NONE', #3546, 1000.000000000000000 ) ;
#3485 = FACE_OUTER_BOUND ( 'NONE', #4390, .T. ) ;
#3486 = ORIENTED_EDGE ( 'NONE', *, *, #3211, .T. ) ;
#3487 = CARTESIAN_POINT ( 'NONE',  ( -3.050000000000001155, 0.000000000000000000, 5.699999999999999289 ) ) ;
#3488 = PRODUCT_DEFINITION_SHAPE ( 'NONE', 'NONE',  #9155 ) ;
#3489 = CARTESIAN_POINT ( 'NONE',  ( -2.649999999999999467, 0.000000000000000000, 0.000000000000000000 ) ) ;
#3490 = DIRECTION ( 'NONE',  ( 1.000000000000000000, 0.000000000000000000, 0.000000000000000000 ) ) ;
#3491 = ORIENTED_EDGE ( 'NONE', *, *, #26, .T. ) ;
#3492 = EDGE_CURVE ( 'NONE', #4826, #3827, #6459, .T. ) ;
#3493 = CARTESIAN_POINT ( 'NONE',  ( 7.500000000000000000, 0.000000000000000000, 1.150000000000000133 ) ) ;
#3494 = DIRECTION ( 'NONE',  ( 0.000000000000000000, 0.000000000000000000, -1.000000000000000000 ) ) ;
#3495 = PLANE ( 'NONE',  #1682 ) ;
#3496 = VECTOR ( 'NONE', #6559, 1000.000000000000000 ) ;
#3497 = EDGE_LOOP ( 'NONE', ( #8590, #4377, #2523, #4808 ) ) ;
#3498 = CARTESIAN_POINT ( 'NONE',  ( 5.700000000000000178, 3.343074902771997259, 0.000000000000000000 ) ) ;
#3499 = EDGE_CURVE ( 'NONE', #3384, #7656, #1440, .T. ) ;
#3500 = ORIENTED_EDGE ( 'NONE', *, *, #1841, .T. ) ;
#3501 = EDGE_LOOP ( 'NONE', ( #5439, #2008, #7394, #4079 ) ) ;
#3502 = VECTOR ( 'NONE', #6929, 1000.000000000000000 ) ;
#3503 = CARTESIAN_POINT ( 'NONE',  ( 3.049999999999999822, 1.000000000000000000, 5.700000000000000178 ) ) ;
#3504 =( NAMED_UNIT ( * ) SI_UNIT ( $, .STERADIAN. ) SOLID_ANGLE_UNIT ( ) );
#3505 = EDGE_CURVE ( 'NONE', #6268, #2, #2465, .T. ) ;
#3506 = DIRECTION ( 'NONE',  ( -5.782411586589355667E-16, 0.000000000000000000, 1.000000000000000000 ) ) ;
#3507 = DIRECTION ( 'NONE',  ( -0.000000000000000000, 0.000000000000000000, 1.000000000000000000 ) ) ;
#3508 = ORIENTED_EDGE ( 'NONE', *, *, #5873, .F. ) ;
#3509 = FACE_OUTER_BOUND ( 'NONE', #4149, .T. ) ;
#3510 = ORIENTED_EDGE ( 'NONE', *, *, #8193, .T. ) ;
#3511 = ORIENTED_EDGE ( 'NONE', *, *, #928, .T. ) ;
#3512 = DIRECTION ( 'NONE',  ( 0.000000000000000000, -0.000000000000000000, 1.000000000000000000 ) ) ;
#3513 = CARTESIAN_POINT ( 'NONE',  ( -7.500000000000000000, 0.000000000000000000, 0.7499999999999988898 ) ) ;
#3514 = PLANE ( 'NONE',  #6061 ) ;
#3515 = ADVANCED_FACE ( 'NONE', ( #6674 ), #2109, .T. ) ;
#3516 = VECTOR ( 'NONE', #6809, 1000.000000000000000 ) ;
#3517 = FILL_AREA_STYLE_COLOUR ( '', #7275 ) ;
#3518 = AXIS2_PLACEMENT_3D ( 'NONE', #410, #5488, #6124 ) ;
#3519 = EDGE_LOOP ( 'NONE', ( #608, #2247, #71, #8451 ) ) ;
#3520 = EDGE_CURVE ( 'NONE', #7562, #3667, #6370, .T. ) ;
#3521 = LINE ( 'NONE', #6354, #3809 ) ;
#3522 = EDGE_CURVE ( 'NONE', #3896, #7636, #7642, .T. ) ;
#3523 = AXIS2_PLACEMENT_3D ( 'NONE', #668, #3506, #4288 ) ;
#3524 = VECTOR ( 'NONE', #5209, 1000.000000000000000 ) ;
#3525 = UNCERTAINTY_MEASURE_WITH_UNIT (LENGTH_MEASURE( 1.000000000000000082E-05 ), #3977, 'distance_accuracy_value', 'NONE');
#3526 = ORIENTED_EDGE ( 'NONE', *, *, #5195, .T. ) ;
#3527 = VECTOR ( 'NONE', #6131, 1000.000000000000000 ) ;
#3528 = ADVANCED_FACE ( 'NONE', ( #5719 ), #6457, .F. ) ;
#3529 = ORIENTED_EDGE ( 'NONE', *, *, #8707, .T. ) ;
#3530 = VECTOR ( 'NONE', #3716, 1000.000000000000000 ) ;
#3531 = DIRECTION ( 'NONE',  ( 1.000000000000000000, 0.000000000000000000, -0.000000000000000000 ) ) ;
#3532 = VECTOR ( 'NONE', #5228, 1000.000000000000000 ) ;
#3533 = CARTESIAN_POINT ( 'NONE',  ( 2.650000000000000355, 0.000000000000000000, 7.500000000000000000 ) ) ;
#3534 = VECTOR ( 'NONE', #4852, 1000.000000000000000 ) ;
#3535 = ORIENTED_EDGE ( 'NONE', *, *, #1778, .T. ) ;
#3536 =( NAMED_UNIT ( * ) PLANE_ANGLE_UNIT ( ) SI_UNIT ( $, .RADIAN. ) );
#3537 = LINE ( 'NONE', #1522, #2038 ) ;
#3538 = APPLICATION_PROTOCOL_DEFINITION ( 'draft international standard', 'automotive_design', 1998, #7975 ) ;
#3539 = ADVANCED_FACE ( 'NONE', ( #4786 ), #5529, .F. ) ;
#3540 = EDGE_LOOP ( 'NONE', ( #4948, #8340, #4083, #3186 ) ) ;
#3541 = VECTOR ( 'NONE', #6045, 1000.000000000000000 ) ;
#3542 = PRESENTATION_LAYER_ASSIGNMENT (  '', '', ( #1008 ) ) ;
#3543 = CARTESIAN_POINT ( 'NONE',  ( 3.749999999999999112, 6.799999999999999822, -4.750000000000000000 ) ) ;
#3544 = VECTOR ( 'NONE', #7324, 1000.000000000000000 ) ;
#3545 = CARTESIAN_POINT ( 'NONE',  ( -6.000000000000000000, 6.299999999999999822, 7.499999999999999112 ) ) ;
#3546 = DIRECTION ( 'NONE',  ( -0.000000000000000000, -1.000000000000000000, -0.000000000000000000 ) ) ;
#3547 = VERTEX_POINT ( 'NONE', #360 ) ;
#3548 = VECTOR ( 'NONE', #1401, 1000.000000000000000 ) ;
#3549 = CARTESIAN_POINT ( 'NONE',  ( -3.049999999999998934, 1.000000000000000000, -7.500000000000000000 ) ) ;
#3550 = DIRECTION ( 'NONE',  ( 1.000000000000000000, 0.000000000000000000, -0.000000000000000000 ) ) ;
#3551 = FILL_AREA_STYLE_COLOUR ( '', #8257 ) ;
#3552 = FILL_AREA_STYLE_COLOUR ( '', #7541 ) ;
#3553 = EDGE_CURVE ( 'NONE', #2616, #469, #455, .T. ) ;
#3554 = EDGE_CURVE ( 'NONE', #6752, #5722, #4737, .T. ) ;
#3555 = FACE_OUTER_BOUND ( 'NONE', #4816, .T. ) ;
#3556 = EDGE_CURVE ( 'NONE', #1668, #6122, #4091, .T. ) ;
#3557 = DIRECTION ( 'NONE',  ( 1.000000000000000000, 0.000000000000000000, 5.782411586589363555E-16 ) ) ;
#3558 = VERTEX_POINT ( 'NONE', #8237 ) ;
#3559 = DIRECTION ( 'NONE',  ( 1.000000000000000000, -0.000000000000000000, 0.000000000000000000 ) ) ;
#3560 = EDGE_CURVE ( 'NONE', #8781, #8681, #7499, .T. ) ;
#3561 = ORIENTED_EDGE ( 'NONE', *, *, #5542, .F. ) ;
#3562 = APPLICATION_CONTEXT ( 'automotive_design' ) ;
#3563 = ORIENTED_EDGE ( 'NONE', *, *, #8028, .F. ) ;
#3564 = DIRECTION ( 'NONE',  ( -0.000000000000000000, -1.000000000000000000, -0.000000000000000000 ) ) ;
#3565 = FACE_OUTER_BOUND ( 'NONE', #3847, .T. ) ;
#3566 = DIRECTION ( 'NONE',  ( -1.000000000000000000, 0.000000000000000000, -1.204669080539449837E-16 ) ) ;
#3567 = VECTOR ( 'NONE', #1041, 1000.000000000000000 ) ;
#3568 = PRODUCT_DEFINITION_SHAPE ( 'NONE', 'NONE',  #9171 ) ;
#3569 = FACE_OUTER_BOUND ( 'NONE', #118, .T. ) ;
#3570 = ORIENTED_EDGE ( 'NONE', *, *, #6805, .F. ) ;
#3571 = DIRECTION ( 'NONE',  ( 1.000000000000000000, 0.000000000000000000, 0.000000000000000000 ) ) ;
#3572 = CARTESIAN_POINT ( 'NONE',  ( 5.700000000000000178, 3.343074902771997259, -1.149999999999999467 ) ) ;
#3573 = ORIENTED_EDGE ( 'NONE', *, *, #978, .F. ) ;
#3574 = ORIENTED_EDGE ( 'NONE', *, *, #9100, .F. ) ;
#3575 = LINE ( 'NONE', #2352, #1251 ) ;
#3576 = FACE_BOUND ( 'NONE', #4178, .T. ) ;
#3577 = ORIENTED_EDGE ( 'NONE', *, *, #3391, .T. ) ;
#3578 = SURFACE_STYLE_USAGE ( .BOTH. , #688 ) ;
#3579 = FILL_AREA_STYLE_COLOUR ( '', #5415 ) ;
#3580 = CARTESIAN_POINT ( 'NONE',  ( 0.000000000000000000, 0.000000000000000000, 0.000000000000000000 ) ) ;
#3581 = ORIENTED_EDGE ( 'NONE', *, *, #2977, .T. ) ;
#3582 = AXIS2_PLACEMENT_3D ( 'NONE', #6798, #6656, #436 ) ;
#3583 = DIRECTION ( 'NONE',  ( 0.000000000000000000, -0.000000000000000000, 1.000000000000000000 ) ) ;
#3584 = PRESENTATION_LAYER_ASSIGNMENT (  '', '', ( #2691 ) ) ;
#3585 = AXIS2_PLACEMENT_3D ( 'NONE', #1428, #2831, #7829 ) ;
#3586 = FACE_OUTER_BOUND ( 'NONE', #764, .T. ) ;
#3587 = CARTESIAN_POINT ( 'NONE',  ( -5.999999999999999112, 6.800000000000000711, 6.999999999999998224 ) ) ;
#3588 = CARTESIAN_POINT ( 'NONE',  ( -0.7499999999999995559, 1.000000000000000000, -5.700000000000000178 ) ) ;
#3589 = ORIENTED_EDGE ( 'NONE', *, *, #3944, .F. ) ;
#3590 = DIRECTION ( 'NONE',  ( 0.000000000000000000, 1.000000000000000000, 0.000000000000000000 ) ) ;
#3591 = EDGE_CURVE ( 'NONE', #8123, #5141, #5486, .T. ) ;
#3592 =( REPRESENTATION_RELATIONSHIP ('NONE','NONE', #464, #4673 ) REPRESENTATION_RELATIONSHIP_WITH_TRANSFORMATION ( #3432 )SHAPE_REPRESENTATION_RELATIONSHIP( ) );
#3593 = ORIENTED_EDGE ( 'NONE', *, *, #5287, .T. ) ;
#3594 = CARTESIAN_POINT ( 'NONE',  ( -1.899999999999999467, 1.000000000000000000, -3.100000000000000977 ) ) ;
#3595 = LINE ( 'NONE', #7885, #4556 ) ;
#3596 = DIRECTION ( 'NONE',  ( -0.000000000000000000, -1.000000000000000000, -0.000000000000000000 ) ) ;
#3597 =( NAMED_UNIT ( * ) PLANE_ANGLE_UNIT ( ) SI_UNIT ( $, .RADIAN. ) );
#3598 = ORIENTED_EDGE ( 'NONE', *, *, #1978, .F. ) ;
#3599 = DIRECTION ( 'NONE',  ( 0.000000000000000000, 1.000000000000000000, -0.000000000000000000 ) ) ;
#3600 = ORIENTED_EDGE ( 'NONE', *, *, #6084, .F. ) ;
#3601 = ADVANCED_FACE ( 'NONE', ( #2644 ), #7454, .T. ) ;
#3602 = VERTEX_POINT ( 'NONE', #8288 ) ;
#3603 = LINE ( 'NONE', #5045, #4774 ) ;
#3604 = ADVANCED_FACE ( 'NONE', ( #3939 ), #503, .F. ) ;
#3605 = AXIS2_PLACEMENT_3D ( 'NONE', #7703, #8954, #3350 ) ;
#3606 = FACE_OUTER_BOUND ( 'NONE', #8420, .T. ) ;
#3607 = DIRECTION ( 'NONE',  ( 0.000000000000000000, -0.000000000000000000, -1.000000000000000000 ) ) ;
#3608 = LINE ( 'NONE', #6525, #6100 ) ;
#3609 = ORIENTED_EDGE ( 'NONE', *, *, #7628, .F. ) ;
#3610 = CARTESIAN_POINT ( 'NONE',  ( 7.500000000000000000, 0.000000000000000000, 2.650000000000000799 ) ) ;
#3611 = CARTESIAN_POINT ( 'NONE',  ( 3.100000000000000977, 1.000000000000000000, -3.100000000000000977 ) ) ;
#3612 = CONTEXT_DEPENDENT_SHAPE_REPRESENTATION ( #5190, #7031 ) ;
#3613 = VERTEX_POINT ( 'NONE', #8894 ) ;
#3614 = ORIENTED_EDGE ( 'NONE', *, *, #6128, .T. ) ;
#3615 = CARTESIAN_POINT ( 'NONE',  ( 6.879160690252036581, 6.799999999999999822, -6.496170609758386227 ) ) ;
#3616 = CARTESIAN_POINT ( 'NONE',  ( -2.649999999999999467, 1.000000000000000000, -5.700000000000000178 ) ) ;
#3617 = CARTESIAN_POINT ( 'NONE',  ( 3.100000000000000977, 1.000000000000000000, 1.899999999999999689 ) ) ;
#3618 = ORIENTED_EDGE ( 'NONE', *, *, #5521, .F. ) ;
#3619 = EDGE_CURVE ( 'NONE', #212, #4165, #5389, .T. ) ;
#3620 = CARTESIAN_POINT ( 'NONE',  ( 7.499999999999999112, 0.000000000000000000, 4.549999999999999822 ) ) ;
#3621 = CARTESIAN_POINT ( 'NONE',  ( -6.384746126859087364E-16, 1.000000000000000000, 2.650000000000000799 ) ) ;
#3622 = DIRECTION ( 'NONE',  ( 0.000000000000000000, 0.000000000000000000, 1.000000000000000000 ) ) ;
#3623 = ORIENTED_EDGE ( 'NONE', *, *, #8579, .F. ) ;
#3624 = AXIS2_PLACEMENT_3D ( 'NONE', #7420, #8801, #8854 ) ;
#3625 = VECTOR ( 'NONE', #4780, 1000.000000000000000 ) ;
#3626 = DIRECTION ( 'NONE',  ( 0.000000000000000000, -0.000000000000000000, -1.000000000000000000 ) ) ;
#3627 = EDGE_CURVE ( 'NONE', #6433, #3430, #3339, .T. ) ;
#3628 = CARTESIAN_POINT ( 'NONE',  ( -7.299999999999999822, 1.800000000000000266, -7.299999999999999822 ) ) ;
#3629 = CARTESIAN_POINT ( 'NONE',  ( -7.292893218813451206, 6.800000000000000711, 6.757359312880716118 ) ) ;
#3630 = CARTESIAN_POINT ( 'NONE',  ( 0.000000000000000000, 3.343074902771997259, 5.700000000000000178 ) ) ;
#3631 = EDGE_CURVE ( 'NONE', #5722, #6190, #552, .T. ) ;
#3632 = VECTOR ( 'NONE', #5909, 1000.000000000000000 ) ;
#3633 =( NAMED_UNIT ( * ) SI_UNIT ( $, .STERADIAN. ) SOLID_ANGLE_UNIT ( ) );
#3634 = ORIENTED_EDGE ( 'NONE', *, *, #6362, .T. ) ;
#3635 = CARTESIAN_POINT ( 'NONE',  ( 4.749999999999999112, 5.799999999999999822, 4.750000000000000000 ) ) ;
#3636 = CARTESIAN_POINT ( 'NONE',  ( -7.500000000000000000, 6.299999999999999822, -6.000000000000000000 ) ) ;
#3637 = FACE_OUTER_BOUND ( 'NONE', #1628, .T. ) ;
#3638 = VECTOR ( 'NONE', #4987, 1000.000000000000000 ) ;
#3639 = CARTESIAN_POINT ( 'NONE',  ( 7.649999999999998579, 1.000000000000000000, 0.000000000000000000 ) ) ;
#3640 = EDGE_CURVE ( 'NONE', #2717, #730, #7411, .T. ) ;
#3641 = CARTESIAN_POINT ( 'NONE',  ( -4.549999999999999822, 0.000000000000000000, 5.699999999999999289 ) ) ;
#3642 = LINE ( 'NONE', #113, #6957 ) ;
#3643 = ORIENTED_EDGE ( 'NONE', *, *, #870, .F. ) ;
#3644 = DIRECTION ( 'NONE',  ( 0.000000000000000000, -0.000000000000000000, -1.000000000000000000 ) ) ;
#3645 = EDGE_CURVE ( 'NONE', #1893, #5382, #8941, .T. ) ;
#3646 = VERTEX_POINT ( 'NONE', #3892 ) ;
#3647 = VECTOR ( 'NONE', #1485, 1000.000000000000000 ) ;
#3648 = UNCERTAINTY_MEASURE_WITH_UNIT (LENGTH_MEASURE( 1.000000000000000082E-05 ), #5108, 'distance_accuracy_value', 'NONE');
#3649 = ADVANCED_FACE ( 'NONE', ( #6024 ), #1202, .F. ) ;
#3650 = VERTEX_POINT ( 'NONE', #2688 ) ;
#3651 = CARTESIAN_POINT ( 'NONE',  ( 0.000000000000000000, 1.000000000000000000, -7.500000000000000000 ) ) ;
#3652 = PLANE ( 'NONE',  #3412 ) ;
#3653 = DIRECTION ( 'NONE',  ( 0.000000000000000000, 1.000000000000000000, 0.000000000000000000 ) ) ;
#3654 = CARTESIAN_POINT ( 'NONE',  ( -3.049999999999998934, 0.000000000000000000, -7.500000000000000000 ) ) ;
#3655 = VERTEX_POINT ( 'NONE', #8144 ) ;
#3656 = LINE ( 'NONE', #78, #8702 ) ;
#3657 = CARTESIAN_POINT ( 'NONE',  ( 1.150000000000000577, 1.000000000000000000, -7.500000000000000000 ) ) ;
#3658 = EDGE_CURVE ( 'NONE', #5039, #7845, #1103, .T. ) ;
#3659 = EDGE_LOOP ( 'NONE', ( #8286, #2953, #7546, #5401 ) ) ;
#3660 = ORIENTED_EDGE ( 'NONE', *, *, #5493, .F. ) ;
#3661 = AXIS2_PLACEMENT_3D ( 'NONE', #480, #2617, #7433 ) ;
#3662 =( GEOMETRIC_REPRESENTATION_CONTEXT ( 3 ) GLOBAL_UNCERTAINTY_ASSIGNED_CONTEXT ( ( #1150 ) ) GLOBAL_UNIT_ASSIGNED_CONTEXT ( ( #4185, #3399, #8207 ) ) REPRESENTATION_CONTEXT ( 'NONE', 'WORKASPACE' ) );
#3663 = ADVANCED_FACE ( 'NONE', ( #1840 ), #1979, .T. ) ;
#3664 = PLANE ( 'NONE',  #5994 ) ;
#3665 = DIRECTION ( 'NONE',  ( -0.000000000000000000, -1.000000000000000000, -0.000000000000000000 ) ) ;
#3666 = CARTESIAN_POINT ( 'NONE',  ( 0.000000000000000000, 0.000000000000000000, 0.000000000000000000 ) ) ;
#3667 = VERTEX_POINT ( 'NONE', #2162 ) ;
#3668 = EDGE_CURVE ( 'NONE', #3650, #2002, #8668, .T. ) ;
#3669 = EDGE_CURVE ( 'NONE', #219, #5063, #4874, .T. ) ;
#3670 = MECHANICAL_DESIGN_GEOMETRIC_PRESENTATION_REPRESENTATION (  '', ( #2469 ), #8292 ) ;
#3671 = VECTOR ( 'NONE', #8393, 1000.000000000000000 ) ;
#3672 = DIRECTION ( 'NONE',  ( 0.000000000000000000, -0.000000000000000000, 1.000000000000000000 ) ) ;
#3673 = EDGE_CURVE ( 'NONE', #8290, #3150, #3521, .T. ) ;
#3674 = AXIS2_PLACEMENT_3D ( 'NONE', #4181, #8511, #1475 ) ;
#3675 = CARTESIAN_POINT ( 'NONE',  ( 4.749999999999999112, 6.799999999999999822, 4.750000000000000000 ) ) ;
#3676 = APPLICATION_PROTOCOL_DEFINITION ( 'draft international standard', 'automotive_design', 1998, #4866 ) ;
#3677 = VECTOR ( 'NONE', #5197, 1000.000000000000000 ) ;
#3678 = ORIENTED_EDGE ( 'NONE', *, *, #1847, .T. ) ;
#3679 = EDGE_CURVE ( 'NONE', #8123, #8927, #5618, .T. ) ;
#3680 = ORIENTED_EDGE ( 'NONE', *, *, #6601, .F. ) ;
#3681 = ADVANCED_FACE ( 'NONE', ( #1470 ), #6996, .T. ) ;
#3682 = VECTOR ( 'NONE', #2663, 1000.000000000000000 ) ;
#3683 = VECTOR ( 'NONE', #3410, 1000.000000000000000 ) ;
#3684 = PLANE ( 'NONE',  #3968 ) ;
#3685 = DIRECTION ( 'NONE',  ( -0.000000000000000000, 1.000000000000000000, 0.000000000000000000 ) ) ;
#3686 = PLANE ( 'NONE',  #8346 ) ;
#3687 = ORIENTED_EDGE ( 'NONE', *, *, #7732, .T. ) ;
#3688 = DIRECTION ( 'NONE',  ( -1.000000000000000000, 0.000000000000000000, 0.000000000000000000 ) ) ;
#3689 = AXIS2_PLACEMENT_3D ( 'NONE', #23, #7676, #2151 ) ;
#3690 = PLANE ( 'NONE',  #8660 ) ;
#3691 = VECTOR ( 'NONE', #7123, 1000.000000000000000 ) ;
#3692 = CARTESIAN_POINT ( 'NONE',  ( 4.549999999999999822, 3.343074902771997259, 7.500000000000000000 ) ) ;
#3693 = LINE ( 'NONE', #5814, #4126 ) ;
#3694 = CARTESIAN_POINT ( 'NONE',  ( 0.000000000000000000, 0.000000000000000000, 0.000000000000000000 ) ) ;
#3695 = CARTESIAN_POINT ( 'NONE',  ( 5.700000000000000178, 0.000000000000000000, -3.049999999999999378 ) ) ;
#3696 = ORIENTED_EDGE ( 'NONE', *, *, #6277, .T. ) ;
#3697 = FACE_OUTER_BOUND ( 'NONE', #8137, .T. ) ;
#3698 = AXIS2_PLACEMENT_3D ( 'NONE', #6613, #3133, #7402 ) ;
#3699 = VERTEX_POINT ( 'NONE', #5744 ) ;
#3700 = EDGE_LOOP ( 'NONE', ( #7357, #4028, #5257, #8973 ) ) ;
#3701 = CARTESIAN_POINT ( 'NONE',  ( 4.549999999999999822, 3.343074902771997259, -7.499999999999998224 ) ) ;
#3702 = CARTESIAN_POINT ( 'NONE',  ( -4.549999999999998934, 0.000000000000000000, 7.499999999999999112 ) ) ;
#3703 = CARTESIAN_POINT ( 'NONE',  ( -7.500000000000000000, 1.000000000000000000, 1.149999999999998579 ) ) ;
#3704 = DIRECTION ( 'NONE',  ( 0.000000000000000000, 0.000000000000000000, -1.000000000000000000 ) ) ;
#3705 = ORIENTED_EDGE ( 'NONE', *, *, #8810, .F. ) ;
#3706 = LINE ( 'NONE', #811, #7536 ) ;
#3707 = CARTESIAN_POINT ( 'NONE',  ( 0.000000000000000000, 1.000000000000000000, 0.000000000000000000 ) ) ;
#3708 = ITEM_DEFINED_TRANSFORMATION ( 'NONE', 'NONE', #4643,  #2096 ) ;
#3709 = ORIENTED_EDGE ( 'NONE', *, *, #4487, .T. ) ;
#3710 = VECTOR ( 'NONE', #7483, 1000.000000000000000 ) ;
#3711 = EDGE_LOOP ( 'NONE', ( #7036, #8625, #2907, #5109 ) ) ;
#3712 = DIRECTION ( 'NONE',  ( 0.000000000000000000, 0.000000000000000000, 1.000000000000000000 ) ) ;
#3713 = DIRECTION ( 'NONE',  ( -0.7071067811865475727, 0.000000000000000000, 0.7071067811865475727 ) ) ;
#3714 = FACE_OUTER_BOUND ( 'NONE', #8114, .T. ) ;
#3715 = EDGE_LOOP ( 'NONE', ( #1097, #7543, #2017, #4371 ) ) ;
#3716 = DIRECTION ( 'NONE',  ( -1.000000000000000000, -0.000000000000000000, 0.000000000000000000 ) ) ;
#3717 = PRODUCT_CONTEXT ( 'NONE', #4374, 'mechanical' ) ;
#3718 = VERTEX_POINT ( 'NONE', #9116 ) ;
#3719 = VERTEX_POINT ( 'NONE', #7691 ) ;
#3720 = PRODUCT_RELATED_PRODUCT_CATEGORY ( 'part', '', ( #2546 ) ) ;
#3721 = FACE_OUTER_BOUND ( 'NONE', #6426, .T. ) ;
#3722 = EDGE_CURVE ( 'NONE', #6824, #6688, #1339, .T. ) ;
#3723 = ADVANCED_FACE ( 'NONE', ( #4915 ), #2904, .F. ) ;
#3724 = FACE_BOUND ( 'NONE', #5966, .T. ) ;
#3725 = CARTESIAN_POINT ( 'NONE',  ( -5.699999999999998401, 1.000000000000000000, -3.050000000000002487 ) ) ;
#3726 = ORIENTED_EDGE ( 'NONE', *, *, #2594, .T. ) ;
#3727 = DIRECTION ( 'NONE',  ( -1.000000000000000000, -0.000000000000000000, 0.000000000000000000 ) ) ;
#3728 = PRESENTATION_LAYER_ASSIGNMENT (  '', '', ( #4613 ) ) ;
#3729 = DIRECTION ( 'NONE',  ( -1.000000000000000000, 0.000000000000000000, 4.818676322157799347E-16 ) ) ;
#3730 = VECTOR ( 'NONE', #2718, 1000.000000000000000 ) ;
#3731 = APPLICATION_CONTEXT ( 'automotive_design' ) ;
#3732 = CARTESIAN_POINT ( 'NONE',  ( 7.499999999999997335, 6.299999999999999822, 6.878679656440357171 ) ) ;
#3733 = PRODUCT_DEFINITION ( 'UNKNOWN', '', #1965, #5504 ) ;
#3734 = VECTOR ( 'NONE', #1299, 1000.000000000000000 ) ;
#3735 =( NAMED_UNIT ( * ) SI_UNIT ( $, .STERADIAN. ) SOLID_ANGLE_UNIT ( ) );
#3736 = DIRECTION ( 'NONE',  ( -1.204669080539449837E-16, 0.000000000000000000, 1.000000000000000000 ) ) ;
#3737 = VERTEX_POINT ( 'NONE', #4218 ) ;
#3738 = CARTESIAN_POINT ( 'NONE',  ( -4.549999999999998934, 1.000000000000000000, -7.500000000000000888 ) ) ;
#3739 = COLOUR_RGB ( '',1.000000000000000000, 0.8117647058823529438, 0.5019607843137254832 ) ;
#3740 = ORIENTED_EDGE ( 'NONE', *, *, #1623, .T. ) ;
#3741 = EDGE_LOOP ( 'NONE', ( #5345, #8967, #4302, #7580 ) ) ;
#3742 = LINE ( 'NONE', #3034, #7124 ) ;
#3743 = CARTESIAN_POINT ( 'NONE',  ( -4.500000000000001776, 1.000000000000000000, -5.500000000000000000 ) ) ;
#3744 = LINE ( 'NONE', #7119, #442 ) ;
#3745 = LINE ( 'NONE', #6570, #1598 ) ;
#3746 = SURFACE_STYLE_FILL_AREA ( #2342 ) ;
#3747 = ORIENTED_EDGE ( 'NONE', *, *, #223, .T. ) ;
#3748 = DIRECTION ( 'NONE',  ( -0.000000000000000000, -1.000000000000000000, 0.000000000000000000 ) ) ;
#3749 = CARTESIAN_POINT ( 'NONE',  ( -4.550000000000002487, 0.000000000000000000, 2.192497726581800660E-15 ) ) ;
#3750 = EDGE_CURVE ( 'NONE', #2599, #4197, #4828, .T. ) ;
#3751 = VERTEX_POINT ( 'NONE', #1716 ) ;
#3752 = AXIS2_PLACEMENT_3D ( 'NONE', #4973, #4360, #2310 ) ;
#3753 = ORIENTED_EDGE ( 'NONE', *, *, #516, .F. ) ;
#3754 = CARTESIAN_POINT ( 'NONE',  ( -3.750000000000001332, 5.799999999999999822, 4.750000000000000000 ) ) ;
#3755 = LINE ( 'NONE', #6579, #129 ) ;
#3756 = CARTESIAN_POINT ( 'NONE',  ( 6.585786437626905077, 6.800000000000000711, 6.999999999999998224 ) ) ;
#3757 = ORIENTED_EDGE ( 'NONE', *, *, #3099, .T. ) ;
#3758 = EDGE_CURVE ( 'NONE', #3233, #1320, #2822, .T. ) ;
#3759 = CARTESIAN_POINT ( 'NONE',  ( -7.499999999999999112, 1.000000000000000000, -2.650000000000001688 ) ) ;
#3760 = APPLICATION_PROTOCOL_DEFINITION ( 'draft international standard', 'automotive_design', 1998, #1183 ) ;
#3761 = VERTEX_POINT ( 'NONE', #7125 ) ;
#3762 = EDGE_LOOP ( 'NONE', ( #1499, #5479, #1269, #7083 ) ) ;
#3763 = CARTESIAN_POINT ( 'NONE',  ( 2.650000000000001243, 1.000000000000000000, -5.700000000000000178 ) ) ;
#3764 = PLANE ( 'NONE',  #8856 ) ;
#3765 = EDGE_LOOP ( 'NONE', ( #6129, #1328, #3167, #985 ) ) ;
#3766 = PLANE ( 'NONE',  #4857 ) ;
#3767 = VECTOR ( 'NONE', #967, 1000.000000000000000 ) ;
#3768 = EDGE_CURVE ( 'NONE', #5088, #541, #8460, .T. ) ;
#3769 = VECTOR ( 'NONE', #8640, 1000.000000000000000 ) ;
#3770 = EDGE_CURVE ( 'NONE', #7370, #2197, #4955, .T. ) ;
#3771 = LINE ( 'NONE', #235, #4273 ) ;
#3772 = SHAPE_REPRESENTATION ( 'SAM-M8Q-0-10_20', ( #2096 ), #4477 ) ;
#3773 = ORIENTED_EDGE ( 'NONE', *, *, #4352, .F. ) ;
#3774 = VECTOR ( 'NONE', #2468, 1000.000000000000000 ) ;
#3775 = CARTESIAN_POINT ( 'NONE',  ( 5.699999999999999289, 0.000000000000000000, 0.000000000000000000 ) ) ;
#3776 = EDGE_CURVE ( 'NONE', #2222, #3106, #1290, .T. ) ;
#3777 = CARTESIAN_POINT ( 'NONE',  ( -1.899999999999999689, 0.5000000000000000000, -3.100000000000000977 ) ) ;
#3778 = ORIENTED_EDGE ( 'NONE', *, *, #1560, .F. ) ;
#3779 = DIRECTION ( 'NONE',  ( 0.000000000000000000, 1.000000000000000000, 0.000000000000000000 ) ) ;
#3780 = ORIENTED_EDGE ( 'NONE', *, *, #4080, .T. ) ;
#3781 = EDGE_CURVE ( 'NONE', #3650, #3896, #1417, .T. ) ;
#3782 = EDGE_LOOP ( 'NONE', ( #804, #2366, #6616, #443 ) ) ;
#3783 = CARTESIAN_POINT ( 'NONE',  ( -1.149999999999999245, 1.000000000000000000, 0.000000000000000000 ) ) ;
#3784 = EDGE_CURVE ( 'NONE', #1807, #2843, #3431, .T. ) ;
#3785 = DIRECTION ( 'NONE',  ( 0.000000000000000000, -0.000000000000000000, -1.000000000000000000 ) ) ;
#3786 = FACE_OUTER_BOUND ( 'NONE', #7401, .T. ) ;
#3787 = CARTESIAN_POINT ( 'NONE',  ( 4.549999999999999822, 1.000000000000000000, 0.000000000000000000 ) ) ;
#3788 = CARTESIAN_POINT ( 'NONE',  ( 7.499999999999999112, 0.000000000000000000, 0.000000000000000000 ) ) ;
#3789 = EDGE_LOOP ( 'NONE', ( #4542, #857, #889, #2564 ) ) ;
#3790 = CARTESIAN_POINT ( 'NONE',  ( 7.500000000000000000, 0.000000000000000000, -2.649999999999999911 ) ) ;
#3791 = CARTESIAN_POINT ( 'NONE',  ( 0.000000000000000000, 1.000000000000000000, 7.500000000000000000 ) ) ;
#3792 = ORIENTED_EDGE ( 'NONE', *, *, #1616, .T. ) ;
#3793 = EDGE_LOOP ( 'NONE', ( #8984, #7227, #602, #2118 ) ) ;
#3794 = CARTESIAN_POINT ( 'NONE',  ( -6.000000000000000000, 2.399999999999999467, 7.500000000000000000 ) ) ;
#3795 = DIRECTION ( 'NONE',  ( 0.000000000000000000, -1.000000000000000000, 0.000000000000000000 ) ) ;
#3796 = ADVANCED_FACE ( 'NONE', ( #9074 ), #8370, .T. ) ;
#3797 = DIRECTION ( 'NONE',  ( 1.000000000000000000, 0.000000000000000000, 0.000000000000000000 ) ) ;
#3798 = VERTEX_POINT ( 'NONE', #3611 ) ;
#3799 = ADVANCED_FACE ( 'NONE', ( #6435 ), #210, .T. ) ;
#3800 = PRODUCT ( 'SAM-M8Q-0-10_2', 'SAM-M8Q-0-10_2', '', ( #3941 ) ) ;
#3801 = LINE ( 'NONE', #2186, #3647 ) ;
#3802 = DIRECTION ( 'NONE',  ( 0.000000000000000000, 0.000000000000000000, 1.000000000000000000 ) ) ;
#3803 = SHAPE_DEFINITION_REPRESENTATION ( #2382, #2005 ) ;
#3804 = ADVANCED_FACE ( 'NONE', ( #7945 ), #8038, .T. ) ;
#3805 = ORIENTED_EDGE ( 'NONE', *, *, #302, .T. ) ;
#3806 = ORIENTED_EDGE ( 'NONE', *, *, #5788, .F. ) ;
#3807 = FACE_OUTER_BOUND ( 'NONE', #2227, .T. ) ;
#3808 = CLOSED_SHELL ( 'NONE', ( #8583, #4920, #1816, #6518, #2020, #2267, #5648, #1012, #2835, #2529 ) ) ;
#3809 = VECTOR ( 'NONE', #2733, 1000.000000000000000 ) ;
#3810 = CARTESIAN_POINT ( 'NONE',  ( -5.700000000000000178, 0.000000000000000000, -1.150000000000000799 ) ) ;
#3811 = DIRECTION ( 'NONE',  ( 0.000000000000000000, 0.000000000000000000, 1.000000000000000000 ) ) ;
#3812 = COLOUR_RGB ( '',1.000000000000000000, 0.8117647058823529438, 0.5019607843137254832 ) ;
#3813 = LINE ( 'NONE', #1627, #5698 ) ;
#3814 = DIRECTION ( 'NONE',  ( 0.000000000000000000, 0.000000000000000000, 1.000000000000000000 ) ) ;
#3815 = ORIENTED_EDGE ( 'NONE', *, *, #6840, .T. ) ;
#3816 = VECTOR ( 'NONE', #2987, 1000.000000000000000 ) ;
#3817 = VECTOR ( 'NONE', #897, 1000.000000000000000 ) ;
#3818 = CARTESIAN_POINT ( 'NONE',  ( 0.000000000000000000, 1.000000000000000000, 0.000000000000000000 ) ) ;
#3819 = ORIENTED_EDGE ( 'NONE', *, *, #4969, .T. ) ;
#3820 = VECTOR ( 'NONE', #1467, 1000.000000000000000 ) ;
#3821 = CARTESIAN_POINT ( 'NONE',  ( 0.7500000000000011102, 1.000000000000000000, -7.500000000000000000 ) ) ;
#3822 = DIRECTION ( 'NONE',  ( -4.818676322157799347E-16, 0.000000000000000000, -1.000000000000000000 ) ) ;
#3823 = CARTESIAN_POINT ( 'NONE',  ( 2.650000000000001243, 3.343074902771997259, 0.000000000000000000 ) ) ;
#3824 = ORIENTED_EDGE ( 'NONE', *, *, #4445, .T. ) ;
#3825 = PRODUCT ( 'SAM-M8Q-0-10_24', 'SAM-M8Q-0-10_24', '', ( #1617 ) ) ;
#3826 = DIRECTION ( 'NONE',  ( 0.000000000000000000, -1.000000000000000000, -0.000000000000000000 ) ) ;
#3827 = VERTEX_POINT ( 'NONE', #6528 ) ;
#3828 = EDGE_CURVE ( 'NONE', #1670, #2258, #1647, .T. ) ;
#3829 = ADVANCED_FACE ( 'NONE', ( #5051 ), #8599, .T. ) ;
#3830 = ORIENTED_EDGE ( 'NONE', *, *, #3669, .T. ) ;
#3831 = DIRECTION ( 'NONE',  ( 0.000000000000000000, 0.000000000000000000, 1.000000000000000000 ) ) ;
#3832 = PLANE ( 'NONE',  #5006 ) ;
#3833 = CARTESIAN_POINT ( 'NONE',  ( 0.000000000000000000, 1.000000000000000000, 0.000000000000000000 ) ) ;
#3834 = VECTOR ( 'NONE', #6669, 1000.000000000000000 ) ;
#3835 = EDGE_CURVE ( 'NONE', #2299, #4818, #4530, .T. ) ;
#3836 = CARTESIAN_POINT ( 'NONE',  ( -4.750000000000000888, 5.799999999999999822, 3.750000000000000000 ) ) ;
#3837 = ORIENTED_EDGE ( 'NONE', *, *, #8279, .F. ) ;
#3838 = CARTESIAN_POINT ( 'NONE',  ( -7.300000000000000711, 1.899999999999999911, -6.200000000000001066 ) ) ;
#3839 = VECTOR ( 'NONE', #35, 1000.000000000000000 ) ;
#3840 = ORIENTED_EDGE ( 'NONE', *, *, #1348, .F. ) ;
#3841 = VECTOR ( 'NONE', #2483, 1000.000000000000000 ) ;
#3842 = ORIENTED_EDGE ( 'NONE', *, *, #5104, .T. ) ;
#3843 = CARTESIAN_POINT ( 'NONE',  ( 0.000000000000000000, 1.000000000000000000, 0.000000000000000000 ) ) ;
#3844 = CARTESIAN_POINT ( 'NONE',  ( 6.878679656440358059, 2.399999999999999467, 7.499999999999997335 ) ) ;
#3845 = DIRECTION ( 'NONE',  ( 1.000000000000000000, 0.000000000000000000, -0.000000000000000000 ) ) ;
#3846 = LINE ( 'NONE', #1654, #3129 ) ;
#3847 = EDGE_LOOP ( 'NONE', ( #8670, #7406, #6273, #8944 ) ) ;
#3848 = SHAPE_DEFINITION_REPRESENTATION ( #6052, #1811 ) ;
#3849 = VERTEX_POINT ( 'NONE', #4351 ) ;
#3850 = AXIS2_PLACEMENT_3D ( 'NONE', #8818, #8726, #5225 ) ;
#3851 = VERTEX_POINT ( 'NONE', #6574 ) ;
#3852 = APPLICATION_CONTEXT ( 'automotive_design' ) ;
#3853 = DIRECTION ( 'NONE',  ( -0.000000000000000000, -1.000000000000000000, -0.000000000000000000 ) ) ;
#3854 = DIRECTION ( 'NONE',  ( 1.000000000000000000, -0.000000000000000000, 0.000000000000000000 ) ) ;
#3855 = CARTESIAN_POINT ( 'NONE',  ( 0.7500000000000011102, 0.000000000000000000, -7.500000000000000000 ) ) ;
#3856 = CARTESIAN_POINT ( 'NONE',  ( 0.000000000000000000, 1.000000000000000000, 0.7500000000000005551 ) ) ;
#3857 = CARTESIAN_POINT ( 'NONE',  ( 3.049999999999999822, 0.000000000000000000, 5.700000000000000178 ) ) ;
#3858 = FACE_OUTER_BOUND ( 'NONE', #6874, .T. ) ;
#3859 = VERTEX_POINT ( 'NONE', #7306 ) ;
#3860 = ADVANCED_FACE ( 'NONE', ( #1552 ), #1510, .T. ) ;
#3861 = UNCERTAINTY_MEASURE_WITH_UNIT (LENGTH_MEASURE( 1.000000000000000082E-05 ), #5729, 'distance_accuracy_value', 'NONE');
#3862 = CARTESIAN_POINT ( 'NONE',  ( 4.549999999999999822, 0.000000000000000000, 7.500000000000000000 ) ) ;
#3863 = DIRECTION ( 'NONE',  ( 0.000000000000000000, -0.000000000000000000, 1.000000000000000000 ) ) ;
#3864 = LINE ( 'NONE', #1858, #7039 ) ;
#3865 = CARTESIAN_POINT ( 'NONE',  ( -7.499999999999999112, 0.000000000000000000, -2.650000000000001688 ) ) ;
#3866 = ORIENTED_EDGE ( 'NONE', *, *, #8822, .T. ) ;
#3867 = EDGE_CURVE ( 'NONE', #531, #8027, #2295, .T. ) ;
#3868 = DIRECTION ( 'NONE',  ( -1.000000000000000000, -0.000000000000000000, -0.000000000000000000 ) ) ;
#3869 = VECTOR ( 'NONE', #6073, 1000.000000000000000 ) ;
#3870 = ORIENTED_EDGE ( 'NONE', *, *, #424, .T. ) ;
#3871 = CIRCLE ( 'NONE', #6987, 0.5000000000000004441 ) ;
#3872 = ORIENTED_EDGE ( 'NONE', *, *, #7949, .T. ) ;
#3873 = CARTESIAN_POINT ( 'NONE',  ( 5.500000000000000000, 0.000000000000000000, 4.499999999999999112 ) ) ;
#3874 = PRODUCT ( 'SAM-M8Q-0-10_19', 'SAM-M8Q-0-10_19', '', ( #5713 ) ) ;
#3875 = CARTESIAN_POINT ( 'NONE',  ( 0.000000000000000000, 0.000000000000000000, 3.050000000000001599 ) ) ;
#3876 = PLANE ( 'NONE',  #3850 ) ;
#3877 = DIRECTION ( 'NONE',  ( -5.782411586589355667E-16, 0.000000000000000000, 1.000000000000000000 ) ) ;
#3878 = VECTOR ( 'NONE', #6133, 1000.000000000000000 ) ;
#3879 = DIRECTION ( 'NONE',  ( 0.000000000000000000, -0.000000000000000000, 1.000000000000000000 ) ) ;
#3880 = VERTEX_POINT ( 'NONE', #2208 ) ;
#3881 = LINE ( 'NONE', #6706, #7968 ) ;
#3882 = LINE ( 'NONE', #1137, #8007 ) ;
#3883 = DIRECTION ( 'NONE',  ( 0.000000000000000000, 0.000000000000000000, -1.000000000000000000 ) ) ;
#3884 = ORIENTED_EDGE ( 'NONE', *, *, #5555, .T. ) ;
#3885 = EDGE_CURVE ( 'NONE', #9077, #6572, #2391, .T. ) ;
#3886 = ORIENTED_EDGE ( 'NONE', *, *, #5577, .T. ) ;
#3887 = DIRECTION ( 'NONE',  ( 1.000000000000000000, 0.000000000000000000, 2.409338161078899674E-16 ) ) ;
#3888 = LINE ( 'NONE', #6071, #5839 ) ;
#3889 = LINE ( 'NONE', #1199, #713 ) ;
#3890 = DIRECTION ( 'NONE',  ( -0.000000000000000000, -1.000000000000000000, 0.000000000000000000 ) ) ;
#3891 = ORIENTED_EDGE ( 'NONE', *, *, #4445, .F. ) ;
#3892 = CARTESIAN_POINT ( 'NONE',  ( 5.700000000000000178, 0.000000000000000000, 2.650000000000000799 ) ) ;
#3893 = PLANE ( 'NONE',  #7932 ) ;
#3894 = APPLICATION_PROTOCOL_DEFINITION ( 'draft international standard', 'automotive_design', 1998, #1361 ) ;
#3895 = PRODUCT_DEFINITION_FORMATION_WITH_SPECIFIED_SOURCE ( 'ANY', '', #6710, .NOT_KNOWN. ) ;
#3896 = VERTEX_POINT ( 'NONE', #5920 ) ;
#3897 = ORIENTED_EDGE ( 'NONE', *, *, #1388, .T. ) ;
#3898 = DIRECTION ( 'NONE',  ( -0.000000000000000000, 0.000000000000000000, -1.000000000000000000 ) ) ;
#3899 = ADVANCED_FACE ( 'NONE', ( #3002 ), #7166, .T. ) ;
#3900 = CARTESIAN_POINT ( 'NONE',  ( -7.499999999999998224, 1.000000000000000000, -3.050000000000002487 ) ) ;
#3901 = PRODUCT_DEFINITION_SHAPE ( 'NONE', 'NONE',  #1117 ) ;
#3902 = CARTESIAN_POINT ( 'NONE',  ( 7.499999999999999112, 1.000000000000000000, 3.050000000000001599 ) ) ;
#3903 = CARTESIAN_POINT ( 'NONE',  ( -2.650000000000000355, 1.000000000000000000, 0.000000000000000000 ) ) ;
#3904 = CARTESIAN_POINT ( 'NONE',  ( -4.549999999999998934, 0.000000000000000000, -7.500000000000000888 ) ) ;
#3905 = PLANE ( 'NONE',  #2033 ) ;
#3906 = ORIENTED_EDGE ( 'NONE', *, *, #1061, .F. ) ;
#3907 = APPLICATION_CONTEXT ( 'automotive_design' ) ;
#3908 = EDGE_CURVE ( 'NONE', #7847, #5033, #8731, .T. ) ;
#3909 = FACE_OUTER_BOUND ( 'NONE', #8143, .T. ) ;
#3910 = EDGE_CURVE ( 'NONE', #3461, #236, #949, .T. ) ;
#3911 = CARTESIAN_POINT ( 'NONE',  ( -0.7499999999999995559, 0.000000000000000000, -5.700000000000000178 ) ) ;
#3912 = CARTESIAN_POINT ( 'NONE',  ( 7.500000000000000000, 0.000000000000000000, -2.649999999999999911 ) ) ;
#3913 = DIRECTION ( 'NONE',  ( 0.000000000000000000, -0.000000000000000000, -1.000000000000000000 ) ) ;
#3914 =( NAMED_UNIT ( * ) PLANE_ANGLE_UNIT ( ) SI_UNIT ( $, .RADIAN. ) );
#3915 = ORIENTED_EDGE ( 'NONE', *, *, #5248, .T. ) ;
#3916 = CARTESIAN_POINT ( 'NONE',  ( 6.878679656440357171, 2.399999999999999467, -7.500000000000000000 ) ) ;
#3917 = EDGE_LOOP ( 'NONE', ( #2458, #1830, #2524, #2438 ) ) ;
#3918 = VERTEX_POINT ( 'NONE', #6484 ) ;
#3919 = CARTESIAN_POINT ( 'NONE',  ( 7.500000000000000000, 0.000000000000000000, 1.150000000000000133 ) ) ;
#3920 = VECTOR ( 'NONE', #7246, 1000.000000000000000 ) ;
#3921 = EDGE_CURVE ( 'NONE', #334, #3092, #1689, .T. ) ;
#3922 = CARTESIAN_POINT ( 'NONE',  ( -4.750000000000000888, 5.800000000000001599, 3.749999999999999556 ) ) ;
#3923 = CARTESIAN_POINT ( 'NONE',  ( 0.000000000000000000, 0.5000000000000000000, 0.000000000000000000 ) ) ;
#3924 = LINE ( 'NONE', #296, #4716 ) ;
#3925 = VERTEX_POINT ( 'NONE', #995 ) ;
#3926 = LINE ( 'NONE', #8823, #6503 ) ;
#3927 = SURFACE_STYLE_USAGE ( .BOTH. , #1924 ) ;
#3928 = DIRECTION ( 'NONE',  ( -1.000000000000000000, 0.000000000000000000, -0.000000000000000000 ) ) ;
#3929 = EDGE_CURVE ( 'NONE', #3602, #4847, #3482, .T. ) ;
#3930 = ORIENTED_EDGE ( 'NONE', *, *, #190, .F. ) ;
#3931 = EDGE_CURVE ( 'NONE', #3018, #802, #5830, .T. ) ;
#3932 = VERTEX_POINT ( 'NONE', #2346 ) ;
#3933 = FACE_OUTER_BOUND ( 'NONE', #5592, .T. ) ;
#3934 = CARTESIAN_POINT ( 'NONE',  ( 7.292893218813450318, 1.899999999999999689, 5.999999999999998224 ) ) ;
#3935 = CARTESIAN_POINT ( 'NONE',  ( 5.700000000000000178, 3.343074902771997259, -2.649999999999999911 ) ) ;
#3936 = CARTESIAN_POINT ( 'NONE',  ( -3.049999999999998934, 0.000000000000000000, -5.700000000000000178 ) ) ;
#3937 = VERTEX_POINT ( 'NONE', #5186 ) ;
#3938 = VECTOR ( 'NONE', #4562, 1000.000000000000000 ) ;
#3939 = FACE_OUTER_BOUND ( 'NONE', #4245, .T. ) ;
#3940 = CARTESIAN_POINT ( 'NONE',  ( -6.200000000000001066, 1.800000000000000266, -7.299999999999999822 ) ) ;
#3941 = PRODUCT_CONTEXT ( 'NONE', #8162, 'mechanical' ) ;
#3942 = ORIENTED_EDGE ( 'NONE', *, *, #8658, .T. ) ;
#3943 = ORIENTED_EDGE ( 'NONE', *, *, #7772, .T. ) ;
#3944 = EDGE_CURVE ( 'NONE', #6938, #1227, #7992, .T. ) ;
#3945 = AXIS2_PLACEMENT_3D ( 'NONE', #526, #1913, #3494 ) ;
#3946 = PLANE ( 'NONE',  #8084 ) ;
#3947 = ADVANCED_FACE ( 'NONE', ( #4581 ), #2167, .T. ) ;
#3948 = ADVANCED_FACE ( 'NONE', ( #8826 ), #446, .F. ) ;
#3949 = DIRECTION ( 'NONE',  ( 0.000000000000000000, 0.000000000000000000, -1.000000000000000000 ) ) ;
#3950 = ADVANCED_FACE ( 'NONE', ( #1740 ), #2488, .T. ) ;
#3951 = DIRECTION ( 'NONE',  ( 0.000000000000000000, 1.000000000000000000, 0.000000000000000000 ) ) ;
#3952 = VECTOR ( 'NONE', #6294, 1000.000000000000000 ) ;
#3953 = FILL_AREA_STYLE_COLOUR ( '', #550 ) ;
#3954 = EDGE_CURVE ( 'NONE', #1224, #7146, #6707, .T. ) ;
#3955 = CARTESIAN_POINT ( 'NONE',  ( 5.700000000000000178, 3.343074902771997259, 0.000000000000000000 ) ) ;
#3956 = FACE_OUTER_BOUND ( 'NONE', #484, .T. ) ;
#3957 = VERTEX_POINT ( 'NONE', #5380 ) ;
#3958 = EDGE_CURVE ( 'NONE', #1750, #6672, #5338, .T. ) ;
#3959 = PRODUCT ( 'SAM-M8Q-0-10_18', 'SAM-M8Q-0-10_18', '', ( #2967 ) ) ;
#3960 = EDGE_CURVE ( 'NONE', #4197, #6506, #2631, .T. ) ;
#3961 = AXIS2_PLACEMENT_3D ( 'NONE', #6213, #3373, #1407 ) ;
#3962 = CARTESIAN_POINT ( 'NONE',  ( 7.499999999999999112, 1.000000000000000000, 4.549999999999999822 ) ) ;
#3963 = CARTESIAN_POINT ( 'NONE',  ( -3.049999999999998934, 1.000000000000000000, -5.700000000000000178 ) ) ;
#3964 = PLANE ( 'NONE',  #8046 ) ;
#3965 = VERTEX_POINT ( 'NONE', #6754 ) ;
#3966 = AXIS2_PLACEMENT_3D ( 'NONE', #3743, #5958, #6700 ) ;
#3967 = CARTESIAN_POINT ( 'NONE',  ( 7.500000000000000000, 1.000000000000000000, -3.049999999999999378 ) ) ;
#3968 = AXIS2_PLACEMENT_3D ( 'NONE', #2405, #8005, #2223 ) ;
#3969 = AXIS2_PLACEMENT_3D ( 'NONE', #3759, #2309, #6675 ) ;
#3970 = ORIENTED_EDGE ( 'NONE', *, *, #663, .F. ) ;
#3971 = ORIENTED_EDGE ( 'NONE', *, *, #7047, .T. ) ;
#3972 = DIRECTION ( 'NONE',  ( 1.000000000000000000, 0.000000000000000000, 2.409338161078899674E-16 ) ) ;
#3973 = VECTOR ( 'NONE', #3025, 1000.000000000000000 ) ;
#3974 = AXIS2_PLACEMENT_3D ( 'NONE', #2807, #4942, #622 ) ;
#3975 = LINE ( 'NONE', #4719, #2182 ) ;
#3976 = PLANE ( 'NONE',  #6969 ) ;
#3977 =( LENGTH_UNIT ( ) NAMED_UNIT ( * ) SI_UNIT ( .MILLI., .METRE. ) );
#3978 = DIRECTION ( 'NONE',  ( 1.000000000000000000, 0.000000000000000000, -0.000000000000000000 ) ) ;
#3979 = ORIENTED_EDGE ( 'NONE', *, *, #7432, .T. ) ;
#3980 = CARTESIAN_POINT ( 'NONE',  ( 0.000000000000000000, 3.343074902771997259, 5.700000000000000178 ) ) ;
#3981 = LINE ( 'NONE', #2487, #5806 ) ;
#3982 = CARTESIAN_POINT ( 'NONE',  ( 7.500000000000000888, 6.592893218813452805, -6.878679656440354506 ) ) ;
#3983 = VERTEX_POINT ( 'NONE', #8136 ) ;
#3984 = VECTOR ( 'NONE', #8713, 1000.000000000000000 ) ;
#3985 = VECTOR ( 'NONE', #4711, 1000.000000000000000 ) ;
#3986 = VECTOR ( 'NONE', #818, 1000.000000000000000 ) ;
#3987 = VERTEX_POINT ( 'NONE', #1782 ) ;
#3988 = DIRECTION ( 'NONE',  ( 0.000000000000000000, -0.000000000000000000, 1.000000000000000000 ) ) ;
#3989 = CARTESIAN_POINT ( 'NONE',  ( -7.299999999999999822, 1.800000000000000266, -7.299999999999999822 ) ) ;
#3990 = PLANE ( 'NONE',  #2939 ) ;
#3991 = DIRECTION ( 'NONE',  ( 1.000000000000000000, 0.000000000000000000, 1.204669080539449837E-16 ) ) ;
#3992 = AXIS2_PLACEMENT_3D ( 'NONE', #5537, #6085, #8951 ) ;
#3993 = ORIENTED_EDGE ( 'NONE', *, *, #2686, .F. ) ;
#3994 = AXIS2_PLACEMENT_3D ( 'NONE', #7106, #8444, #748 ) ;
#3995 = CARTESIAN_POINT ( 'NONE',  ( -5.699999999999998401, 1.000000000000000000, -4.550000000000000711 ) ) ;
#3996 = AXIS2_PLACEMENT_3D ( 'NONE', #667, #5597, #7018 ) ;
#3997 = ITEM_DEFINED_TRANSFORMATION ( 'NONE', 'NONE', #1809,  #2096 ) ;
#3998 = ORIENTED_EDGE ( 'NONE', *, *, #655, .F. ) ;
#3999 = ORIENTED_EDGE ( 'NONE', *, *, #5975, .T. ) ;
#4000 = AXIS2_PLACEMENT_3D ( 'NONE', #3980, #4529, #6806 ) ;
#4001 = DIRECTION ( 'NONE',  ( 0.000000000000000000, 0.000000000000000000, 1.000000000000000000 ) ) ;
#4002 = LINE ( 'NONE', #4598, #470 ) ;
#4003 = ORIENTED_EDGE ( 'NONE', *, *, #4757, .F. ) ;
#4004 = DIRECTION ( 'NONE',  ( -0.000000000000000000, -1.000000000000000000, 0.000000000000000000 ) ) ;
#4005 = SURFACE_STYLE_FILL_AREA ( #2656 ) ;
#4006 = DIRECTION ( 'NONE',  ( 0.000000000000000000, -0.000000000000000000, -1.000000000000000000 ) ) ;
#4007 = DIRECTION ( 'NONE',  ( 0.000000000000000000, 0.000000000000000000, 1.000000000000000000 ) ) ;
#4008 = CARTESIAN_POINT ( 'NONE',  ( 0.000000000000000000, 0.000000000000000000, 0.000000000000000000 ) ) ;
#4009 = ORIENTED_EDGE ( 'NONE', *, *, #254, .F. ) ;
#4010 = EDGE_CURVE ( 'NONE', #4851, #4521, #1191, .T. ) ;
#4011 = EDGE_CURVE ( 'NONE', #3301, #514, #5964, .T. ) ;
#4012 = VECTOR ( 'NONE', #4383, 1000.000000000000000 ) ;
#4013 = PLANE ( 'NONE',  #512 ) ;
#4014 = CARTESIAN_POINT ( 'NONE',  ( 0.000000000000000000, 5.799999999999998934, 0.8000000000000000444 ) ) ;
#4015 = DIRECTION ( 'NONE',  ( 0.000000000000000000, -0.000000000000000000, 1.000000000000000000 ) ) ;
#4016 = DIRECTION ( 'NONE',  ( -0.000000000000000000, -1.000000000000000000, -0.000000000000000000 ) ) ;
#4017 =( NAMED_UNIT ( * ) SI_UNIT ( $, .STERADIAN. ) SOLID_ANGLE_UNIT ( ) );
#4018 = ORIENTED_EDGE ( 'NONE', *, *, #5957, .T. ) ;
#4019 = DIRECTION ( 'NONE',  ( -1.000000000000000000, -0.000000000000000000, 0.000000000000000000 ) ) ;
#4020 = ORIENTED_EDGE ( 'NONE', *, *, #4639, .F. ) ;
#4021 = ORIENTED_EDGE ( 'NONE', *, *, #3679, .F. ) ;
#4022 = CARTESIAN_POINT ( 'NONE',  ( -2.649999999999999467, 0.000000000000000000, -5.700000000000000178 ) ) ;
#4023 = PRODUCT_DEFINITION ( 'UNKNOWN', '', #5543, #2706 ) ;
#4024 = CARTESIAN_POINT ( 'NONE',  ( -0.7500000000000002220, 0.000000000000000000, 5.700000000000000178 ) ) ;
#4025 = CARTESIAN_POINT ( 'NONE',  ( -5.700000000000001066, 0.000000000000000000, 2.649999999999999467 ) ) ;
#4026 = CARTESIAN_POINT ( 'NONE',  ( -5.699999999999998401, 0.000000000000000000, -4.550000000000000711 ) ) ;
#4027 = DIRECTION ( 'NONE',  ( 1.000000000000000000, -0.000000000000000000, 1.204669080539449837E-16 ) ) ;
#4028 = ORIENTED_EDGE ( 'NONE', *, *, #5863, .F. ) ;
#4029 = LINE ( 'NONE', #5473, #4426 ) ;
#4030 = CARTESIAN_POINT ( 'NONE',  ( -4.549999999999999822, 1.000000000000000000, 7.499999999999999112 ) ) ;
#4031 = DIRECTION ( 'NONE',  ( -0.000000000000000000, -1.000000000000000000, 0.000000000000000000 ) ) ;
#4032 = ORIENTED_EDGE ( 'NONE', *, *, #4207, .T. ) ;
#4033 = MECHANICAL_DESIGN_GEOMETRIC_PRESENTATION_REPRESENTATION (  '', ( #463 ), #1741 ) ;
#4034 = ORIENTED_EDGE ( 'NONE', *, *, #6670, .T. ) ;
#4035 = FACE_OUTER_BOUND ( 'NONE', #3917, .T. ) ;
#4036 = FACE_OUTER_BOUND ( 'NONE', #2735, .T. ) ;
#4037 = CARTESIAN_POINT ( 'NONE',  ( 7.500000000000000000, 0.000000000000000000, -0.7499999999999997780 ) ) ;
#4038 = DIRECTION ( 'NONE',  ( -0.000000000000000000, 0.000000000000000000, 1.000000000000000000 ) ) ;
#4039 = UNCERTAINTY_MEASURE_WITH_UNIT (LENGTH_MEASURE( 1.000000000000000082E-05 ), #4579, 'distance_accuracy_value', 'NONE');
#4040 = PRODUCT_DEFINITION_CONTEXT ( 'detailed design', #5346, 'design' ) ;
#4041 = ORIENTED_EDGE ( 'NONE', *, *, #2101, .T. ) ;
#4042 = APPLICATION_CONTEXT ( 'automotive_design' ) ;
#4043 = ADVANCED_FACE ( 'NONE', ( #7404 ), #4628, .F. ) ;
#4044 = PRODUCT_DEFINITION_SHAPE ( 'NONE', 'NONE',  #2766 ) ;
#4045 = DIRECTION ( 'NONE',  ( 0.000000000000000000, 0.000000000000000000, 1.000000000000000000 ) ) ;
#4046 = FACE_OUTER_BOUND ( 'NONE', #2991, .T. ) ;
#4047 = ITEM_DEFINED_TRANSFORMATION ( 'NONE', 'NONE', #7004,  #2096 ) ;
#4048 = VERTEX_POINT ( 'NONE', #6114 ) ;
#4049 = MECHANICAL_DESIGN_GEOMETRIC_PRESENTATION_REPRESENTATION (  '', ( #2701 ), #908 ) ;
#4050 = EDGE_LOOP ( 'NONE', ( #4103, #2066, #3740, #3192 ) ) ;
#4051 = CARTESIAN_POINT ( 'NONE',  ( -5.700000000000000178, 0.000000000000000000, -0.7500000000000013323 ) ) ;
#4052 = DIRECTION ( 'NONE',  ( 0.000000000000000000, -0.000000000000000000, -1.000000000000000000 ) ) ;
#4053 = EDGE_CURVE ( 'NONE', #680, #821, #8886, .T. ) ;
#4054 = ORIENTED_EDGE ( 'NONE', *, *, #4207, .F. ) ;
#4055 = CARTESIAN_POINT ( 'NONE',  ( 1.150000000000000577, 3.343074902771997259, -7.500000000000000000 ) ) ;
#4056 = SURFACE_STYLE_USAGE ( .BOTH. , #6232 ) ;
#4057 = LINE ( 'NONE', #7605, #4666 ) ;
#4058 = DIRECTION ( 'NONE',  ( 0.000000000000000000, 0.000000000000000000, 1.000000000000000000 ) ) ;
#4059 = CARTESIAN_POINT ( 'NONE',  ( 7.750000000000001776, 1.899999999999999911, 7.750000000000000000 ) ) ;
#4060 = VERTEX_POINT ( 'NONE', #3285 ) ;
#4061 = PLANE ( 'NONE',  #8789 ) ;
#4062 = DIRECTION ( 'NONE',  ( 1.836970198721029688E-16, -0.000000000000000000, 1.000000000000000000 ) ) ;
#4063 = DIRECTION ( 'NONE',  ( 5.782411586589354681E-16, 0.000000000000000000, -1.000000000000000000 ) ) ;
#4064 = CARTESIAN_POINT ( 'NONE',  ( 0.7500000000000008882, 1.000000000000000000, -5.700000000000000178 ) ) ;
#4065 = EDGE_CURVE ( 'NONE', #531, #3120, #2435, .T. ) ;
#4066 = EDGE_LOOP ( 'NONE', ( #6849, #6310, #6585, #3942 ) ) ;
#4067 = DIRECTION ( 'NONE',  ( 0.000000000000000000, 0.000000000000000000, 1.000000000000000000 ) ) ;
#4068 = ADVANCED_FACE ( 'NONE', ( #2534 ), #5422, .T. ) ;
#4069 = ORIENTED_EDGE ( 'NONE', *, *, #4776, .T. ) ;
#4070 = ORIENTED_EDGE ( 'NONE', *, *, #3479, .F. ) ;
#4071 = DIRECTION ( 'NONE',  ( 1.000000000000000000, 0.000000000000000000, 0.000000000000000000 ) ) ;
#4072 = LINE ( 'NONE', #9059, #7947 ) ;
#4073 = DIRECTION ( 'NONE',  ( 0.000000000000000000, -0.000000000000000000, 1.000000000000000000 ) ) ;
#4074 = EDGE_CURVE ( 'NONE', #6804, #1227, #1371, .T. ) ;
#4075 = CARTESIAN_POINT ( 'NONE',  ( -4.750000000000000888, 6.799999999999999822, -4.750000000000000888 ) ) ;
#4076 = DIRECTION ( 'NONE',  ( -0.7071067811865479058, 0.000000000000000000, -0.7071067811865470176 ) ) ;
#4077 = CARTESIAN_POINT ( 'NONE',  ( 3.050000000000002043, 3.343074902771997259, -7.500000000000000000 ) ) ;
#4078 = EDGE_CURVE ( 'NONE', #8018, #3918, #567, .T. ) ;
#4079 = ORIENTED_EDGE ( 'NONE', *, *, #4636, .F. ) ;
#4080 = EDGE_CURVE ( 'NONE', #5637, #8957, #2019, .T. ) ;
#4081 = VECTOR ( 'NONE', #8524, 1000.000000000000000 ) ;
#4082 = VECTOR ( 'NONE', #4170, 1000.000000000000000 ) ;
#4083 = ORIENTED_EDGE ( 'NONE', *, *, #4757, .T. ) ;
#4084 = CARTESIAN_POINT ( 'NONE',  ( -7.650000000000002132, 1.000000000000000000, 7.649999999999998579 ) ) ;
#4085 = CARTESIAN_POINT ( 'NONE',  ( 1.149999999999999911, 0.000000000000000000, 5.700000000000000178 ) ) ;
#4086 = DIRECTION ( 'NONE',  ( 1.000000000000000000, 0.000000000000000000, 0.000000000000000000 ) ) ;
#4087 = SHAPE_REPRESENTATION ( 'SAM-M8Q-0-10_24', ( #2096 ), #6410 ) ;
#4088 = FILL_AREA_STYLE_COLOUR ( '', #6983 ) ;
#4089 = ORIENTED_EDGE ( 'NONE', *, *, #5166, .T. ) ;
#4090 = AXIS2_PLACEMENT_3D ( 'NONE', #6423, #7153, #64 ) ;
#4091 = LINE ( 'NONE', #8985, #7490 ) ;
#4092 = CARTESIAN_POINT ( 'NONE',  ( 0.7500000000000002220, 1.000000000000000000, 7.500000000000000000 ) ) ;
#4093 = ORIENTED_EDGE ( 'NONE', *, *, #94, .F. ) ;
#4094 = ORIENTED_EDGE ( 'NONE', *, *, #5166, .F. ) ;
#4095 = CARTESIAN_POINT ( 'NONE',  ( 0.000000000000000000, 6.299999999999999822, 6.999999999999999112 ) ) ;
#4096 = AXIS2_PLACEMENT_3D ( 'NONE', #3694, #1584, #4463 ) ;
#4097 = LINE ( 'NONE', #7041, #1364 ) ;
#4098 = VERTEX_POINT ( 'NONE', #4166 ) ;
#4099 = LINE ( 'NONE', #4055, #1749 ) ;
#4100 = SURFACE_STYLE_FILL_AREA ( #1256 ) ;
#4101 = CARTESIAN_POINT ( 'NONE',  ( -5.700000000000000178, 0.000000000000000000, 0.7499999999999991118 ) ) ;
#4102 = DIRECTION ( 'NONE',  ( 1.000000000000000000, 0.000000000000000000, 0.000000000000000000 ) ) ;
#4103 = ORIENTED_EDGE ( 'NONE', *, *, #4451, .T. ) ;
#4104 = VECTOR ( 'NONE', #6145, 1000.000000000000000 ) ;
#4105 = DIRECTION ( 'NONE',  ( -1.000000000000000000, 0.000000000000000000, 0.000000000000000000 ) ) ;
#4106 = PRODUCT_DEFINITION_CONTEXT ( 'detailed design', #6105, 'design' ) ;
#4107 = CARTESIAN_POINT ( 'NONE',  ( 1.149999999999999911, 1.000000000000000000, 0.000000000000000000 ) ) ;
#4108 = DIRECTION ( 'NONE',  ( 0.000000000000000000, 0.000000000000000000, -1.000000000000000000 ) ) ;
#4109 = CARTESIAN_POINT ( 'NONE',  ( 7.500000000000000000, 1.000000000000000000, -3.049999999999999378 ) ) ;
#4110 = ORIENTED_EDGE ( 'NONE', *, *, #6657, .T. ) ;
#4111 = PLANE ( 'NONE',  #4850 ) ;
#4112 = VERTEX_POINT ( 'NONE', #1329 ) ;
#4113 = ORIENTED_EDGE ( 'NONE', *, *, #7625, .T. ) ;
#4114 = CARTESIAN_POINT ( 'NONE',  ( 7.500000000000000000, 1.000000000000000000, 0.000000000000000000 ) ) ;
#4115 = DIRECTION ( 'NONE',  ( 0.000000000000000000, 1.000000000000000000, 0.000000000000000000 ) ) ;
#4116 = SURFACE_STYLE_USAGE ( .BOTH. , #6208 ) ;
#4117 = CLOSED_SHELL ( 'NONE', ( #3860, #6327, #1949, #461, #6237, #8841 ) ) ;
#4118 = DIRECTION ( 'NONE',  ( 1.000000000000000000, 0.000000000000000000, 4.818676322157799347E-16 ) ) ;
#4119 = AXIS2_PLACEMENT_3D ( 'NONE', #6772, #4647, #1110 ) ;
#4120 = DIRECTION ( 'NONE',  ( -1.000000000000000000, 0.000000000000000000, -1.204669080539449837E-16 ) ) ;
#4121 = VECTOR ( 'NONE', #1890, 1000.000000000000000 ) ;
#4122 = ORIENTED_EDGE ( 'NONE', *, *, #2947, .F. ) ;
#4123 = DIRECTION ( 'NONE',  ( 1.000000000000000000, 0.000000000000000000, 6.023345402697249184E-17 ) ) ;
#4124 = VERTEX_POINT ( 'NONE', #8322 ) ;
#4125 = EDGE_CURVE ( 'NONE', #4785, #6770, #7115, .T. ) ;
#4126 = VECTOR ( 'NONE', #5771, 1000.000000000000000 ) ;
#4127 = VECTOR ( 'NONE', #2056, 1000.000000000000000 ) ;
#4128 = EDGE_CURVE ( 'NONE', #5394, #7743, #7806, .T. ) ;
#4129 = EDGE_LOOP ( 'NONE', ( #2047, #6101, #8352, #7943 ) ) ;
#4130 = CARTESIAN_POINT ( 'NONE',  ( 0.000000000000000000, 1.000000000000000000, 0.7500000000000005551 ) ) ;
#4131 = CARTESIAN_POINT ( 'NONE',  ( 4.898587196589413692E-17, 6.799999999999999822, 0.3999999999999999667 ) ) ;
#4132 = DIRECTION ( 'NONE',  ( 0.000000000000000000, -0.000000000000000000, 1.000000000000000000 ) ) ;
#4133 = DIRECTION ( 'NONE',  ( 1.000000000000000000, -0.000000000000000000, 0.000000000000000000 ) ) ;
#4134 = ORIENTED_EDGE ( 'NONE', *, *, #1583, .F. ) ;
#4135 = AXIS2_PLACEMENT_3D ( 'NONE', #5183, #6571, #7399 ) ;
#4136 = DIRECTION ( 'NONE',  ( 0.000000000000000000, -0.000000000000000000, 1.000000000000000000 ) ) ;
#4137 = VECTOR ( 'NONE', #2583, 1000.000000000000000 ) ;
#4138 = ORIENTED_EDGE ( 'NONE', *, *, #254, .T. ) ;
#4139 = EDGE_CURVE ( 'NONE', #4197, #1670, #672, .T. ) ;
#4140 = ORIENTED_EDGE ( 'NONE', *, *, #7514, .T. ) ;
#4141 = VECTOR ( 'NONE', #3685, 1000.000000000000000 ) ;
#4142 = CARTESIAN_POINT ( 'NONE',  ( 0.000000000000000000, 1.000000000000000000, -2.649999999999999911 ) ) ;
#4143 = FILL_AREA_STYLE ('',( #1 ) ) ;
#4144 = ORIENTED_EDGE ( 'NONE', *, *, #1704, .F. ) ;
#4145 = VECTOR ( 'NONE', #8562, 1000.000000000000000 ) ;
#4146 = DIRECTION ( 'NONE',  ( -0.000000000000000000, -1.000000000000000000, -0.000000000000000000 ) ) ;
#4147 = DIRECTION ( 'NONE',  ( 1.000000000000000000, 0.000000000000000000, 0.000000000000000000 ) ) ;
#4148 = CIRCLE ( 'NONE', #3698, 0.5000000000000004441 ) ;
#4149 = EDGE_LOOP ( 'NONE', ( #3260, #2649, #8189, #8988 ) ) ;
#4150 = CARTESIAN_POINT ( 'NONE',  ( -5.500000000000000000, 0.000000000000000000, -4.500000000000001776 ) ) ;
#4151 = CARTESIAN_POINT ( 'NONE',  ( -1.900000000000000133, 1.000000000000000000, 1.899999999999999689 ) ) ;
#4152 = CARTESIAN_POINT ( 'NONE',  ( 0.000000000000000000, 0.000000000000000000, -1.150000000000000799 ) ) ;
#4153 =( LENGTH_UNIT ( ) NAMED_UNIT ( * ) SI_UNIT ( .MILLI., .METRE. ) );
#4154 = ORIENTED_EDGE ( 'NONE', *, *, #7602, .T. ) ;
#4155 = ADVANCED_FACE ( 'NONE', ( #3509 ), #6947, .F. ) ;
#4156 = CARTESIAN_POINT ( 'NONE',  ( 7.500000000000000000, 3.343074902771997259, 0.000000000000000000 ) ) ;
#4157 = ORIENTED_EDGE ( 'NONE', *, *, #4603, .T. ) ;
#4158 = VECTOR ( 'NONE', #8456, 999.9999999999998863 ) ;
#4159 = ORIENTED_EDGE ( 'NONE', *, *, #3627, .T. ) ;
#4160 = DIRECTION ( 'NONE',  ( 1.000000000000000000, 0.000000000000000000, 6.023345402697249184E-17 ) ) ;
#4161 = CARTESIAN_POINT ( 'NONE',  ( 4.500000000000000888, 0.000000000000000000, 5.499999999999998224 ) ) ;
#4162 = CARTESIAN_POINT ( 'NONE',  ( 7.499999999999999112, 1.000000000000000000, 4.549999999999999822 ) ) ;
#4163 = EDGE_CURVE ( 'NONE', #671, #4393, #9064, .T. ) ;
#4164 = DIRECTION ( 'NONE',  ( 0.000000000000000000, 1.000000000000000000, -0.000000000000000000 ) ) ;
#4165 = VERTEX_POINT ( 'NONE', #5605 ) ;
#4166 = CARTESIAN_POINT ( 'NONE',  ( -2.650000000000000355, 0.000000000000000000, 7.500000000000000000 ) ) ;
#4167 = ORIENTED_EDGE ( 'NONE', *, *, #2963, .F. ) ;
#4168 = EDGE_LOOP ( 'NONE', ( #1013, #4582, #1410, #5689 ) ) ;
#4169 = DIRECTION ( 'NONE',  ( -1.000000000000000000, -0.000000000000000000, -0.000000000000000000 ) ) ;
#4170 = DIRECTION ( 'NONE',  ( -0.000000000000000000, 0.000000000000000000, 1.000000000000000000 ) ) ;
#4171 = CARTESIAN_POINT ( 'NONE',  ( -4.500000000000000888, 1.000000000000000000, 5.499999999999998224 ) ) ;
#4172 = PLANE ( 'NONE',  #2230 ) ;
#4173 = VERTEX_POINT ( 'NONE', #5518 ) ;
#4174 = CARTESIAN_POINT ( 'NONE',  ( -0.7500000000000002220, 0.000000000000000000, 7.500000000000000000 ) ) ;
#4175 = CONTEXT_DEPENDENT_SHAPE_REPRESENTATION ( #408, #5234 ) ;
#4176 = EDGE_CURVE ( 'NONE', #1462, #7273, #6255, .T. ) ;
#4177 = UNCERTAINTY_MEASURE_WITH_UNIT (LENGTH_MEASURE( 1.000000000000000082E-05 ), #2231, 'distance_accuracy_value', 'NONE');
#4178 = EDGE_LOOP ( 'NONE', ( #6519, #5981, #3930, #1037 ) ) ;
#4179 = EDGE_LOOP ( 'NONE', ( #8300, #2867, #3753, #2671 ) ) ;
#4180 = VECTOR ( 'NONE', #5512, 1000.000000000000000 ) ;
#4181 = CARTESIAN_POINT ( 'NONE',  ( 0.000000000000000000, 1.000000000000000000, 0.000000000000000000 ) ) ;
#4182 = DIRECTION ( 'NONE',  ( 0.000000000000000000, 0.000000000000000000, -1.000000000000000000 ) ) ;
#4183 = ORIENTED_EDGE ( 'NONE', *, *, #3171, .T. ) ;
#4184 = VECTOR ( 'NONE', #8949, 1000.000000000000000 ) ;
#4185 =( LENGTH_UNIT ( ) NAMED_UNIT ( * ) SI_UNIT ( .MILLI., .METRE. ) );
#4186 = LINE ( 'NONE', #3621, #2780 ) ;
#4187 = DIRECTION ( 'NONE',  ( 0.000000000000000000, 0.000000000000000000, 1.000000000000000000 ) ) ;
#4188 = EDGE_LOOP ( 'NONE', ( #5886, #3757, #6497, #4311 ) ) ;
#4189 = EDGE_CURVE ( 'NONE', #8092, #2217, #6342, .T. ) ;
#4190 = LINE ( 'NONE', #2745, #859 ) ;
#4191 = CARTESIAN_POINT ( 'NONE',  ( -5.699999999999999289, 3.343074902771997259, -3.295974604355931902E-15 ) ) ;
#4192 = CARTESIAN_POINT ( 'NONE',  ( 2.650000000000001243, 1.000000000000000000, -5.700000000000000178 ) ) ;
#4193 =( NAMED_UNIT ( * ) SI_UNIT ( $, .STERADIAN. ) SOLID_ANGLE_UNIT ( ) );
#4194 = EDGE_LOOP ( 'NONE', ( #4873, #2820, #9039, #1970 ) ) ;
#4195 = DIRECTION ( 'NONE',  ( 0.000000000000000000, 0.000000000000000000, -1.000000000000000000 ) ) ;
#4196 = PRODUCT_DEFINITION_FORMATION_WITH_SPECIFIED_SOURCE ( 'ANY', '', #896, .NOT_KNOWN. ) ;
#4197 = VERTEX_POINT ( 'NONE', #8450 ) ;
#4198 = ADVANCED_FACE ( 'NONE', ( #4292 ), #7631, .F. ) ;
#4199 = ORIENTED_EDGE ( 'NONE', *, *, #4923, .T. ) ;
#4200 = ADVANCED_FACE ( 'NONE', ( #4817 ), #6760, .T. ) ;
#4201 = DIRECTION ( 'NONE',  ( -0.000000000000000000, -0.000000000000000000, 1.000000000000000000 ) ) ;
#4202 = DIRECTION ( 'NONE',  ( -1.000000000000000000, 0.000000000000000000, -0.000000000000000000 ) ) ;
#4203 = DIRECTION ( 'NONE',  ( 0.000000000000000000, -0.000000000000000000, 1.000000000000000000 ) ) ;
#4204 = CARTESIAN_POINT ( 'NONE',  ( 5.700000000000000178, 3.343074902771997259, -3.049999999999999378 ) ) ;
#4205 = DIRECTION ( 'NONE',  ( -1.000000000000000000, 0.000000000000000000, -0.000000000000000000 ) ) ;
#4206 = ORIENTED_EDGE ( 'NONE', *, *, #640, .F. ) ;
#4207 = EDGE_CURVE ( 'NONE', #7486, #6770, #2067, .T. ) ;
#4208 = CARTESIAN_POINT ( 'NONE',  ( 6.000000000000000000, 6.299999999999999822, -6.999999999999999112 ) ) ;
#4209 = EDGE_LOOP ( 'NONE', ( #4518, #6705, #1280, #7290 ) ) ;
#4210 = APPLICATION_CONTEXT ( 'automotive_design' ) ;
#4211 = EDGE_LOOP ( 'NONE', ( #5229, #5150, #1826, #2969 ) ) ;
#4212 = CARTESIAN_POINT ( 'NONE',  ( -1.149999999999999689, 0.000000000000000000, 5.700000000000000178 ) ) ;
#4213 = CARTESIAN_POINT ( 'NONE',  ( -5.700000000000000178, 3.343074902771997259, 1.149999999999998801 ) ) ;
#4214 = CARTESIAN_POINT ( 'NONE',  ( 2.650000000000001243, 0.000000000000000000, -7.500000000000000000 ) ) ;
#4215 = SURFACE_STYLE_USAGE ( .BOTH. , #4783 ) ;
#4216 = ADVANCED_FACE ( 'NONE', ( #2726 ), #5559, .F. ) ;
#4217 = ORIENTED_EDGE ( 'NONE', *, *, #7183, .T. ) ;
#4218 = CARTESIAN_POINT ( 'NONE',  ( 5.700000000000000178, 1.000000000000000000, -4.549999999999999822 ) ) ;
#4219 = VECTOR ( 'NONE', #4264, 1000.000000000000000 ) ;
#4220 = ORIENTED_EDGE ( 'NONE', *, *, #478, .T. ) ;
#4221 = EDGE_LOOP ( 'NONE', ( #48, #5381, #5325, #3159 ) ) ;
#4222 = PLANE ( 'NONE',  #7211 ) ;
#4223 = AXIS2_PLACEMENT_3D ( 'NONE', #3955, #8904, #2561 ) ;
#4224 = DIRECTION ( 'NONE',  ( 1.000000000000000000, 0.000000000000000000, 6.023345402697249184E-17 ) ) ;
#4225 = EDGE_LOOP ( 'NONE', ( #8758, #7709, #1773, #8368 ) ) ;
#4226 = FILL_AREA_STYLE ('',( #2788 ) ) ;
#4227 = DIRECTION ( 'NONE',  ( 0.000000000000000000, 0.000000000000000000, 1.000000000000000000 ) ) ;
#4228 = EDGE_LOOP ( 'NONE', ( #4577, #5121, #5645, #6411 ) ) ;
#4229 = EDGE_CURVE ( 'NONE', #4541, #2787, #5688, .T. ) ;
#4230 = EDGE_CURVE ( 'NONE', #8957, #2388, #9104, .T. ) ;
#4231 = ADVANCED_FACE ( 'NONE', ( #4467 ), #7981, .F. ) ;
#4232 = DIRECTION ( 'NONE',  ( 1.000000000000000000, 0.000000000000000000, 1.204669080539449837E-16 ) ) ;
#4233 = DIRECTION ( 'NONE',  ( 0.000000000000000000, 1.000000000000000000, 0.000000000000000000 ) ) ;
#4234 = DIRECTION ( 'NONE',  ( -0.000000000000000000, 0.000000000000000000, -1.000000000000000000 ) ) ;
#4235 = AXIS2_PLACEMENT_3D ( 'NONE', #4191, #7706, #4063 ) ;
#4236 = ORIENTED_EDGE ( 'NONE', *, *, #349, .T. ) ;
#4237 = PLANE ( 'NONE',  #988 ) ;
#4238 = EDGE_CURVE ( 'NONE', #3859, #7983, #6469, .T. ) ;
#4239 = DIRECTION ( 'NONE',  ( 0.000000000000000000, 0.000000000000000000, 1.000000000000000000 ) ) ;
#4240 = CARTESIAN_POINT ( 'NONE',  ( 4.550000000000003375, 1.000000000000000000, -2.192497726581800660E-15 ) ) ;
#4241 = LINE ( 'NONE', #1453, #5746 ) ;
#4242 = CARTESIAN_POINT ( 'NONE',  ( -7.650000000000002132, 1.000000000000000000, -7.650000000000002132 ) ) ;
#4243 = DIRECTION ( 'NONE',  ( 1.000000000000000000, 0.000000000000000000, 0.000000000000000000 ) ) ;
#4244 = ORIENTED_EDGE ( 'NONE', *, *, #7191, .T. ) ;
#4245 = EDGE_LOOP ( 'NONE', ( #8074, #4428, #5790, #3598 ) ) ;
#4246 = DIRECTION ( 'NONE',  ( 0.000000000000000000, -0.000000000000000000, 1.000000000000000000 ) ) ;
#4247 = ORIENTED_EDGE ( 'NONE', *, *, #843, .F. ) ;
#4248 = EDGE_LOOP ( 'NONE', ( #6857, #7156, #2751, #233 ) ) ;
#4249 = CLOSED_SHELL ( 'NONE', ( #8959, #142, #178, #2141, #7873, #5019 ) ) ;
#4250 = CARTESIAN_POINT ( 'NONE',  ( -7.500000000000000000, 1.000000000000000000, 0.000000000000000000 ) ) ;
#4251 = DIRECTION ( 'NONE',  ( -1.000000000000000000, 0.000000000000000000, -2.409338161078899674E-16 ) ) ;
#4252 = DIRECTION ( 'NONE',  ( -1.000000000000000000, 0.000000000000000000, 0.000000000000000000 ) ) ;
#4253 = VECTOR ( 'NONE', #3188, 1000.000000000000000 ) ;
#4254 =( LENGTH_UNIT ( ) NAMED_UNIT ( * ) SI_UNIT ( .MILLI., .METRE. ) );
#4255 = VECTOR ( 'NONE', #7651, 1000.000000000000000 ) ;
#4256 = VERTEX_POINT ( 'NONE', #7296 ) ;
#4257 = CARTESIAN_POINT ( 'NONE',  ( -7.299999999999999822, 1.800000000000000266, -7.299999999999999822 ) ) ;
#4258 = DIRECTION ( 'NONE',  ( 0.000000000000000000, -0.000000000000000000, -1.000000000000000000 ) ) ;
#4259 = CIRCLE ( 'NONE', #4735, 0.4999999999999995559 ) ;
#4260 = VECTOR ( 'NONE', #7104, 1000.000000000000000 ) ;
#4261 = VERTEX_POINT ( 'NONE', #4425 ) ;
#4262 = ORIENTED_EDGE ( 'NONE', *, *, #7237, .T. ) ;
#4263 = ORIENTED_EDGE ( 'NONE', *, *, #4230, .T. ) ;
#4264 = DIRECTION ( 'NONE',  ( -0.000000000000000000, -1.000000000000000000, -0.000000000000000000 ) ) ;
#4265 = FACE_OUTER_BOUND ( 'NONE', #1651, .T. ) ;
#4266 = COLOUR_RGB ( '',1.000000000000000000, 1.000000000000000000, 1.000000000000000000 ) ;
#4267 = CARTESIAN_POINT ( 'NONE',  ( -6.999999999999996447, 1.899999999999999245, 6.585786437626904188 ) ) ;
#4268 = AXIS2_PLACEMENT_3D ( 'NONE', #8970, #8176, #4811 ) ;
#4269 = ORIENTED_EDGE ( 'NONE', *, *, #1434, .T. ) ;
#4270 = LINE ( 'NONE', #5015, #6037 ) ;
#4271 =( NAMED_UNIT ( * ) PLANE_ANGLE_UNIT ( ) SI_UNIT ( $, .RADIAN. ) );
#4272 = VERTEX_POINT ( 'NONE', #937 ) ;
#4273 = VECTOR ( 'NONE', #5904, 1000.000000000000000 ) ;
#4274 = CARTESIAN_POINT ( 'NONE',  ( -7.499999999999998224, 0.000000000000000000, -3.050000000000002487 ) ) ;
#4275 = CARTESIAN_POINT ( 'NONE',  ( -7.348481391290644670E-16, 1.000000000000000000, 3.050000000000000266 ) ) ;
#4276 = VECTOR ( 'NONE', #788, 1000.000000000000000 ) ;
#4277 = CARTESIAN_POINT ( 'NONE',  ( -7.499999999999999112, 6.592893218813453693, 6.878679656440358947 ) ) ;
#4278 = CARTESIAN_POINT ( 'NONE',  ( 0.000000000000000000, 1.000000000000000000, -7.499999999999998224 ) ) ;
#4279 = ORIENTED_EDGE ( 'NONE', *, *, #4608, .T. ) ;
#4280 = VECTOR ( 'NONE', #8395, 1000.000000000000000 ) ;
#4281 = FACE_OUTER_BOUND ( 'NONE', #8776, .T. ) ;
#4282 = VECTOR ( 'NONE', #7671, 1000.000000000000000 ) ;
#4283 = EDGE_CURVE ( 'NONE', #2285, #3851, #7155, .T. ) ;
#4284 = EDGE_CURVE ( 'NONE', #7845, #7502, #7255, .T. ) ;
#4285 = CARTESIAN_POINT ( 'NONE',  ( 0.000000000000000000, 0.5000000000000000000, -3.100000000000000977 ) ) ;
#4286 = LINE ( 'NONE', #4240, #704 ) ;
#4287 = SURFACE_SIDE_STYLE ('',( #6378 ) ) ;
#4288 = DIRECTION ( 'NONE',  ( 1.000000000000000000, 0.000000000000000000, 5.782411586589355667E-16 ) ) ;
#4289 = DIRECTION ( 'NONE',  ( 0.000000000000000000, -0.000000000000000000, 1.000000000000000000 ) ) ;
#4290 = PLANE ( 'NONE',  #522 ) ;
#4291 = ORIENTED_EDGE ( 'NONE', *, *, #2093, .F. ) ;
#4292 = FACE_OUTER_BOUND ( 'NONE', #5974, .T. ) ;
#4293 = ORIENTED_EDGE ( 'NONE', *, *, #4176, .T. ) ;
#4294 = PRODUCT_DEFINITION_CONTEXT ( 'detailed design', #3069, 'design' ) ;
#4295 = ORIENTED_EDGE ( 'NONE', *, *, #8797, .T. ) ;
#4296 = LINE ( 'NONE', #4250, #2543 ) ;
#4297 = EDGE_CURVE ( 'NONE', #7321, #4173, #759, .T. ) ;
#4298 = CARTESIAN_POINT ( 'NONE',  ( -3.750000000000001332, 6.799999999999999822, 4.750000000000000000 ) ) ;
#4299 = DIRECTION ( 'NONE',  ( 0.000000000000000000, -1.000000000000000000, -0.000000000000000000 ) ) ;
#4300 = PRODUCT_DEFINITION_SHAPE ( 'NONE', 'NONE',  #9166 ) ;
#4301 = CARTESIAN_POINT ( 'NONE',  ( -5.700000000000000178, 0.000000000000000000, -1.150000000000000799 ) ) ;
#4302 = ORIENTED_EDGE ( 'NONE', *, *, #5441, .F. ) ;
#4303 = CARTESIAN_POINT ( 'NONE',  ( 7.500000000000000000, 0.000000000000000000, -3.049999999999999378 ) ) ;
#4304 = CARTESIAN_POINT ( 'NONE',  ( 4.550000000000000711, 1.000000000000000000, -5.699999999999998401 ) ) ;
#4305 = ORIENTED_EDGE ( 'NONE', *, *, #640, .T. ) ;
#4306 = EDGE_CURVE ( 'NONE', #7332, #2881, #1500, .T. ) ;
#4307 = EDGE_LOOP ( 'NONE', ( #6531, #435, #8838, #3660 ) ) ;
#4308 = LINE ( 'NONE', #2868, #6887 ) ;
#4309 = DIRECTION ( 'NONE',  ( 0.000000000000000000, 1.000000000000000000, -0.000000000000000000 ) ) ;
#4310 = FACE_OUTER_BOUND ( 'NONE', #2854, .T. ) ;
#4311 = ORIENTED_EDGE ( 'NONE', *, *, #5577, .F. ) ;
#4312 = DIRECTION ( 'NONE',  ( -1.204669080539449837E-16, 0.000000000000000000, 1.000000000000000000 ) ) ;
#4313 = LINE ( 'NONE', #6449, #7660 ) ;
#4314 = SHAPE_REPRESENTATION ( 'SAM-M8Q-0-10_5', ( #2096 ), #1658 ) ;
#4315 = CARTESIAN_POINT ( 'NONE',  ( 0.000000000000000000, 0.000000000000000000, 0.000000000000000000 ) ) ;
#4316 = ORIENTED_EDGE ( 'NONE', *, *, #8555, .T. ) ;
#4317 = VECTOR ( 'NONE', #2855, 1000.000000000000000 ) ;
#4318 = EDGE_CURVE ( 'NONE', #4932, #7448, #8720, .T. ) ;
#4319 = CARTESIAN_POINT ( 'NONE',  ( 0.000000000000000000, 1.000000000000000000, 0.000000000000000000 ) ) ;
#4320 = MECHANICAL_DESIGN_GEOMETRIC_PRESENTATION_REPRESENTATION (  '', ( #4613 ), #5522 ) ;
#4321 = AXIS2_PLACEMENT_3D ( 'NONE', #588, #8403, #4205 ) ;
#4322 = FACE_OUTER_BOUND ( 'NONE', #2603, .T. ) ;
#4323 = ADVANCED_FACE ( 'NONE', ( #7846 ), #2993, .F. ) ;
#4324 = DIRECTION ( 'NONE',  ( -0.000000000000000000, 0.000000000000000000, -1.000000000000000000 ) ) ;
#4325 = DIRECTION ( 'NONE',  ( 1.000000000000000000, 0.000000000000000000, -0.000000000000000000 ) ) ;
#4326 = APPLICATION_CONTEXT ( 'automotive_design' ) ;
#4327 = ORIENTED_EDGE ( 'NONE', *, *, #6043, .F. ) ;
#4328 = CARTESIAN_POINT ( 'NONE',  ( 2.650000000000001243, 1.000000000000000000, -7.500000000000000000 ) ) ;
#4329 = FILL_AREA_STYLE_COLOUR ( '', #6473 ) ;
#4330 = PRESENTATION_STYLE_ASSIGNMENT (( #5725 ) ) ;
#4331 = DIRECTION ( 'NONE',  ( 0.000000000000000000, 0.000000000000000000, 1.000000000000000000 ) ) ;
#4332 = EDGE_CURVE ( 'NONE', #7678, #3413, #5777, .T. ) ;
#4333 = DIRECTION ( 'NONE',  ( 0.000000000000000000, 0.000000000000000000, 1.000000000000000000 ) ) ;
#4334 =( NAMED_UNIT ( * ) PLANE_ANGLE_UNIT ( ) SI_UNIT ( $, .RADIAN. ) );
#4335 = PRODUCT_DEFINITION_FORMATION_WITH_SPECIFIED_SOURCE ( 'ANY', '', #6023, .NOT_KNOWN. ) ;
#4336 = VERTEX_POINT ( 'NONE', #3738 ) ;
#4337 = CARTESIAN_POINT ( 'NONE',  ( -7.500000000000000000, 1.000000000000000000, 0.7499999999999988898 ) ) ;
#4338 = ORIENTED_EDGE ( 'NONE', *, *, #4761, .F. ) ;
#4339 = EDGE_CURVE ( 'NONE', #8875, #2765, #2238, .T. ) ;
#4340 = ADVANCED_FACE ( 'NONE', ( #5819 ), #5911, .F. ) ;
#4341 = ORIENTED_EDGE ( 'NONE', *, *, #3273, .F. ) ;
#4342 = DIRECTION ( 'NONE',  ( -1.000000000000000000, -0.000000000000000000, 0.000000000000000000 ) ) ;
#4343 = PRODUCT_DEFINITION_FORMATION_WITH_SPECIFIED_SOURCE ( 'ANY', '', #262, .NOT_KNOWN. ) ;
#4344 = EDGE_CURVE ( 'NONE', #4785, #2946, #198, .T. ) ;
#4345 = DIRECTION ( 'NONE',  ( 0.000000000000000000, 0.000000000000000000, 1.000000000000000000 ) ) ;
#4346 = DIRECTION ( 'NONE',  ( 0.000000000000000000, 1.000000000000000000, 0.000000000000000000 ) ) ;
#4347 = LINE ( 'NONE', #33, #2088 ) ;
#4348 = ORIENTED_EDGE ( 'NONE', *, *, #2398, .F. ) ;
#4349 = EDGE_CURVE ( 'NONE', #6914, #1224, #2333, .T. ) ;
#4350 = CARTESIAN_POINT ( 'NONE',  ( -7.299999999999999822, 1.800000000000000266, -6.200000000000001066 ) ) ;
#4351 = CARTESIAN_POINT ( 'NONE',  ( -5.700000000000001066, 1.000000000000000000, 2.649999999999999467 ) ) ;
#4352 = EDGE_CURVE ( 'NONE', #8424, #531, #67, .T. ) ;
#4353 = VERTEX_POINT ( 'NONE', #1541 ) ;
#4354 = ORIENTED_EDGE ( 'NONE', *, *, #5375, .T. ) ;
#4355 = CARTESIAN_POINT ( 'NONE',  ( 0.7500000000000002220, 1.000000000000000000, 5.700000000000000178 ) ) ;
#4356 = CYLINDRICAL_SURFACE ( 'NONE', #5478, 1.499999999999999556 ) ;
#4357 = DIRECTION ( 'NONE',  ( 1.000000000000000000, 0.000000000000000000, 0.000000000000000000 ) ) ;
#4358 = EDGE_LOOP ( 'NONE', ( #7971, #2716, #4113, #5194 ) ) ;
#4359 = LINE ( 'NONE', #6365, #5148 ) ;
#4360 = DIRECTION ( 'NONE',  ( 0.000000000000000000, 0.000000000000000000, 1.000000000000000000 ) ) ;
#4361 = EDGE_LOOP ( 'NONE', ( #5339, #684, #5780, #2370 ) ) ;
#4362 = ORIENTED_EDGE ( 'NONE', *, *, #978, .T. ) ;
#4363 = CIRCLE ( 'NONE', #8211, 0.9999999999999995559 ) ;
#4364 = VECTOR ( 'NONE', #6443, 1000.000000000000114 ) ;
#4365 = PLANE ( 'NONE',  #6337 ) ;
#4366 = CARTESIAN_POINT ( 'NONE',  ( -6.000000000000000000, 6.299999999999999822, -7.500000000000000000 ) ) ;
#4367 = LINE ( 'NONE', #2879, #2587 ) ;
#4368 = VECTOR ( 'NONE', #3913, 1000.000000000000000 ) ;
#4369 = ORIENTED_EDGE ( 'NONE', *, *, #6412, .T. ) ;
#4370 = CARTESIAN_POINT ( 'NONE',  ( -7.650000000000002132, 1.000000000000000000, -7.650000000000002132 ) ) ;
#4371 = ORIENTED_EDGE ( 'NONE', *, *, #1623, .F. ) ;
#4372 = CARTESIAN_POINT ( 'NONE',  ( 7.499999999999999112, 3.343074902771997259, 0.000000000000000000 ) ) ;
#4373 =( GEOMETRIC_REPRESENTATION_CONTEXT ( 3 ) GLOBAL_UNCERTAINTY_ASSIGNED_CONTEXT ( ( #2776 ) ) GLOBAL_UNIT_ASSIGNED_CONTEXT ( ( #8585, #6465, #1496 ) ) REPRESENTATION_CONTEXT ( 'NONE', 'WORKASPACE' ) );
#4374 = APPLICATION_CONTEXT ( 'automotive_design' ) ;
#4375 = CARTESIAN_POINT ( 'NONE',  ( -2.650000000000000355, 0.000000000000000000, 0.000000000000000000 ) ) ;
#4376 = DIRECTION ( 'NONE',  ( -5.782411586589363555E-16, 0.000000000000000000, 1.000000000000000000 ) ) ;
#4377 = ORIENTED_EDGE ( 'NONE', *, *, #6532, .F. ) ;
#4378 = CARTESIAN_POINT ( 'NONE',  ( -4.500000000000000888, 1.000000000000000000, 4.499999999999999112 ) ) ;
#4379 = EDGE_LOOP ( 'NONE', ( #4940, #2873, #2767, #1780 ) ) ;
#4380 = VECTOR ( 'NONE', #4977, 1000.000000000000000 ) ;
#4381 = ORIENTED_EDGE ( 'NONE', *, *, #6660, .F. ) ;
#4382 = DIRECTION ( 'NONE',  ( 0.000000000000000000, 1.000000000000000000, 0.000000000000000000 ) ) ;
#4383 = DIRECTION ( 'NONE',  ( 0.000000000000000000, 0.000000000000000000, 1.000000000000000000 ) ) ;
#4384 = LINE ( 'NONE', #8594, #2049 ) ;
#4385 = DIRECTION ( 'NONE',  ( 2.409338161078899674E-16, 0.000000000000000000, -1.000000000000000000 ) ) ;
#4386 = VERTEX_POINT ( 'NONE', #3030 ) ;
#4387 = CARTESIAN_POINT ( 'NONE',  ( 6.000000000000000000, 6.299999999999999822, 6.000000000000000000 ) ) ;
#4388 = CARTESIAN_POINT ( 'NONE',  ( 0.7500000000000011102, 0.000000000000000000, -7.500000000000000000 ) ) ;
#4389 = CONTEXT_DEPENDENT_SHAPE_REPRESENTATION ( #856, #4898 ) ;
#4390 = EDGE_LOOP ( 'NONE', ( #6468, #38, #3049, #8803 ) ) ;
#4391 = EDGE_CURVE ( 'NONE', #337, #6804, #7198, .T. ) ;
#4392 = ADVANCED_FACE ( 'NONE', ( #3697 ), #2198, .T. ) ;
#4393 = VERTEX_POINT ( 'NONE', #1587 ) ;
#4394 = VECTOR ( 'NONE', #3644, 1000.000000000000000 ) ;
#4395 = STYLED_ITEM ( 'NONE', ( #7701 ), #8936 ) ;
#4396 = CARTESIAN_POINT ( 'NONE',  ( -7.299999999999999822, 1.800000000000000266, -7.299999999999999822 ) ) ;
#4397 = CARTESIAN_POINT ( 'NONE',  ( -3.750000000000001332, -7.635028842544401506, 4.750000000000000000 ) ) ;
#4398 = CARTESIAN_POINT ( 'NONE',  ( -6.999999999999999112, 1.899999999999999245, 6.000000000000000888 ) ) ;
#4399 = ORIENTED_EDGE ( 'NONE', *, *, #656, .F. ) ;
#4400 = CLOSED_SHELL ( 'NONE', ( #1409, #8061, #488, #1057, #6950, #326 ) ) ;
#4401 = VECTOR ( 'NONE', #149, 1000.000000000000000 ) ;
#4402 = AXIS2_PLACEMENT_3D ( 'NONE', #3393, #8334, #1984 ) ;
#4403 = DIRECTION ( 'NONE',  ( 0.000000000000000000, -0.000000000000000000, 1.000000000000000000 ) ) ;
#4404 = APPLICATION_PROTOCOL_DEFINITION ( 'draft international standard', 'automotive_design', 1998, #5346 ) ;
#4405 = VECTOR ( 'NONE', #3146, 1000.000000000000000 ) ;
#4406 = EDGE_LOOP ( 'NONE', ( #5934, #1865 ) ) ;
#4407 = ORIENTED_EDGE ( 'NONE', *, *, #2670, .T. ) ;
#4408 =( GEOMETRIC_REPRESENTATION_CONTEXT ( 3 ) GLOBAL_UNCERTAINTY_ASSIGNED_CONTEXT ( ( #8472 ) ) GLOBAL_UNIT_ASSIGNED_CONTEXT ( ( #3226, #8319, #3417 ) ) REPRESENTATION_CONTEXT ( 'NONE', 'WORKASPACE' ) );
#4409 = VECTOR ( 'NONE', #1184, 1000.000000000000000 ) ;
#4410 = LINE ( 'NONE', #275, #6478 ) ;
#4411 = CARTESIAN_POINT ( 'NONE',  ( -4.750000000000000888, 6.800000000000000711, 3.750000000000000000 ) ) ;
#4412 = LINE ( 'NONE', #372, #3920 ) ;
#4413 = VERTEX_POINT ( 'NONE', #6150 ) ;
#4414 = DIRECTION ( 'NONE',  ( 6.123233995736766036E-17, 0.000000000000000000, 1.000000000000000000 ) ) ;
#4415 = VECTOR ( 'NONE', #3779, 1000.000000000000000 ) ;
#4416 = AXIS2_PLACEMENT_3D ( 'NONE', #807, #4433, #8501 ) ;
#4417 = FACE_OUTER_BOUND ( 'NONE', #1181, .T. ) ;
#4418 =( BOUNDED_CURVE ( )  B_SPLINE_CURVE ( 3, ( #7748, #2842, #2268, #7144 ),
 .UNSPECIFIED., .F., .F. ) 
 B_SPLINE_CURVE_WITH_KNOTS ( ( 4, 4 ),
 ( 3.141592653589793116, 4.712388980384689674 ),
 .UNSPECIFIED. ) 
 CURVE ( )  GEOMETRIC_REPRESENTATION_ITEM ( )  RATIONAL_B_SPLINE_CURVE ( ( 1.000000000000000000, 0.8047378541243649375, 0.8047378541243649375, 1.000000000000000000 ) ) 
 REPRESENTATION_ITEM ( '' )  );
#4419 = AXIS2_PLACEMENT_3D ( 'NONE', #6502, #2971, #2409 ) ;
#4420 = DIRECTION ( 'NONE',  ( 0.000000000000000000, 1.000000000000000000, 0.000000000000000000 ) ) ;
#4421 = EDGE_CURVE ( 'NONE', #5655, #173, #7340, .T. ) ;
#4422 = SURFACE_STYLE_USAGE ( .BOTH. , #194 ) ;
#4423 = LINE ( 'NONE', #7888, #5706 ) ;
#4424 = ORIENTED_EDGE ( 'NONE', *, *, #5075, .F. ) ;
#4425 = CARTESIAN_POINT ( 'NONE',  ( -5.699999999999998401, 0.000000000000000000, -4.550000000000000711 ) ) ;
#4426 = VECTOR ( 'NONE', #4076, 1000.000000000000114 ) ;
#4427 = ORIENTED_EDGE ( 'NONE', *, *, #1948, .T. ) ;
#4428 = ORIENTED_EDGE ( 'NONE', *, *, #586, .T. ) ;
#4429 = DIRECTION ( 'NONE',  ( -0.000000000000000000, -1.000000000000000000, -0.000000000000000000 ) ) ;
#4430 = EDGE_CURVE ( 'NONE', #3396, #7847, #8266, .T. ) ;
#4431 = FACE_OUTER_BOUND ( 'NONE', #7352, .T. ) ;
#4432 = CARTESIAN_POINT ( 'NONE',  ( -5.700000000000001066, 1.000000000000000000, -3.295974604355933874E-15 ) ) ;
#4433 = DIRECTION ( 'NONE',  ( -0.000000000000000000, 1.000000000000000000, 0.000000000000000000 ) ) ;
#4434 = PLANE ( 'NONE',  #6632 ) ;
#4435 = ORIENTED_EDGE ( 'NONE', *, *, #5586, .T. ) ;
#4436 = CARTESIAN_POINT ( 'NONE',  ( 7.500000000000000000, 1.000000000000000000, 2.650000000000000799 ) ) ;
#4437 = CARTESIAN_POINT ( 'NONE',  ( 7.649999999999998579, 0.000000000000000000, 7.649999999999998579 ) ) ;
#4438 = EDGE_LOOP ( 'NONE', ( #4407, #2968, #7257, #1457, #5649, #1503, #6063, #350 ) ) ;
#4439 = VECTOR ( 'NONE', #8500, 1000.000000000000000 ) ;
#4440 = ORIENTED_EDGE ( 'NONE', *, *, #2256, .T. ) ;
#4441 = CARTESIAN_POINT ( 'NONE',  ( 4.549999999999999822, 1.000000000000000000, -7.499999999999998224 ) ) ;
#4442 = CARTESIAN_POINT ( 'NONE',  ( -7.299999999999999822, 1.899999999999999911, -6.200000000000001066 ) ) ;
#4443 = CARTESIAN_POINT ( 'NONE',  ( 4.549999999999999822, 1.000000000000000000, 7.500000000000000000 ) ) ;
#4444 = ORIENTED_EDGE ( 'NONE', *, *, #2007, .F. ) ;
#4445 = EDGE_CURVE ( 'NONE', #7907, #5002, #7476, .T. ) ;
#4446 = CARTESIAN_POINT ( 'NONE',  ( 3.049999999999999822, 3.343074902771997259, 7.500000000000000000 ) ) ;
#4447 = APPLICATION_PROTOCOL_DEFINITION ( 'draft international standard', 'automotive_design', 1998, #8162 ) ;
#4448 = ORIENTED_EDGE ( 'NONE', *, *, #5677, .F. ) ;
#4449 = EDGE_LOOP ( 'NONE', ( #6016, #1989, #8315, #5321 ) ) ;
#4450 = CARTESIAN_POINT ( 'NONE',  ( 4.549999999999999822, 1.000000000000000000, 5.700000000000000178 ) ) ;
#4451 = EDGE_CURVE ( 'NONE', #7974, #8779, #5462, .T. ) ;
#4452 = FACE_BOUND ( 'NONE', #2149, .T. ) ;
#4453 = FILL_AREA_STYLE ('',( #3953 ) ) ;
#4454 = EDGE_CURVE ( 'NONE', #3420, #2717, #8217, .T. ) ;
#4455 = LINE ( 'NONE', #6038, #1102 ) ;
#4456 = VERTEX_POINT ( 'NONE', #1916 ) ;
#4457 = CARTESIAN_POINT ( 'NONE',  ( 7.649999999999998579, 0.000000000000000000, 7.649999999999998579 ) ) ;
#4458 = ADVANCED_FACE ( 'NONE', ( #980 ), #7391, .F. ) ;
#4459 = VECTOR ( 'NONE', #1058, 1000.000000000000000 ) ;
#4460 = CARTESIAN_POINT ( 'NONE',  ( 7.500000000000000000, 1.000000000000000000, -1.149999999999999467 ) ) ;
#4461 = ORIENTED_EDGE ( 'NONE', *, *, #5598, .F. ) ;
#4462 = CARTESIAN_POINT ( 'NONE',  ( 6.999999999999998224, 6.800000000000000711, 6.585786437626904188 ) ) ;
#4463 = DIRECTION ( 'NONE',  ( 0.000000000000000000, -0.000000000000000000, -1.000000000000000000 ) ) ;
#4464 = CARTESIAN_POINT ( 'NONE',  ( 2.650000000000000355, 1.000000000000000000, 5.700000000000000178 ) ) ;
#4465 = SHAPE_REPRESENTATION_RELATIONSHIP ( 'NONE' , 'NONE' ,  #1811, #5119 ) ;
#4466 = ORIENTED_EDGE ( 'NONE', *, *, #7628, .T. ) ;
#4467 = FACE_OUTER_BOUND ( 'NONE', #6985, .T. ) ;
#4468 = EDGE_CURVE ( 'NONE', #1931, #3932, #7533, .T. ) ;
#4469 = VERTEX_POINT ( 'NONE', #3967 ) ;
#4470 = EDGE_CURVE ( 'NONE', #2660, #2739, #1179, .T. ) ;
#4471 = ORIENTED_EDGE ( 'NONE', *, *, #5274, .T. ) ;
#4472 = CARTESIAN_POINT ( 'NONE',  ( 3.050000000000002043, 3.343074902771997259, -5.699999999999999289 ) ) ;
#4473 = EDGE_CURVE ( 'NONE', #2312, #7815, #3215, .T. ) ;
#4474 = DIRECTION ( 'NONE',  ( 0.000000000000000000, -1.000000000000000000, 0.000000000000000000 ) ) ;
#4475 = DIRECTION ( 'NONE',  ( 0.000000000000000000, 0.000000000000000000, 1.000000000000000000 ) ) ;
#4476 = CARTESIAN_POINT ( 'NONE',  ( -1.899999999999999467, 0.5000000000000000000, -3.100000000000000977 ) ) ;
#4477 =( GEOMETRIC_REPRESENTATION_CONTEXT ( 3 ) GLOBAL_UNCERTAINTY_ASSIGNED_CONTEXT ( ( #4604 ) ) GLOBAL_UNIT_ASSIGNED_CONTEXT ( ( #5775, #4989, #65 ) ) REPRESENTATION_CONTEXT ( 'NONE', 'WORKASPACE' ) );
#4478 = CARTESIAN_POINT ( 'NONE',  ( -7.499999999999999112, 1.000000000000000000, -2.650000000000001688 ) ) ;
#4479 = EDGE_CURVE ( 'NONE', #6212, #3430, #6844, .T. ) ;
#4480 = EDGE_LOOP ( 'NONE', ( #8600, #5123, #6515, #3491 ) ) ;
#4481 = DIRECTION ( 'NONE',  ( -1.000000000000000000, 0.000000000000000000, 0.000000000000000000 ) ) ;
#4482 = DIRECTION ( 'NONE',  ( 1.000000000000000000, 0.000000000000000000, -0.000000000000000000 ) ) ;
#4483 = ORIENTED_EDGE ( 'NONE', *, *, #3276, .T. ) ;
#4484 = PRODUCT_DEFINITION_FORMATION_WITH_SPECIFIED_SOURCE ( 'ANY', '', #3959, .NOT_KNOWN. ) ;
#4485 = PRODUCT ( 'SAM-M8Q-0-10_9', 'SAM-M8Q-0-10_9', '', ( #6629 ) ) ;
#4486 = ORIENTED_EDGE ( 'NONE', *, *, #8712, .F. ) ;
#4487 = EDGE_CURVE ( 'NONE', #6190, #5862, #1817, .T. ) ;
#4488 = DIRECTION ( 'NONE',  ( 0.000000000000000000, 0.000000000000000000, -1.000000000000000000 ) ) ;
#4489 = CARTESIAN_POINT ( 'NONE',  ( 0.7500000000000002220, 0.000000000000000000, 7.500000000000000000 ) ) ;
#4490 = DIRECTION ( 'NONE',  ( -0.7071067811865474617, 0.000000000000000000, -0.7071067811865474617 ) ) ;
#4491 = ORIENTED_EDGE ( 'NONE', *, *, #5567, .T. ) ;
#4492 = DIRECTION ( 'NONE',  ( 0.000000000000000000, 1.000000000000000000, 0.000000000000000000 ) ) ;
#4493 = CARTESIAN_POINT ( 'NONE',  ( 1.149999999999999911, 1.000000000000000000, 0.000000000000000000 ) ) ;
#4494 = SHAPE_DEFINITION_REPRESENTATION ( #921, #7200 ) ;
#4495 = ORIENTED_EDGE ( 'NONE', *, *, #6848, .T. ) ;
#4496 = ORIENTED_EDGE ( 'NONE', *, *, #257, .F. ) ;
#4497 = APPLICATION_CONTEXT ( 'automotive_design' ) ;
#4498 = LINE ( 'NONE', #1661, #2323 ) ;
#4499 = SHAPE_REPRESENTATION ( 'SAM-M8Q-0-10_6', ( #2096 ), #7138 ) ;
#4500 = CARTESIAN_POINT ( 'NONE',  ( 1.149999999999999911, 1.000000000000000000, 7.500000000000000000 ) ) ;
#4501 = DIRECTION ( 'NONE',  ( 0.000000000000000000, 1.000000000000000000, 0.000000000000000000 ) ) ;
#4502 =( LENGTH_UNIT ( ) NAMED_UNIT ( * ) SI_UNIT ( .MILLI., .METRE. ) );
#4503 = VERTEX_POINT ( 'NONE', #4612 ) ;
#4504 = DIRECTION ( 'NONE',  ( 1.000000000000000000, 0.000000000000000000, 6.023345402697249184E-17 ) ) ;
#4505 = ORIENTED_EDGE ( 'NONE', *, *, #4344, .T. ) ;
#4506 = ADVANCED_FACE ( 'NONE', ( #2522 ), #6793, .T. ) ;
#4507 = EDGE_CURVE ( 'NONE', #3136, #6216, #433, .T. ) ;
#4508 = AXIS2_PLACEMENT_3D ( 'NONE', #5500, #8298, #1944 ) ;
#4509 = AXIS2_PLACEMENT_3D ( 'NONE', #7029, #2073, #3426 ) ;
#4510 = ADVANCED_FACE ( 'NONE', ( #3317 ), #917, .T. ) ;
#4511 = EDGE_CURVE ( 'NONE', #671, #6752, #530, .T. ) ;
#4512 = CARTESIAN_POINT ( 'NONE',  ( -7.500000000000001776, 0.000000000000000000, 3.049999999999998934 ) ) ;
#4513 = ORIENTED_EDGE ( 'NONE', *, *, #3244, .F. ) ;
#4514 = VECTOR ( 'NONE', #5589, 1000.000000000000000 ) ;
#4515 = CARTESIAN_POINT ( 'NONE',  ( -7.500000000000000000, 6.799999999999986500, -6.000000000000000000 ) ) ;
#4516 = FACE_OUTER_BOUND ( 'NONE', #7848, .T. ) ;
#4517 = PLANE ( 'NONE',  #4964 ) ;
#4518 = ORIENTED_EDGE ( 'NONE', *, *, #4318, .F. ) ;
#4519 = DIRECTION ( 'NONE',  ( -0.000000000000000000, -1.000000000000000000, -0.000000000000000000 ) ) ;
#4520 = ORIENTED_EDGE ( 'NONE', *, *, #6166, .T. ) ;
#4521 = VERTEX_POINT ( 'NONE', #5549 ) ;
#4522 = PLANE ( 'NONE',  #1358 ) ;
#4523 = VECTOR ( 'NONE', #7473, 1000.000000000000000 ) ;
#4524 = CARTESIAN_POINT ( 'NONE',  ( 5.700000000000000178, 0.000000000000000000, -2.649999999999999911 ) ) ;
#4525 = PLANE ( 'NONE',  #6081 ) ;
#4526 = CARTESIAN_POINT ( 'NONE',  ( 5.700000000000000178, 1.000000000000000000, 0.000000000000000000 ) ) ;
#4527 = CARTESIAN_POINT ( 'NONE',  ( -5.699999999999999289, 1.000000000000000000, -2.650000000000001243 ) ) ;
#4528 = VERTEX_POINT ( 'NONE', #1399 ) ;
#4529 = DIRECTION ( 'NONE',  ( 0.000000000000000000, 0.000000000000000000, -1.000000000000000000 ) ) ;
#4530 = LINE ( 'NONE', #4437, #6619 ) ;
#4531 = ORIENTED_EDGE ( 'NONE', *, *, #143, .F. ) ;
#4532 = EDGE_LOOP ( 'NONE', ( #3332, #693, #661, #5292 ) ) ;
#4533 = CARTESIAN_POINT ( 'NONE',  ( -5.700000000000001066, 1.000000000000000000, 2.649999999999999467 ) ) ;
#4534 = CARTESIAN_POINT ( 'NONE',  ( 7.499999999999998224, 2.399999999999999467, 5.999999999999997335 ) ) ;
#4535 = DIRECTION ( 'NONE',  ( 0.000000000000000000, 1.000000000000000000, -0.000000000000000000 ) ) ;
#4536 = PLANE ( 'NONE',  #2837 ) ;
#4537 = ORIENTED_EDGE ( 'NONE', *, *, #7393, .F. ) ;
#4538 = DIRECTION ( 'NONE',  ( 0.7071067811865475727, 0.000000000000000000, -0.7071067811865475727 ) ) ;
#4539 = CARTESIAN_POINT ( 'NONE',  ( 0.000000000000000000, 1.000000000000000000, -5.699999999999999289 ) ) ;
#4540 = SHAPE_DEFINITION_REPRESENTATION ( #7447, #2772 ) ;
#4541 = VERTEX_POINT ( 'NONE', #4895 ) ;
#4542 = ORIENTED_EDGE ( 'NONE', *, *, #5155, .F. ) ;
#4543 = AXIS2_PLACEMENT_3D ( 'NONE', #1389, #5098, #735 ) ;
#4544 = CARTESIAN_POINT ( 'NONE',  ( -7.499999999999998224, 3.343074902771997259, 0.000000000000000000 ) ) ;
#4545 = DIRECTION ( 'NONE',  ( 0.000000000000000000, 0.000000000000000000, 1.000000000000000000 ) ) ;
#4546 = ADVANCED_FACE ( 'NONE', ( #5638 ), #4111, .F. ) ;
#4547 = AXIS2_PLACEMENT_3D ( 'NONE', #6153, #787, #3626 ) ;
#4548 = AXIS2_PLACEMENT_3D ( 'NONE', #79, #6307, #2031 ) ;
#4549 = LINE ( 'NONE', #3855, #1014 ) ;
#4550 = LINE ( 'NONE', #8853, #2177 ) ;
#4551 = VECTOR ( 'NONE', #2125, 1000.000000000000000 ) ;
#4552 = CARTESIAN_POINT ( 'NONE',  ( -6.999999999999999112, 1.899999999999999689, 6.000000000000000888 ) ) ;
#4553 =( NAMED_UNIT ( * ) SI_UNIT ( $, .STERADIAN. ) SOLID_ANGLE_UNIT ( ) );
#4554 = PLANE ( 'NONE',  #7803 ) ;
#4555 = EDGE_LOOP ( 'NONE', ( #3634, #4435, #6879, #3510 ) ) ;
#4556 = VECTOR ( 'NONE', #6463, 1000.000000000000000 ) ;
#4557 = VECTOR ( 'NONE', #1908, 1000.000000000000000 ) ;
#4558 = DIRECTION ( 'NONE',  ( -0.000000000000000000, 0.000000000000000000, 1.000000000000000000 ) ) ;
#4559 = ORIENTED_EDGE ( 'NONE', *, *, #8849, .F. ) ;
#4560 =( GEOMETRIC_REPRESENTATION_CONTEXT ( 3 ) GLOBAL_UNCERTAINTY_ASSIGNED_CONTEXT ( ( #4968 ) ) GLOBAL_UNIT_ASSIGNED_CONTEXT ( ( #3087, #1825, #7303 ) ) REPRESENTATION_CONTEXT ( 'NONE', 'WORKASPACE' ) );
#4561 = CARTESIAN_POINT ( 'NONE',  ( 6.585786437626905077, 6.800000000000000711, 6.999999999999998224 ) ) ;
#4562 = DIRECTION ( 'NONE',  ( -0.000000000000000000, 0.000000000000000000, 1.000000000000000000 ) ) ;
#4563 = EDGE_CURVE ( 'NONE', #8649, #7576, #8440, .T. ) ;
#4564 = CARTESIAN_POINT ( 'NONE',  ( -5.700000000000000178, 1.000000000000000000, 0.000000000000000000 ) ) ;
#4565 = EDGE_CURVE ( 'NONE', #447, #849, #7617, .T. ) ;
#4566 = ORIENTED_EDGE ( 'NONE', *, *, #5104, .F. ) ;
#4567 = VECTOR ( 'NONE', #3826, 1000.000000000000000 ) ;
#4568 = PRODUCT ( 'SAM-M8Q-0-10_5', 'SAM-M8Q-0-10_5', '', ( #6079 ) ) ;
#4569 = CARTESIAN_POINT ( 'NONE',  ( -4.750000000000000888, 6.799999999999999822, 0.000000000000000000 ) ) ;
#4570 = VERTEX_POINT ( 'NONE', #9054 ) ;
#4571 = VECTOR ( 'NONE', #858, 1000.000000000000000 ) ;
#4572 = ORIENTED_EDGE ( 'NONE', *, *, #6911, .T. ) ;
#4573 = LINE ( 'NONE', #7479, #16 ) ;
#4574 = CARTESIAN_POINT ( 'NONE',  ( 6.384746126859085392E-16, 1.000000000000000000, -2.649999999999999911 ) ) ;
#4575 = DIRECTION ( 'NONE',  ( 0.000000000000000000, -0.000000000000000000, 1.000000000000000000 ) ) ;
#4576 = AXIS2_PLACEMENT_3D ( 'NONE', #4680, #6762, #403 ) ;
#4577 = ORIENTED_EDGE ( 'NONE', *, *, #8433, .F. ) ;
#4578 = DIRECTION ( 'NONE',  ( -1.204669080539449837E-16, -0.000000000000000000, 1.000000000000000000 ) ) ;
#4579 =( LENGTH_UNIT ( ) NAMED_UNIT ( * ) SI_UNIT ( .MILLI., .METRE. ) );
#4580 = VECTOR ( 'NONE', #5728, 1000.000000000000000 ) ;
#4581 = FACE_OUTER_BOUND ( 'NONE', #9138, .T. ) ;
#4582 = ORIENTED_EDGE ( 'NONE', *, *, #7034, .F. ) ;
#4583 = EDGE_CURVE ( 'NONE', #4503, #7558, #6978, .T. ) ;
#4584 = VERTEX_POINT ( 'NONE', #4938 ) ;
#4585 = CARTESIAN_POINT ( 'NONE',  ( 6.000000000000000000, 1.899999999999999245, 6.999999999999999112 ) ) ;
#4586 = LINE ( 'NONE', #7550, #9012 ) ;
#4587 =( LENGTH_UNIT ( ) NAMED_UNIT ( * ) SI_UNIT ( .MILLI., .METRE. ) );
#4588 = ORIENTED_EDGE ( 'NONE', *, *, #3499, .F. ) ;
#4589 = DIRECTION ( 'NONE',  ( 0.000000000000000000, 0.000000000000000000, -1.000000000000000000 ) ) ;
#4590 = CARTESIAN_POINT ( 'NONE',  ( -3.750000000000001776, 5.800000000000001599, 4.749999999999999112 ) ) ;
#4591 = APPLICATION_PROTOCOL_DEFINITION ( 'draft international standard', 'automotive_design', 1998, #5279 ) ;
#4592 = EDGE_LOOP ( 'NONE', ( #6742, #9024, #6158, #7381 ) ) ;
#4593 = VECTOR ( 'NONE', #7073, 1000.000000000000000 ) ;
#4594 = ADVANCED_FACE ( 'NONE', ( #7750 ), #4237, .T. ) ;
#4595 = ORIENTED_EDGE ( 'NONE', *, *, #3645, .T. ) ;
#4596 = EDGE_CURVE ( 'NONE', #6388, #3384, #3358, .T. ) ;
#4597 = DIRECTION ( 'NONE',  ( 1.000000000000000000, 0.000000000000000000, -0.000000000000000000 ) ) ;
#4598 = CARTESIAN_POINT ( 'NONE',  ( 7.348481391290645656E-16, 1.000000000000000000, -3.050000000000000711 ) ) ;
#4599 = CARTESIAN_POINT ( 'NONE',  ( 0.000000000000000000, 0.000000000000000000, 0.000000000000000000 ) ) ;
#4600 = CARTESIAN_POINT ( 'NONE',  ( -3.750000000000000888, 6.800000000000003375, 4.750000000000000888 ) ) ;
#4601 = DIRECTION ( 'NONE',  ( -0.000000000000000000, 0.000000000000000000, 1.000000000000000000 ) ) ;
#4602 = EDGE_LOOP ( 'NONE', ( #8749, #1178, #617, #7713 ) ) ;
#4603 = EDGE_CURVE ( 'NONE', #6591, #5009, #6935, .T. ) ;
#4604 = UNCERTAINTY_MEASURE_WITH_UNIT (LENGTH_MEASURE( 1.000000000000000082E-05 ), #5775, 'distance_accuracy_value', 'NONE');
#4605 = CARTESIAN_POINT ( 'NONE',  ( -7.500000000000000000, 0.000000000000000000, 1.149999999999998579 ) ) ;
#4606 = ADVANCED_FACE ( 'NONE', ( #6202 ), #8311, .F. ) ;
#4607 = FACE_OUTER_BOUND ( 'NONE', #4868, .T. ) ;
#4608 = EDGE_CURVE ( 'NONE', #2696, #9078, #2668, .T. ) ;
#4609 = DIRECTION ( 'NONE',  ( 0.000000000000000000, -0.000000000000000000, -1.000000000000000000 ) ) ;
#4610 = DIRECTION ( 'NONE',  ( -0.000000000000000000, 0.000000000000000000, 1.000000000000000000 ) ) ;
#4611 = EDGE_LOOP ( 'NONE', ( #93, #874, #5222, #6913 ) ) ;
#4612 = CARTESIAN_POINT ( 'NONE',  ( -7.749999999999998224, 1.899999999999999911, -7.750000000000001776 ) ) ;
#4613 = STYLED_ITEM ( 'NONE', ( #6863 ), #5875 ) ;
#4614 = ORIENTED_EDGE ( 'NONE', *, *, #3758, .F. ) ;
#4615 = VECTOR ( 'NONE', #6414, 1000.000000000000000 ) ;
#4616 = EDGE_LOOP ( 'NONE', ( #1508, #3067, #6665, #2070 ) ) ;
#4617 = DIRECTION ( 'NONE',  ( -1.000000000000000000, 0.000000000000000000, -0.000000000000000000 ) ) ;
#4618 = ADVANCED_FACE ( 'NONE', ( #5509 ), #3459, .F. ) ;
#4619 = DIRECTION ( 'NONE',  ( 0.000000000000000000, -1.000000000000000000, 0.000000000000000000 ) ) ;
#4620 = LINE ( 'NONE', #7397, #3567 ) ;
#4621 = CARTESIAN_POINT ( 'NONE',  ( 7.500000000000000000, 6.299999999999999822, 6.000000000000000000 ) ) ;
#4622 = STYLED_ITEM ( 'NONE', ( #7601 ), #5525 ) ;
#4623 = LINE ( 'NONE', #4478, #3532 ) ;
#4624 = ORIENTED_EDGE ( 'NONE', *, *, #1978, .T. ) ;
#4625 = LINE ( 'NONE', #7443, #8862 ) ;
#4626 = PRESENTATION_LAYER_ASSIGNMENT (  '', '', ( #2701 ) ) ;
#4627 = ADVANCED_FACE ( 'NONE', ( #2714 ), #6373, .T. ) ;
#4628 = PLANE ( 'NONE',  #7199 ) ;
#4629 = VERTEX_POINT ( 'NONE', #8349 ) ;
#4630 = ADVANCED_FACE ( 'NONE', ( #2003 ), #4848, .T. ) ;
#4631 = EDGE_CURVE ( 'NONE', #7220, #3343, #2752, .T. ) ;
#4632 = EDGE_LOOP ( 'NONE', ( #6640, #6566, #1143, #199 ) ) ;
#4633 = CARTESIAN_POINT ( 'NONE',  ( 7.500000000000000000, 1.000000000000000000, -0.7499999999999997780 ) ) ;
#4634 = FACE_OUTER_BOUND ( 'NONE', #1362, .T. ) ;
#4635 = FACE_OUTER_BOUND ( 'NONE', #2058, .T. ) ;
#4636 = EDGE_CURVE ( 'NONE', #8681, #4778, #7711, .T. ) ;
#4637 = CARTESIAN_POINT ( 'NONE',  ( 0.000000000000000000, 1.899999999999999911, -7.299999999999999822 ) ) ;
#4638 = ORIENTED_EDGE ( 'NONE', *, *, #7223, .T. ) ;
#4639 = EDGE_CURVE ( 'NONE', #8185, #4541, #835, .T. ) ;
#4640 = DIRECTION ( 'NONE',  ( -1.000000000000000000, 0.000000000000000000, -0.000000000000000000 ) ) ;
#4641 = LINE ( 'NONE', #3856, #5295 ) ;
#4642 = APPLICATION_PROTOCOL_DEFINITION ( 'draft international standard', 'automotive_design', 1998, #7040 ) ;
#4643 = AXIS2_PLACEMENT_3D ( 'NONE', #2607, #6971, #5447 ) ;
#4644 = ADVANCED_FACE ( 'NONE', ( #2139 ), #5852, .F. ) ;
#4645 = ORIENTED_EDGE ( 'NONE', *, *, #2836, .F. ) ;
#4646 = ORIENTED_EDGE ( 'NONE', *, *, #3768, .F. ) ;
#4647 = DIRECTION ( 'NONE',  ( 0.000000000000000000, 0.000000000000000000, 1.000000000000000000 ) ) ;
#4648 = DIRECTION ( 'NONE',  ( -1.000000000000000000, 0.000000000000000000, 0.000000000000000000 ) ) ;
#4649 = PRODUCT ( 'SAM-M8Q-0-10_13', 'SAM-M8Q-0-10_13', '', ( #5890 ) ) ;
#4650 = CARTESIAN_POINT ( 'NONE',  ( 7.750000000000001776, 1.000000000000000000, -7.750000000000003553 ) ) ;
#4651 = CARTESIAN_POINT ( 'NONE',  ( -7.500000000000000000, 1.000000000000000000, 1.149999999999998579 ) ) ;
#4652 = DIRECTION ( 'NONE',  ( -0.000000000000000000, -1.000000000000000000, 0.000000000000000000 ) ) ;
#4653 =( NAMED_UNIT ( * ) PLANE_ANGLE_UNIT ( ) SI_UNIT ( $, .RADIAN. ) );
#4654 = CARTESIAN_POINT ( 'NONE',  ( -1.149999999999999689, 0.000000000000000000, 7.500000000000000000 ) ) ;
#4655 = ORIENTED_EDGE ( 'NONE', *, *, #3505, .F. ) ;
#4656 = CARTESIAN_POINT ( 'NONE',  ( -7.500000000000000000, 2.399999999999999467, 6.000000000000000000 ) ) ;
#4657 = CARTESIAN_POINT ( 'NONE',  ( 1.150000000000000355, 1.000000000000000000, -5.700000000000000178 ) ) ;
#4658 = DIRECTION ( 'NONE',  ( 0.000000000000000000, 0.000000000000000000, -1.000000000000000000 ) ) ;
#4659 = DIRECTION ( 'NONE',  ( 0.000000000000000000, -0.000000000000000000, -1.000000000000000000 ) ) ;
#4660 = CIRCLE ( 'NONE', #4957, 0.9999999999999995559 ) ;
#4661 = ORIENTED_EDGE ( 'NONE', *, *, #9087, .F. ) ;
#4662 = CARTESIAN_POINT ( 'NONE',  ( -1.149999999999999245, 1.000000000000000000, -5.700000000000000178 ) ) ;
#4663 = EDGE_LOOP ( 'NONE', ( #7431, #1871, #5178, #4427 ) ) ;
#4664 = ORIENTED_EDGE ( 'NONE', *, *, #2271, .T. ) ;
#4665 = FACE_OUTER_BOUND ( 'NONE', #2092, .T. ) ;
#4666 = VECTOR ( 'NONE', #7519, 1000.000000000000000 ) ;
#4667 = CYLINDRICAL_SURFACE ( 'NONE', #2042, 0.5000000000000004441 ) ;
#4668 = DIRECTION ( 'NONE',  ( -1.000000000000000000, -0.000000000000000000, -0.000000000000000000 ) ) ;
#4669 = SURFACE_SIDE_STYLE ('',( #6801 ) ) ;
#4670 = DIRECTION ( 'NONE',  ( -1.000000000000000000, 0.000000000000000000, -1.204669080539449837E-16 ) ) ;
#4671 = VERTEX_POINT ( 'NONE', #6592 ) ;
#4672 = LINE ( 'NONE', #5185, #6220 ) ;
#4673 = SHAPE_REPRESENTATION ( 'SAM-M8Q-0-10_21', ( #2096 ), #768 ) ;
#4674 = CARTESIAN_POINT ( 'NONE',  ( 6.000000000000000000, 1.899999999999999689, 6.999999999999999112 ) ) ;
#4675 = CARTESIAN_POINT ( 'NONE',  ( 7.500000000000000888, 6.299999999999999822, -6.878679656440356283 ) ) ;
#4676 = ORIENTED_EDGE ( 'NONE', *, *, #2536, .T. ) ;
#4677 = EDGE_LOOP ( 'NONE', ( #7579, #7880, #6652, #3052 ) ) ;
#4678 = DIRECTION ( 'NONE',  ( 1.000000000000000000, -0.000000000000000000, 0.000000000000000000 ) ) ;
#4679 = CARTESIAN_POINT ( 'NONE',  ( 0.7500000000000008882, 1.000000000000000000, -5.700000000000000178 ) ) ;
#4680 = CARTESIAN_POINT ( 'NONE',  ( 4.550000000000003375, 3.343074902771997259, -2.192497726581800660E-15 ) ) ;
#4681 = DIRECTION ( 'NONE',  ( 1.000000000000000000, 0.000000000000000000, -0.000000000000000000 ) ) ;
#4682 = UNCERTAINTY_MEASURE_WITH_UNIT (LENGTH_MEASURE( 1.000000000000000082E-05 ), #230, 'distance_accuracy_value', 'NONE');
#4683 = EDGE_LOOP ( 'NONE', ( #4217, #3623, #6869, #6001 ) ) ;
#4684 = VECTOR ( 'NONE', #1001, 1000.000000000000000 ) ;
#4685 =( REPRESENTATION_RELATIONSHIP ('NONE','NONE', #464, #3772 ) REPRESENTATION_RELATIONSHIP_WITH_TRANSFORMATION ( #6178 )SHAPE_REPRESENTATION_RELATIONSHIP( ) );
#4686 = DIRECTION ( 'NONE',  ( 0.000000000000000000, -1.000000000000000000, 0.000000000000000000 ) ) ;
#4688 = EDGE_CURVE ( 'NONE', #849, #3461, #3062, .T. ) ;
#4687 = LINE ( 'NONE', #2549, #7506 ) ;
#4689 = ITEM_DEFINED_TRANSFORMATION ( 'NONE', 'NONE', #8023,  #2096 ) ;
#4690 = EDGE_CURVE ( 'NONE', #1278, #4932, #6507, .T. ) ;
#4691 = ADVANCED_BREP_SHAPE_REPRESENTATION ( '', ( #2908, #2096 ), #3451 ) ;
#4692 = ORIENTED_EDGE ( 'NONE', *, *, #8385, .T. ) ;
#4693 = EDGE_LOOP ( 'NONE', ( #4918, #7122, #8373, #224, #4566, #6328 ) ) ;
#4694 = CARTESIAN_POINT ( 'NONE',  ( -3.750000000000001332, -7.635028842544401506, 4.750000000000000000 ) ) ;
#4695 = LINE ( 'NONE', #151, #4184 ) ;
#4696 = CARTESIAN_POINT ( 'NONE',  ( -2.649999999999999467, 1.000000000000000000, 0.000000000000000000 ) ) ;
#4697 = LINE ( 'NONE', #606, #4255 ) ;
#4698 = DIRECTION ( 'NONE',  ( 0.000000000000000000, 0.000000000000000000, -1.000000000000000000 ) ) ;
#4699 = DIRECTION ( 'NONE',  ( 0.000000000000000000, -1.000000000000000000, 0.000000000000000000 ) ) ;
#4700 = VERTEX_POINT ( 'NONE', #7796 ) ;
#4701 = PRODUCT_RELATED_PRODUCT_CATEGORY ( 'part', '', ( #8766 ) ) ;
#4702 = CARTESIAN_POINT ( 'NONE',  ( 4.500000000000000888, 0.000000000000000000, 4.499999999999999112 ) ) ;
#4703 = AXIS2_PLACEMENT_3D ( 'NONE', #8416, #8506, #4258 ) ;
#4704 = AXIS2_PLACEMENT_3D ( 'NONE', #3199, #7463, #1709 ) ;
#4705 = LINE ( 'NONE', #5361, #3682 ) ;
#4706 = PLANE ( 'NONE',  #5855 ) ;
#4707 = LINE ( 'NONE', #1122, #8637 ) ;
#4708 = VECTOR ( 'NONE', #3863, 1000.000000000000000 ) ;
#4709 = ORIENTED_EDGE ( 'NONE', *, *, #3361, .F. ) ;
#4710 = AXIS2_PLACEMENT_3D ( 'NONE', #3126, #4619, #251 ) ;
#4711 = DIRECTION ( 'NONE',  ( 0.000000000000000000, -0.000000000000000000, 1.000000000000000000 ) ) ;
#4712 = AXIS2_PLACEMENT_3D ( 'NONE', #5663, #9079, #8469 ) ;
#4713 = ORIENTED_EDGE ( 'NONE', *, *, #9009, .F. ) ;
#4714 = EDGE_LOOP ( 'NONE', ( #4183, #4496, #5991, #4491 ) ) ;
#4715 = LINE ( 'NONE', #4114, #1142 ) ;
#4716 = VECTOR ( 'NONE', #6062, 1000.000000000000000 ) ;
#4717 = VECTOR ( 'NONE', #2673, 1000.000000000000000 ) ;
#4718 = EDGE_CURVE ( 'NONE', #5862, #6752, #883, .T. ) ;
#4719 = CARTESIAN_POINT ( 'NONE',  ( 3.049999999999999822, 1.000000000000000000, 5.700000000000000178 ) ) ;
#4720 = DIRECTION ( 'NONE',  ( 0.000000000000000000, -0.000000000000000000, -1.000000000000000000 ) ) ;
#4721 = CARTESIAN_POINT ( 'NONE',  ( 0.000000000000000000, 6.799999999999999822, 1.200000000000000178 ) ) ;
#4722 = FACE_OUTER_BOUND ( 'NONE', #6015, .T. ) ;
#4723 = VERTEX_POINT ( 'NONE', #5768 ) ;
#4724 = CARTESIAN_POINT ( 'NONE',  ( -5.700000000000001066, 0.000000000000000000, 3.049999999999998934 ) ) ;
#4725 =( REPRESENTATION_RELATIONSHIP ('NONE','NONE', #464, #2064 ) REPRESENTATION_RELATIONSHIP_WITH_TRANSFORMATION ( #2113 )SHAPE_REPRESENTATION_RELATIONSHIP( ) );
#4726 = CARTESIAN_POINT ( 'NONE',  ( 6.000000000000002665, 6.800000000000000711, -7.292893218813452094 ) ) ;
#4727 = ORIENTED_EDGE ( 'NONE', *, *, #5843, .F. ) ;
#4728 = VECTOR ( 'NONE', #2140, 1000.000000000000000 ) ;
#4729 = EDGE_CURVE ( 'NONE', #2115, #5177, #5901, .T. ) ;
#4730 = MECHANICAL_DESIGN_GEOMETRIC_PRESENTATION_REPRESENTATION (  '', ( #1008 ), #7966 ) ;
#4731 = ORIENTED_EDGE ( 'NONE', *, *, #2864, .F. ) ;
#4732 = LINE ( 'NONE', #264, #2444 ) ;
#4733 = DIRECTION ( 'NONE',  ( 1.000000000000000000, 0.000000000000000000, 0.000000000000000000 ) ) ;
#4734 = CARTESIAN_POINT ( 'NONE',  ( -7.500000000000000000, 1.000000000000000000, -0.7500000000000015543 ) ) ;
#4735 = AXIS2_PLACEMENT_3D ( 'NONE', #1912, #4062, #2568 ) ;
#4736 = EDGE_LOOP ( 'NONE', ( #5210, #6184, #3409, #1069 ) ) ;
#4737 = LINE ( 'NONE', #6077, #7920 ) ;
#4738 = MECHANICAL_DESIGN_GEOMETRIC_PRESENTATION_REPRESENTATION (  '', ( #1170 ), #7827 ) ;
#4739 = LINE ( 'NONE', #7556, #8669 ) ;
#4740 = CONTEXT_DEPENDENT_SHAPE_REPRESENTATION ( #6086, #5711 ) ;
#4741 = ORIENTED_EDGE ( 'NONE', *, *, #5072, .F. ) ;
#4742 = ORIENTED_EDGE ( 'NONE', *, *, #6812, .F. ) ;
#4743 = CARTESIAN_POINT ( 'NONE',  ( -7.500000000000000000, 6.299999999999999822, 6.000000000000000000 ) ) ;
#4744 = EDGE_CURVE ( 'NONE', #7656, #2197, #4983, .T. ) ;
#4745 = PLANE ( 'NONE',  #6545 ) ;
#4746 = VERTEX_POINT ( 'NONE', #8657 ) ;
#4747 = EDGE_CURVE ( 'NONE', #3343, #8071, #1446, .T. ) ;
#4748 = DIRECTION ( 'NONE',  ( -0.000000000000000000, 0.000000000000000000, 1.000000000000000000 ) ) ;
#4749 = LINE ( 'NONE', #9000, #4551 ) ;
#4750 = CARTESIAN_POINT ( 'NONE',  ( -4.549999999999998934, 0.000000000000000000, 0.000000000000000000 ) ) ;
#4751 = DIRECTION ( 'NONE',  ( 1.000000000000000000, 0.000000000000000000, 0.000000000000000000 ) ) ;
#4752 = DIRECTION ( 'NONE',  ( 1.000000000000000000, 0.000000000000000000, 5.782411586589355667E-16 ) ) ;
#4753 = ORIENTED_EDGE ( 'NONE', *, *, #3086, .T. ) ;
#4754 = ADVANCED_FACE ( 'NONE', ( #4281 ), #8578, .F. ) ;
#4755 = VECTOR ( 'NONE', #2288, 1000.000000000000000 ) ;
#4756 = LINE ( 'NONE', #3404, #3020 ) ;
#4757 = EDGE_CURVE ( 'NONE', #2164, #8765, #5071, .T. ) ;
#4758 = CARTESIAN_POINT ( 'NONE',  ( 4.749999999999999112, 6.800000000000000711, -3.750000000000000000 ) ) ;
#4759 = CARTESIAN_POINT ( 'NONE',  ( 0.000000000000000000, 6.799999999999999822, 0.8000000000000000444 ) ) ;
#4760 = CARTESIAN_POINT ( 'NONE',  ( -6.200000000000001066, 1.800000000000000266, -7.299999999999999822 ) ) ;
#4761 = EDGE_CURVE ( 'NONE', #3100, #8526, #2975, .T. ) ;
#4762 = ORIENTED_EDGE ( 'NONE', *, *, #5651, .F. ) ;
#4763 = CARTESIAN_POINT ( 'NONE',  ( 0.000000000000000000, 0.000000000000000000, 5.700000000000000178 ) ) ;
#4764 = ORIENTED_EDGE ( 'NONE', *, *, #5022, .F. ) ;
#4765 = ORIENTED_EDGE ( 'NONE', *, *, #659, .T. ) ;
#4766 = CARTESIAN_POINT ( 'NONE',  ( 5.700000000000000178, 1.000000000000000000, -2.649999999999999911 ) ) ;
#4767 = LINE ( 'NONE', #7583, #5894 ) ;
#4768 = CARTESIAN_POINT ( 'NONE',  ( -1.149999999999999023, 1.000000000000000000, -7.500000000000000000 ) ) ;
#4769 = LINE ( 'NONE', #8274, #7801 ) ;
#4770 = LINE ( 'NONE', #6944, #6808 ) ;
#4771 = SURFACE_STYLE_USAGE ( .BOTH. , #7740 ) ;
#4772 = CARTESIAN_POINT ( 'NONE',  ( 0.000000000000000000, 1.000000000000000000, 1.149999999999998801 ) ) ;
#4773 = EDGE_CURVE ( 'NONE', #7254, #715, #1488, .T. ) ;
#4774 = VECTOR ( 'NONE', #3564, 1000.000000000000000 ) ;
#4775 = VERTEX_POINT ( 'NONE', #4328 ) ;
#4776 = EDGE_CURVE ( 'NONE', #7502, #5622, #7147, .T. ) ;
#4777 = AXIS2_PLACEMENT_3D ( 'NONE', #3666, #5752, #6491 ) ;
#4778 = VERTEX_POINT ( 'NONE', #103 ) ;
#4779 = CARTESIAN_POINT ( 'NONE',  ( 0.000000000000000000, 1.000000000000000000, -5.700000000000000178 ) ) ;
#4780 = DIRECTION ( 'NONE',  ( 1.734723475976806848E-16, -0.000000000000000000, -1.000000000000000000 ) ) ;
#4781 = CARTESIAN_POINT ( 'NONE',  ( 7.500000000000000000, 3.343074902771997259, 0.000000000000000000 ) ) ;
#4782 =( GEOMETRIC_REPRESENTATION_CONTEXT ( 3 ) GLOBAL_UNCERTAINTY_ASSIGNED_CONTEXT ( ( #5431 ) ) GLOBAL_UNIT_ASSIGNED_CONTEXT ( ( #8825, #7403, #3284 ) ) REPRESENTATION_CONTEXT ( 'NONE', 'WORKASPACE' ) );
#4783 = SURFACE_SIDE_STYLE ('',( #3429 ) ) ;
#4784 = PRODUCT_DEFINITION_CONTEXT ( 'detailed design', #4326, 'design' ) ;
#4785 = VERTEX_POINT ( 'NONE', #8618 ) ;
#4786 = FACE_OUTER_BOUND ( 'NONE', #1838, .T. ) ;
#4787 = ORIENTED_EDGE ( 'NONE', *, *, #2711, .F. ) ;
#4788 = ORIENTED_EDGE ( 'NONE', *, *, #8707, .F. ) ;
#4789 = CARTESIAN_POINT ( 'NONE',  ( -7.500000000000000000, 1.899999999999985034, -6.000000000000000000 ) ) ;
#4790 = VERTEX_POINT ( 'NONE', #2270 ) ;
#4791 =( GEOMETRIC_REPRESENTATION_CONTEXT ( 3 ) GLOBAL_UNCERTAINTY_ASSIGNED_CONTEXT ( ( #6427 ) ) GLOBAL_UNIT_ASSIGNED_CONTEXT ( ( #4502, #6088, #7520 ) ) REPRESENTATION_CONTEXT ( 'NONE', 'WORKASPACE' ) );
#4792 = CARTESIAN_POINT ( 'NONE',  ( -6.000000000000000000, 2.399999999999999467, 6.999999999999999112 ) ) ;
#4793 = CARTESIAN_POINT ( 'NONE',  ( -2.649999999999999467, 1.000000000000000000, -7.500000000000000000 ) ) ;
#4794 = CARTESIAN_POINT ( 'NONE',  ( 0.000000000000000000, 0.000000000000000000, 0.000000000000000000 ) ) ;
#4795 = EDGE_LOOP ( 'NONE', ( #6586, #8832, #3815, #6309 ) ) ;
#4796 = AXIS2_PLACEMENT_3D ( 'NONE', #3446, #1906, #4751 ) ;
#4797 = LINE ( 'NONE', #2662, #7531 ) ;
#4798 = LINE ( 'NONE', #7611, #5887 ) ;
#4799 = EDGE_CURVE ( 'NONE', #2485, #3420, #1140, .T. ) ;
#4800 = LINE ( 'NONE', #7612, #3502 ) ;
#4801 = EDGE_CURVE ( 'NONE', #5425, #1635, #6420, .T. ) ;
#4802 = CARTESIAN_POINT ( 'NONE',  ( -0.7499999999999995559, 1.000000000000000000, -5.700000000000000178 ) ) ;
#4803 = ORIENTED_EDGE ( 'NONE', *, *, #2072, .F. ) ;
#4804 = CARTESIAN_POINT ( 'NONE',  ( -7.749999999999998224, 1.899999999999999911, 7.750000000000000000 ) ) ;
#4805 = EDGE_CURVE ( 'NONE', #3646, #2504, #5162, .T. ) ;
#4806 = ADVANCED_BREP_SHAPE_REPRESENTATION ( '', ( #6160, #2096 ), #7130 ) ;
#4807 = EDGE_LOOP ( 'NONE', ( #8351, #8310, #8125, #7188 ) ) ;
#4808 = ORIENTED_EDGE ( 'NONE', *, *, #8924, .T. ) ;
#4809 = CARTESIAN_POINT ( 'NONE',  ( -7.500000000000000000, 1.000000000000000000, 0.000000000000000000 ) ) ;
#4810 = APPLICATION_CONTEXT ( 'automotive_design' ) ;
#4811 = DIRECTION ( 'NONE',  ( 0.000000000000000000, 0.000000000000000000, 1.000000000000000000 ) ) ;
#4812 = SURFACE_STYLE_FILL_AREA ( #3464 ) ;
#4813 = DIRECTION ( 'NONE',  ( 1.000000000000000000, 0.000000000000000000, 0.000000000000000000 ) ) ;
#4814 = CARTESIAN_POINT ( 'NONE',  ( 4.898587196589413692E-17, 5.799999999999998934, 0.3999999999999999667 ) ) ;
#4815 =( LENGTH_UNIT ( ) NAMED_UNIT ( * ) SI_UNIT ( .MILLI., .METRE. ) );
#4816 = EDGE_LOOP ( 'NONE', ( #5944, #6118, #1139, #7730 ) ) ;
#4817 = FACE_OUTER_BOUND ( 'NONE', #5833, .T. ) ;
#4818 = VERTEX_POINT ( 'NONE', #4457 ) ;
#4819 = AXIS2_PLACEMENT_3D ( 'NONE', #5850, #8655, #2318 ) ;
#4820 = AXIS2_PLACEMENT_3D ( 'NONE', #4396, #7224, #3712 ) ;
#4821 = PRODUCT_RELATED_PRODUCT_CATEGORY ( 'part', '', ( #3825 ) ) ;
#4822 = ORIENTED_EDGE ( 'NONE', *, *, #2598, .T. ) ;
#4823 = DIRECTION ( 'NONE',  ( -0.000000000000000000, -1.000000000000000000, -0.000000000000000000 ) ) ;
#4824 = CARTESIAN_POINT ( 'NONE',  ( -0.7500000000000002220, 3.343074902771997259, 5.700000000000000178 ) ) ;
#4825 = CARTESIAN_POINT ( 'NONE',  ( 7.500000000000000000, 0.000000000000000000, 2.650000000000000799 ) ) ;
#4826 = VERTEX_POINT ( 'NONE', #7288 ) ;
#4827 = VECTOR ( 'NONE', #4659, 1000.000000000000000 ) ;
#4828 = LINE ( 'NONE', #5656, #3056 ) ;
#4829 = CONTEXT_DEPENDENT_SHAPE_REPRESENTATION ( #2783, #75 ) ;
#4830 = ORIENTED_EDGE ( 'NONE', *, *, #6128, .F. ) ;
#4831 = EDGE_LOOP ( 'NONE', ( #673, #9086, #6347, #1696 ) ) ;
#4832 = LINE ( 'NONE', #5056, #4858 ) ;
#4833 = PRESENTATION_LAYER_ASSIGNMENT (  '', '', ( #8512 ) ) ;
#4834 = DIRECTION ( 'NONE',  ( 0.000000000000000000, 0.000000000000000000, 1.000000000000000000 ) ) ;
#4835 = ADVANCED_FACE ( 'NONE', ( #925 ), #3766, .F. ) ;
#4836 = ORIENTED_EDGE ( 'NONE', *, *, #6934, .F. ) ;
#4837 = DIRECTION ( 'NONE',  ( 0.000000000000000000, 1.000000000000000000, 0.000000000000000000 ) ) ;
#4838 = FILL_AREA_STYLE_COLOUR ( '', #8947 ) ;
#4839 = DIRECTION ( 'NONE',  ( 0.000000000000000000, 0.000000000000000000, 1.000000000000000000 ) ) ;
#4840 = ORIENTED_EDGE ( 'NONE', *, *, #7618, .T. ) ;
#4841 = VECTOR ( 'NONE', #4934, 1000.000000000000000 ) ;
#4842 = ADVANCED_FACE ( 'NONE', ( #3858 ), #3158, .T. ) ;
#4843 = PRODUCT_DEFINITION_CONTEXT ( 'detailed design', #5921, 'design' ) ;
#4844 = CARTESIAN_POINT ( 'NONE',  ( -4.549999999999999822, 1.000000000000000000, 5.699999999999999289 ) ) ;
#4845 = LINE ( 'NONE', #9007, #7187 ) ;
#4846 = DIRECTION ( 'NONE',  ( -0.000000000000000000, 0.000000000000000000, -1.000000000000000000 ) ) ;
#4847 = VERTEX_POINT ( 'NONE', #5400 ) ;
#4848 = PLANE ( 'NONE',  #398 ) ;
#4849 = ORIENTED_EDGE ( 'NONE', *, *, #1340, .F. ) ;
#4850 = AXIS2_PLACEMENT_3D ( 'NONE', #4156, #7577, #9140 ) ;
#4851 = VERTEX_POINT ( 'NONE', #3201 ) ;
#4852 = DIRECTION ( 'NONE',  ( 0.000000000000000000, 1.000000000000000000, -0.000000000000000000 ) ) ;
#4853 = DIRECTION ( 'NONE',  ( 0.000000000000000000, 0.000000000000000000, -1.000000000000000000 ) ) ;
#4854 = CLOSED_SHELL ( 'NONE', ( #7048, #4967, #909, #3253, #6529, #1039 ) ) ;
#4855 = EDGE_CURVE ( 'NONE', #7554, #2843, #3111, .T. ) ;
#4856 = DIRECTION ( 'NONE',  ( 0.000000000000000000, 1.000000000000000000, 0.000000000000000000 ) ) ;
#4857 = AXIS2_PLACEMENT_3D ( 'NONE', #3259, #3309, #1021 ) ;
#4858 = VECTOR ( 'NONE', #7865, 1000.000000000000000 ) ;
#4859 = DIRECTION ( 'NONE',  ( 1.000000000000000000, 0.000000000000000000, 0.000000000000000000 ) ) ;
#4860 = CARTESIAN_POINT ( 'NONE',  ( 0.000000000000000000, 0.000000000000000000, 0.000000000000000000 ) ) ;
#4861 = ORIENTED_EDGE ( 'NONE', *, *, #3323, .T. ) ;
#4862 = AXIS2_PLACEMENT_3D ( 'NONE', #1842, #6910, #456 ) ;
#4863 = DIRECTION ( 'NONE',  ( 1.000000000000000000, 0.000000000000000000, 0.000000000000000000 ) ) ;
#4864 = ORIENTED_EDGE ( 'NONE', *, *, #425, .T. ) ;
#4865 = AXIS2_PLACEMENT_3D ( 'NONE', #4014, #9006, #5404 ) ;
#4866 = APPLICATION_CONTEXT ( 'automotive_design' ) ;
#4867 = VECTOR ( 'NONE', #583, 1000.000000000000000 ) ;
#4868 = EDGE_LOOP ( 'NONE', ( #686, #646, #4244, #894 ) ) ;
#4869 = LINE ( 'NONE', #8455, #2075 ) ;
#4870 = DIRECTION ( 'NONE',  ( 0.000000000000000000, 1.000000000000000000, 0.000000000000000000 ) ) ;
#4871 = PLANE ( 'NONE',  #7680 ) ;
#4872 = LINE ( 'NONE', #7594, #8595 ) ;
#4873 = ORIENTED_EDGE ( 'NONE', *, *, #2116, .F. ) ;
#4874 = LINE ( 'NONE', #3476, #690 ) ;
#4875 = ADVANCED_FACE ( 'NONE', ( #8757 ), #2414, .T. ) ;
#4876 = VECTOR ( 'NONE', #6603, 1000.000000000000000 ) ;
#4877 = ORIENTED_EDGE ( 'NONE', *, *, #2814, .T. ) ;
#4878 = ORIENTED_EDGE ( 'NONE', *, *, #2914, .T. ) ;
#4879 = LINE ( 'NONE', #2120, #696 ) ;
#4880 = CARTESIAN_POINT ( 'NONE',  ( 0.000000000000000000, 0.000000000000000000, 0.000000000000000000 ) ) ;
#4881 = ORIENTED_EDGE ( 'NONE', *, *, #707, .F. ) ;
#4882 = AXIS2_PLACEMENT_3D ( 'NONE', #2074, #1376, #4086 ) ;
#4883 = SURFACE_STYLE_USAGE ( .BOTH. , #7564 ) ;
#4884 = DIRECTION ( 'NONE',  ( -1.000000000000000000, 0.000000000000000000, -0.000000000000000000 ) ) ;
#4885 = EDGE_CURVE ( 'NONE', #5590, #6212, #6687, .T. ) ;
#4886 = DIRECTION ( 'NONE',  ( 0.000000000000000000, 0.000000000000000000, 1.000000000000000000 ) ) ;
#4887 = VECTOR ( 'NONE', #6898, 1000.000000000000000 ) ;
#4888 = ORIENTED_EDGE ( 'NONE', *, *, #4230, .F. ) ;
#4889 = ADVANCED_FACE ( 'NONE', ( #2457 ), #4554, .T. ) ;
#4890 = DIRECTION ( 'NONE',  ( 0.000000000000000000, -1.000000000000000000, -0.000000000000000000 ) ) ;
#4891 = DIRECTION ( 'NONE',  ( -1.000000000000000000, -0.000000000000000000, -0.000000000000000000 ) ) ;
#4892 = DIRECTION ( 'NONE',  ( -0.000000000000000000, -1.000000000000000000, -0.000000000000000000 ) ) ;
#4893 = ORIENTED_EDGE ( 'NONE', *, *, #6186, .T. ) ;
#4894 = EDGE_CURVE ( 'NONE', #6127, #5820, #7326, .T. ) ;
#4895 = CARTESIAN_POINT ( 'NONE',  ( -7.500000000000000888, 1.000000000000000000, 2.649999999999999023 ) ) ;
#4896 = EDGE_LOOP ( 'NONE', ( #4279, #7277, #8291, #7386 ) ) ;
#4897 = VECTOR ( 'NONE', #4950, 1000.000000000000000 ) ;
#4898 = PRODUCT_DEFINITION_SHAPE ( 'NONE', 'NONE',  #9165 ) ;
#4899 = EDGE_CURVE ( 'NONE', #786, #7332, #7422, .T. ) ;
#4900 = CARTESIAN_POINT ( 'NONE',  ( 0.000000000000000000, 3.343074902771997259, 3.050000000000001599 ) ) ;
#4901 = DIRECTION ( 'NONE',  ( 0.000000000000000000, -0.000000000000000000, -1.000000000000000000 ) ) ;
#4902 = FILL_AREA_STYLE_COLOUR ( '', #5030 ) ;
#4903 = EDGE_CURVE ( 'NONE', #5352, #775, #7380, .T. ) ;
#4904 = DIRECTION ( 'NONE',  ( 0.000000000000000000, 1.000000000000000000, 0.000000000000000000 ) ) ;
#4905 = CARTESIAN_POINT ( 'NONE',  ( -3.049999999999998934, 1.000000000000000000, -7.500000000000000000 ) ) ;
#4906 = PLANE ( 'NONE',  #4321 ) ;
#4907 = ORIENTED_EDGE ( 'NONE', *, *, #2992, .T. ) ;
#4908 = CARTESIAN_POINT ( 'NONE',  ( 0.7500000000000002220, 1.000000000000000000, 7.500000000000000000 ) ) ;
#4909 = ORIENTED_EDGE ( 'NONE', *, *, #454, .T. ) ;
#4910 = ORIENTED_EDGE ( 'NONE', *, *, #5159, .T. ) ;
#4911 = CARTESIAN_POINT ( 'NONE',  ( 0.000000000000000000, 0.000000000000000000, 0.000000000000000000 ) ) ;
#4912 = CARTESIAN_POINT ( 'NONE',  ( 5.700000000000000178, 1.000000000000000000, -3.049999999999999378 ) ) ;
#4913 = LINE ( 'NONE', #2684, #8557 ) ;
#4914 = ORIENTED_EDGE ( 'NONE', *, *, #2695, .F. ) ;
#4915 = FACE_OUTER_BOUND ( 'NONE', #848, .T. ) ;
#4916 = EDGE_CURVE ( 'NONE', #7327, #3918, #5307, .T. ) ;
#4917 = ADVANCED_FACE ( 'NONE', ( #8113 ), #3905, .T. ) ;
#4918 = ORIENTED_EDGE ( 'NONE', *, *, #7618, .F. ) ;
#4919 = VECTOR ( 'NONE', #3704, 1000.000000000000000 ) ;
#4920 = ADVANCED_FACE ( 'NONE', ( #6835, #1074 ), #7521, .T. ) ;
#4921 = VERTEX_POINT ( 'NONE', #1168 ) ;
#4922 = ADVANCED_BREP_SHAPE_REPRESENTATION ( '', ( #9142, #2096 ), #5227 ) ;
#4923 = EDGE_CURVE ( 'NONE', #8216, #8689, #1762, .T. ) ;
#4924 = VECTOR ( 'NONE', #8075, 1000.000000000000000 ) ;
#4925 = FACE_BOUND ( 'NONE', #4194, .T. ) ;
#4926 = EDGE_CURVE ( 'NONE', #827, #2765, #8857, .T. ) ;
#4927 = EDGE_LOOP ( 'NONE', ( #3470, #8126, #5880, #291 ) ) ;
#4928 = COLOUR_RGB ( '',0.5019607843137254832, 0.5019607843137254832, 0.000000000000000000 ) ;
#4929 = ADVANCED_FACE ( 'NONE', ( #3956 ), #6780, .F. ) ;
#4930 = LINE ( 'NONE', #5242, #8387 ) ;
#4931 = DIRECTION ( 'NONE',  ( 0.000000000000000000, 0.000000000000000000, 1.000000000000000000 ) ) ;
#4932 = VERTEX_POINT ( 'NONE', #4654 ) ;
#4933 = CARTESIAN_POINT ( 'NONE',  ( 7.499999999999999112, 1.000000000000000000, 3.050000000000001599 ) ) ;
#4934 = DIRECTION ( 'NONE',  ( -1.301042606982605321E-16, -0.000000000000000000, 1.000000000000000000 ) ) ;
#4935 = DIRECTION ( 'NONE',  ( 1.000000000000000000, 0.000000000000000000, 0.000000000000000000 ) ) ;
#4936 =( LENGTH_UNIT ( ) NAMED_UNIT ( * ) SI_UNIT ( .MILLI., .METRE. ) );
#4937 = EDGE_LOOP ( 'NONE', ( #3088, #1316, #5377, #3466 ) ) ;
#4938 = CARTESIAN_POINT ( 'NONE',  ( 7.750000000000001776, 1.000000000000000000, 7.750000000000000000 ) ) ;
#4939 = AXIS2_PLACEMENT_3D ( 'NONE', #2700, #4886, #8253 ) ;
#4940 = ORIENTED_EDGE ( 'NONE', *, *, #143, .T. ) ;
#4941 = DIRECTION ( 'NONE',  ( 1.000000000000000000, 0.000000000000000000, 0.000000000000000000 ) ) ;
#4942 = DIRECTION ( 'NONE',  ( 0.000000000000000000, 0.000000000000000000, -1.000000000000000000 ) ) ;
#4943 = LINE ( 'NONE', #7059, #3952 ) ;
#4944 = DIRECTION ( 'NONE',  ( -1.000000000000000000, 0.000000000000000000, -0.000000000000000000 ) ) ;
#4945 = DIRECTION ( 'NONE',  ( -4.818676322157799347E-16, 0.000000000000000000, -1.000000000000000000 ) ) ;
#4946 = ORIENTED_EDGE ( 'NONE', *, *, #2703, .F. ) ;
#4947 = CARTESIAN_POINT ( 'NONE',  ( -0.7500000000000002220, 3.343074902771997259, 7.500000000000000000 ) ) ;
#4948 = ORIENTED_EDGE ( 'NONE', *, *, #4176, .F. ) ;
#4949 = VERTEX_POINT ( 'NONE', #7466 ) ;
#4950 = DIRECTION ( 'NONE',  ( -1.000000000000000000, -0.000000000000000000, 0.000000000000000000 ) ) ;
#4951 = CARTESIAN_POINT ( 'NONE',  ( 0.000000000000000000, 0.000000000000000000, -7.500000000000001776 ) ) ;
#4952 = CYLINDRICAL_SURFACE ( 'NONE', #3397, 0.9999999999999995559 ) ;
#4953 = DIRECTION ( 'NONE',  ( -1.000000000000000000, 0.000000000000000000, 0.000000000000000000 ) ) ;
#4954 = VERTEX_POINT ( 'NONE', #1711 ) ;
#4955 = LINE ( 'NONE', #6397, #8243 ) ;
#4956 = STYLED_ITEM ( 'NONE', ( #92 ), #8465 ) ;
#4957 = AXIS2_PLACEMENT_3D ( 'NONE', #4702, #2516, #1172 ) ;
#4958 = ORIENTED_EDGE ( 'NONE', *, *, #7787, .T. ) ;
#4959 = ORIENTED_EDGE ( 'NONE', *, *, #1419, .F. ) ;
#4960 = VERTEX_POINT ( 'NONE', #2608 ) ;
#4961 = CARTESIAN_POINT ( 'NONE',  ( 7.500000000000000000, 1.000000000000000000, 2.650000000000000799 ) ) ;
#4962 = DIRECTION ( 'NONE',  ( -1.000000000000000000, -0.000000000000000000, 0.000000000000000000 ) ) ;
#4963 = PRODUCT_RELATED_PRODUCT_CATEGORY ( 'part', '', ( #8816 ) ) ;
#4964 = AXIS2_PLACEMENT_3D ( 'NONE', #3823, #3315, #4846 ) ;
#4965 = DIRECTION ( 'NONE',  ( 0.000000000000000000, 1.000000000000000000, 0.000000000000000000 ) ) ;
#4966 = ORIENTED_EDGE ( 'NONE', *, *, #4603, .F. ) ;
#4967 = ADVANCED_FACE ( 'NONE', ( #5448 ), #8956, .F. ) ;
#4968 = UNCERTAINTY_MEASURE_WITH_UNIT (LENGTH_MEASURE( 1.000000000000000082E-05 ), #3087, 'distance_accuracy_value', 'NONE');
#4969 = EDGE_CURVE ( 'NONE', #5177, #6871, #7566, .T. ) ;
#4970 = CARTESIAN_POINT ( 'NONE',  ( 3.049999999999999822, 1.000000000000000000, 7.500000000000000000 ) ) ;
#4971 = PRODUCT_DEFINITION_SHAPE ( 'NONE', 'NONE',  #9170 ) ;
#4972 = CARTESIAN_POINT ( 'NONE',  ( 4.549999999999999822, 3.343074902771997259, 0.000000000000000000 ) ) ;
#4973 = CARTESIAN_POINT ( 'NONE',  ( 0.000000000000000000, 0.000000000000000000, 0.000000000000000000 ) ) ;
#4974 = EDGE_LOOP ( 'NONE', ( #1085, #2415, #4559, #6826 ) ) ;
#4975 = LINE ( 'NONE', #2183, #1726 ) ;
#4976 = DIRECTION ( 'NONE',  ( -1.000000000000000000, 0.000000000000000000, -0.000000000000000000 ) ) ;
#4977 = DIRECTION ( 'NONE',  ( -0.000000000000000000, 0.000000000000000000, 1.000000000000000000 ) ) ;
#4978 = CARTESIAN_POINT ( 'NONE',  ( 5.700000000000000178, 0.000000000000000000, -1.149999999999999467 ) ) ;
#4979 = AXIS2_PLACEMENT_3D ( 'NONE', #2467, #2373, #8214 ) ;
#4980 =( NAMED_UNIT ( * ) PLANE_ANGLE_UNIT ( ) SI_UNIT ( $, .RADIAN. ) );
#4981 = APPLICATION_CONTEXT ( 'automotive_design' ) ;
#4982 = ORIENTED_EDGE ( 'NONE', *, *, #3619, .T. ) ;
#4983 = LINE ( 'NONE', #4370, #111 ) ;
#4984 = CARTESIAN_POINT ( 'NONE',  ( -5.699999999999998401, 1.000000000000000000, -4.550000000000000711 ) ) ;
#4985 = CARTESIAN_POINT ( 'NONE',  ( 5.700000000000000178, 0.000000000000000000, -4.549999999999999822 ) ) ;
#4986 = DIRECTION ( 'NONE',  ( 0.000000000000000000, 1.000000000000000000, 0.000000000000000000 ) ) ;
#4987 = DIRECTION ( 'NONE',  ( 1.000000000000000000, 0.000000000000000000, 0.000000000000000000 ) ) ;
#4988 = LINE ( 'NONE', #7844, #1996 ) ;
#4989 =( NAMED_UNIT ( * ) PLANE_ANGLE_UNIT ( ) SI_UNIT ( $, .RADIAN. ) );
#4990 = EDGE_LOOP ( 'NONE', ( #2103, #5821, #800, #4914 ) ) ;
#4991 = CARTESIAN_POINT ( 'NONE',  ( -1.149999999999999245, 3.343074902771997259, -5.700000000000000178 ) ) ;
#4992 = EDGE_CURVE ( 'NONE', #7558, #5550, #1214, .T. ) ;
#4993 = ORIENTED_EDGE ( 'NONE', *, *, #8986, .T. ) ;
#4994 = ORIENTED_EDGE ( 'NONE', *, *, #9111, .T. ) ;
#4995 = CARTESIAN_POINT ( 'NONE',  ( 0.000000000000000000, 1.000000000000000000, 5.499999999999998224 ) ) ;
#4996 = CARTESIAN_POINT ( 'NONE',  ( 7.500000000000000000, 0.000000000000000000, -2.649999999999999911 ) ) ;
#4997 = CARTESIAN_POINT ( 'NONE',  ( 2.650000000000001243, 0.000000000000000000, -7.500000000000000000 ) ) ;
#4998 = VECTOR ( 'NONE', #1297, 1000.000000000000000 ) ;
#4999 = VECTOR ( 'NONE', #8636, 1000.000000000000000 ) ;
#5000 = PRESENTATION_STYLE_ASSIGNMENT (( #5784 ) ) ;
#5001 = VECTOR ( 'NONE', #2044, 1000.000000000000000 ) ;
#5002 = VERTEX_POINT ( 'NONE', #7987 ) ;
#5003 = DIRECTION ( 'NONE',  ( 0.000000000000000000, 1.000000000000000000, 0.000000000000000000 ) ) ;
#5004 = CARTESIAN_POINT ( 'NONE',  ( -6.000000000000000000, 6.299999999999999822, 6.000000000000000000 ) ) ;
#5005 = VECTOR ( 'NONE', #1966, 1000.000000000000000 ) ;
#5006 = AXIS2_PLACEMENT_3D ( 'NONE', #6058, #1868, #4160 ) ;
#5007 = EDGE_CURVE ( 'NONE', #6179, #4570, #8076, .T. ) ;
#5008 = ORIENTED_EDGE ( 'NONE', *, *, #8279, .T. ) ;
#5009 = VERTEX_POINT ( 'NONE', #6747 ) ;
#5010 = DIRECTION ( 'NONE',  ( 0.000000000000000000, -0.000000000000000000, -1.000000000000000000 ) ) ;
#5011 = FACE_BOUND ( 'NONE', #4228, .T. ) ;
#5012 = PLANE ( 'NONE',  #9046 ) ;
#5013 = ORIENTED_EDGE ( 'NONE', *, *, #7232, .F. ) ;
#5014 = CARTESIAN_POINT ( 'NONE',  ( 5.700000000000000178, 3.343074902771997259, 2.650000000000000799 ) ) ;
#5015 = CARTESIAN_POINT ( 'NONE',  ( -7.500000000000000000, 0.000000000000000000, -0.7500000000000015543 ) ) ;
#5016 = APPLICATION_PROTOCOL_DEFINITION ( 'draft international standard', 'automotive_design', 1998, #7334 ) ;
#5017 = ORIENTED_EDGE ( 'NONE', *, *, #2179, .F. ) ;
#5018 = AXIS2_PLACEMENT_3D ( 'NONE', #8206, #5498, #8902 ) ;
#5019 = ADVANCED_FACE ( 'NONE', ( #3035 ), #7396, .T. ) ;
#5020 = DIRECTION ( 'NONE',  ( 1.000000000000000000, 0.000000000000000000, 0.000000000000000000 ) ) ;
#5021 = VECTOR ( 'NONE', #3607, 1000.000000000000000 ) ;
#5022 = EDGE_CURVE ( 'NONE', #5266, #7304, #2429, .T. ) ;
#5023 = DIRECTION ( 'NONE',  ( -1.000000000000000000, 0.000000000000000000, -1.204669080539449837E-16 ) ) ;
#5024 = AXIS2_PLACEMENT_3D ( 'NONE', #657, #4232, #7705 ) ;
#5025 = CARTESIAN_POINT ( 'NONE',  ( 7.500000000000000000, 34.81320343559642794, 6.000000000000000000 ) ) ;
#5026 = CARTESIAN_POINT ( 'NONE',  ( 5.699999999999999289, 1.000000000000000000, 3.050000000000001599 ) ) ;
#5027 =( NAMED_UNIT ( * ) PLANE_ANGLE_UNIT ( ) SI_UNIT ( $, .RADIAN. ) );
#5028 = ORIENTED_EDGE ( 'NONE', *, *, #8010, .T. ) ;
#5029 = DIRECTION ( 'NONE',  ( 0.000000000000000000, -1.000000000000000000, -0.000000000000000000 ) ) ;
#5030 = COLOUR_RGB ( '',1.000000000000000000, 0.8117647058823529438, 0.5019607843137254832 ) ;
#5031 = ADVANCED_FACE ( 'NONE', ( #2997 ), #1640, .F. ) ;
#5032 = EDGE_CURVE ( 'NONE', #4954, #7414, #6658, .T. ) ;
#5033 = VERTEX_POINT ( 'NONE', #3922 ) ;
#5034 = CARTESIAN_POINT ( 'NONE',  ( 5.700000000000000178, 0.000000000000000000, 0.000000000000000000 ) ) ;
#5035 = ADVANCED_FACE ( 'NONE', ( #5331 ), #294, .T. ) ;
#5036 = DIRECTION ( 'NONE',  ( 0.000000000000000000, 0.000000000000000000, 1.000000000000000000 ) ) ;
#5037 = DIRECTION ( 'NONE',  ( 1.000000000000000000, -0.000000000000000000, 5.782411586589354681E-16 ) ) ;
#5038 =( NAMED_UNIT ( * ) SI_UNIT ( $, .STERADIAN. ) SOLID_ANGLE_UNIT ( ) );
#5039 = VERTEX_POINT ( 'NONE', #6568 ) ;
#5040 = CARTESIAN_POINT ( 'NONE',  ( 0.000000000000000000, 3.343074902771997259, -1.149999999999999467 ) ) ;
#5041 = VECTOR ( 'NONE', #7683, 1000.000000000000000 ) ;
#5042 = EDGE_LOOP ( 'NONE', ( #8733, #7042, #5235, #8908 ) ) ;
#5043 = UNCERTAINTY_MEASURE_WITH_UNIT (LENGTH_MEASURE( 1.000000000000000082E-05 ), #8158, 'distance_accuracy_value', 'NONE');
#5044 = ORIENTED_EDGE ( 'NONE', *, *, #7753, .T. ) ;
#5045 = CARTESIAN_POINT ( 'NONE',  ( 5.700000000000000178, 1.000000000000000000, -3.049999999999999378 ) ) ;
#5046 = CARTESIAN_POINT ( 'NONE',  ( 1.149999999999999911, 1.000000000000000000, 7.500000000000000000 ) ) ;
#5047 = DIRECTION ( 'NONE',  ( -5.782411586589355667E-16, 0.000000000000000000, 1.000000000000000000 ) ) ;
#5048 = DIRECTION ( 'NONE',  ( 0.000000000000000000, -0.000000000000000000, -1.000000000000000000 ) ) ;
#5049 = VERTEX_POINT ( 'NONE', #6609 ) ;
#5050 = DIRECTION ( 'NONE',  ( 0.000000000000000000, -1.000000000000000000, -0.000000000000000000 ) ) ;
#5051 = FACE_OUTER_BOUND ( 'NONE', #1660, .T. ) ;
#5052 = ITEM_DEFINED_TRANSFORMATION ( 'NONE', 'NONE', #185,  #2096 ) ;
#5053 = EDGE_LOOP ( 'NONE', ( #4069, #6075, #3378, #2211 ) ) ;
#5054 = VERTEX_POINT ( 'NONE', #943 ) ;
#5055 = LINE ( 'NONE', #7995, #4219 ) ;
#5056 = CARTESIAN_POINT ( 'NONE',  ( -1.149999999999999023, 3.343074902771997259, -7.500000000000000000 ) ) ;
#5057 = CARTESIAN_POINT ( 'NONE',  ( -6.878679656440356283, 2.399999999999999467, 7.499999999999996447 ) ) ;
#5058 = ORIENTED_EDGE ( 'NONE', *, *, #6132, .F. ) ;
#5059 = FILL_AREA_STYLE ('',( #7869 ) ) ;
#5060 = VECTOR ( 'NONE', #8513, 1000.000000000000000 ) ;
#5061 =( NAMED_UNIT ( * ) SI_UNIT ( $, .STERADIAN. ) SOLID_ANGLE_UNIT ( ) );
#5062 = APPLICATION_PROTOCOL_DEFINITION ( 'draft international standard', 'automotive_design', 1998, #4374 ) ;
#5063 = VERTEX_POINT ( 'NONE', #341 ) ;
#5064 = VECTOR ( 'NONE', #6850, 1000.000000000000000 ) ;
#5065 = CARTESIAN_POINT ( 'NONE',  ( 0.000000000000000000, 6.799999999999999822, -4.750000000000000000 ) ) ;
#5066 = VECTOR ( 'NONE', #5495, 1000.000000000000000 ) ;
#5067 = CARTESIAN_POINT ( 'NONE',  ( -7.500000000000001776, 1.000000000000000000, 3.049999999999998934 ) ) ;
#5068 = DIRECTION ( 'NONE',  ( 0.000000000000000000, -0.000000000000000000, -1.000000000000000000 ) ) ;
#5069 = CARTESIAN_POINT ( 'NONE',  ( -5.700000000000001066, 3.343074902771997259, -3.295974604355933874E-15 ) ) ;
#5070 = ORIENTED_EDGE ( 'NONE', *, *, #7745, .T. ) ;
#5071 = LINE ( 'NONE', #5723, #2322 ) ;
#5072 = EDGE_CURVE ( 'NONE', #7695, #337, #2383, .T. ) ;
#5073 = DIRECTION ( 'NONE',  ( 0.000000000000000000, -0.000000000000000000, 1.000000000000000000 ) ) ;
#5074 = CARTESIAN_POINT ( 'NONE',  ( 3.050000000000002043, 1.000000000000000000, -7.499999999999999112 ) ) ;
#5075 = EDGE_CURVE ( 'NONE', #8229, #5063, #5270, .T. ) ;
#5076 = LINE ( 'NONE', #7148, #2059 ) ;
#5077 =( NAMED_UNIT ( * ) SI_UNIT ( $, .STERADIAN. ) SOLID_ANGLE_UNIT ( ) );
#5078 = VERTEX_POINT ( 'NONE', #2481 ) ;
#5079 = CARTESIAN_POINT ( 'NONE',  ( 7.500000000000000000, 3.343074902771997259, -0.7499999999999997780 ) ) ;
#5080 = ORIENTED_EDGE ( 'NONE', *, *, #9009, .T. ) ;
#5081 = PRODUCT_DEFINITION ( 'UNKNOWN', '', #633, #501 ) ;
#5082 = VERTEX_POINT ( 'NONE', #3172 ) ;
#5083 = FACE_OUTER_BOUND ( 'NONE', #4555, .T. ) ;
#5084 = LINE ( 'NONE', #2857, #4439 ) ;
#5085 = DIRECTION ( 'NONE',  ( 1.000000000000000000, 0.000000000000000000, -0.000000000000000000 ) ) ;
#5086 = ADVANCED_FACE ( 'NONE', ( #8817 ), #8128, .T. ) ;
#5087 = LINE ( 'NONE', #809, #7069 ) ;
#5088 = VERTEX_POINT ( 'NONE', #1775 ) ;
#5089 = LINE ( 'NONE', #3001, #571 ) ;
#5090 = DIRECTION ( 'NONE',  ( -0.000000000000000000, -1.000000000000000000, 0.000000000000000000 ) ) ;
#5091 = PRODUCT_RELATED_PRODUCT_CATEGORY ( 'part', '', ( #7374 ) ) ;
#5092 = ORIENTED_EDGE ( 'NONE', *, *, #6493, .T. ) ;
#5093 = ORIENTED_EDGE ( 'NONE', *, *, #5530, .F. ) ;
#5094 = PLANE ( 'NONE',  #8204 ) ;
#5095 = CARTESIAN_POINT ( 'NONE',  ( -6.999999999999999112, 6.299999999999999822, 0.000000000000000000 ) ) ;
#5096 = CARTESIAN_POINT ( 'NONE',  ( -6.878679656440357171, 2.107106781186547373, 7.499999999999997335 ) ) ;
#5097 = ORIENTED_EDGE ( 'NONE', *, *, #4297, .T. ) ;
#5098 = DIRECTION ( 'NONE',  ( -4.818676322157799347E-16, 0.000000000000000000, 1.000000000000000000 ) ) ;
#5099 = DIRECTION ( 'NONE',  ( -1.000000000000000000, -0.000000000000000000, 0.000000000000000000 ) ) ;
#5100 = SHAPE_DEFINITION_REPRESENTATION ( #7190, #1066 ) ;
#5101 = ORIENTED_EDGE ( 'NONE', *, *, #1533, .T. ) ;
#5102 = ORIENTED_EDGE ( 'NONE', *, *, #8303, .T. ) ;
#5103 = VECTOR ( 'NONE', #8058, 1000.000000000000000 ) ;
#5104 = EDGE_CURVE ( 'NONE', #4165, #5033, #7937, .T. ) ;
#5105 = DIRECTION ( 'NONE',  ( 0.000000000000000000, -1.000000000000000000, -0.000000000000000000 ) ) ;
#5106 = FACE_BOUND ( 'NONE', #7498, .T. ) ;
#5107 = CARTESIAN_POINT ( 'NONE',  ( 0.000000000000000000, 0.000000000000000000, 3.049999999999998490 ) ) ;
#5108 =( LENGTH_UNIT ( ) NAMED_UNIT ( * ) SI_UNIT ( .MILLI., .METRE. ) );
#5109 = ORIENTED_EDGE ( 'NONE', *, *, #1171, .T. ) ;
#5110 = CARTESIAN_POINT ( 'NONE',  ( -7.500000000000000888, 1.000000000000000000, 2.649999999999999023 ) ) ;
#5111 = ADVANCED_FACE ( 'NONE', ( #7437 ), #1088, .F. ) ;
#5112 = DIRECTION ( 'NONE',  ( 0.000000000000000000, 0.000000000000000000, 1.000000000000000000 ) ) ;
#5113 = LINE ( 'NONE', #5354, #1650 ) ;
#5114 =( GEOMETRIC_REPRESENTATION_CONTEXT ( 3 ) GLOBAL_UNCERTAINTY_ASSIGNED_CONTEXT ( ( #641 ) ) GLOBAL_UNIT_ASSIGNED_CONTEXT ( ( #2847, #8140, #6759 ) ) REPRESENTATION_CONTEXT ( 'NONE', 'WORKASPACE' ) );
#5115 = PLANE ( 'NONE',  #5609 ) ;
#5116 = DIRECTION ( 'NONE',  ( 0.000000000000000000, 1.000000000000000000, 0.000000000000000000 ) ) ;
#5117 = LINE ( 'NONE', #2147, #3179 ) ;
#5118 = ORIENTED_EDGE ( 'NONE', *, *, #4473, .F. ) ;
#5119 = ADVANCED_BREP_SHAPE_REPRESENTATION ( '', ( #8874, #2096 ), #3447 ) ;
#5120 = DIRECTION ( 'NONE',  ( 0.000000000000000000, 1.000000000000000000, -0.000000000000000000 ) ) ;
#5121 = ORIENTED_EDGE ( 'NONE', *, *, #4349, .F. ) ;
#5122 = VECTOR ( 'NONE', #1313, 1000.000000000000000 ) ;
#5123 = ORIENTED_EDGE ( 'NONE', *, *, #3658, .T. ) ;
#5124 = DIRECTION ( 'NONE',  ( -0.000000000000000000, -1.000000000000000000, -0.000000000000000000 ) ) ;
#5125 = ADVANCED_FACE ( 'NONE', ( #4431 ), #1595, .F. ) ;
#5126 = PRODUCT_DEFINITION_SHAPE ( 'NONE', 'NONE',  #8236 ) ;
#5127 = DIRECTION ( 'NONE',  ( 1.000000000000000000, 0.000000000000000000, -0.000000000000000000 ) ) ;
#5128 = DIRECTION ( 'NONE',  ( -5.782411586589355667E-16, -0.000000000000000000, 1.000000000000000000 ) ) ;
#5129 = CARTESIAN_POINT ( 'NONE',  ( -7.500000000000000000, 1.000000000000000000, -1.150000000000001021 ) ) ;
#5130 = CARTESIAN_POINT ( 'NONE',  ( -6.000000000000000000, 6.299999999999999822, -7.500000000000000000 ) ) ;
#5131 = ORIENTED_EDGE ( 'NONE', *, *, #218, .F. ) ;
#5132 = CARTESIAN_POINT ( 'NONE',  ( 3.100000000000000977, 0.5000000000000000000, 1.899999999999999689 ) ) ;
#5133 = CARTESIAN_POINT ( 'NONE',  ( 6.999999999999998224, 1.899999999999999467, -6.585786437626905077 ) ) ;
#5134 = ORIENTED_EDGE ( 'NONE', *, *, #6532, .T. ) ;
#5135 = EDGE_CURVE ( 'NONE', #7016, #5039, #5224, .T. ) ;
#5136 = ORIENTED_EDGE ( 'NONE', *, *, #2703, .T. ) ;
#5137 = VECTOR ( 'NONE', #2259, 1000.000000000000000 ) ;
#5138 = CARTESIAN_POINT ( 'NONE',  ( 0.7500000000000002220, 3.343074902771997259, 0.000000000000000000 ) ) ;
#5139 = LINE ( 'NONE', #5192, #3986 ) ;
#5140 = CARTESIAN_POINT ( 'NONE',  ( -7.499999999999998224, 2.399999999999999467, 6.000000000000001776 ) ) ;
#5141 = VERTEX_POINT ( 'NONE', #4524 ) ;
#5142 = ADVANCED_FACE ( 'NONE', ( #989 ), #3832, .F. ) ;
#5143 = AXIS2_PLACEMENT_3D ( 'NONE', #7347, #8631, #7300 ) ;
#5144 = CARTESIAN_POINT ( 'NONE',  ( -7.499999999999998224, 1.000000000000000000, 0.000000000000000000 ) ) ;
#5145 = AXIS2_PLACEMENT_3D ( 'NONE', #7241, #7182, #8054 ) ;
#5146 = LINE ( 'NONE', #3103, #4405 ) ;
#5147 = APPLICATION_PROTOCOL_DEFINITION ( 'draft international standard', 'automotive_design', 1998, #6745 ) ;
#5148 = VECTOR ( 'NONE', #7006, 1000.000000000000000 ) ;
#5149 = ORIENTED_EDGE ( 'NONE', *, *, #1105, .F. ) ;
#5150 = ORIENTED_EDGE ( 'NONE', *, *, #5984, .T. ) ;
#5151 = VECTOR ( 'NONE', #9049, 1000.000000000000000 ) ;
#5152 =( REPRESENTATION_RELATIONSHIP ('NONE','NONE', #464, #1466 ) REPRESENTATION_RELATIONSHIP_WITH_TRANSFORMATION ( #6125 )SHAPE_REPRESENTATION_RELATIONSHIP( ) );
#5153 = VECTOR ( 'NONE', #5470, 1000.000000000000000 ) ;
#5154 = DIRECTION ( 'NONE',  ( -1.000000000000000000, 0.000000000000000000, -0.000000000000000000 ) ) ;
#5155 = EDGE_CURVE ( 'NONE', #5382, #3925, #3975, .T. ) ;
#5156 = FACE_BOUND ( 'NONE', #8184, .T. ) ;
#5157 = DIRECTION ( 'NONE',  ( -1.000000000000000000, 0.000000000000000000, 0.000000000000000000 ) ) ;
#5158 = LINE ( 'NONE', #3307, #9092 ) ;
#5159 = EDGE_CURVE ( 'NONE', #1894, #4584, #3415, .T. ) ;
#5160 =( NAMED_UNIT ( * ) SI_UNIT ( $, .STERADIAN. ) SOLID_ANGLE_UNIT ( ) );
#5161 = EDGE_LOOP ( 'NONE', ( #1565, #7720, #2702, #8701 ) ) ;
#5162 = LINE ( 'NONE', #7972, #3214 ) ;
#5163 = EDGE_CURVE ( 'NONE', #5078, #1807, #6783, .T. ) ;
#5164 = AXIS2_PLACEMENT_3D ( 'NONE', #2846, #8531, #1489 ) ;
#5165 = VECTOR ( 'NONE', #1334, 1000.000000000000000 ) ;
#5166 = EDGE_CURVE ( 'NONE', #5387, #3044, #8878, .T. ) ;
#5167 = FACE_OUTER_BOUND ( 'NONE', #2829, .T. ) ;
#5168 = AXIS2_PLACEMENT_3D ( 'NONE', #1528, #2134, #4976 ) ;
#5169 = ORIENTED_EDGE ( 'NONE', *, *, #5463, .F. ) ;
#5170 = CARTESIAN_POINT ( 'NONE',  ( -5.700000000000000178, 0.000000000000000000, 0.000000000000000000 ) ) ;
#5171 = VECTOR ( 'NONE', #4073, 1000.000000000000000 ) ;
#5172 = PLANE ( 'NONE',  #8958 ) ;
#5173 =( LENGTH_UNIT ( ) NAMED_UNIT ( * ) SI_UNIT ( .MILLI., .METRE. ) );
#5174 = ORIENTED_EDGE ( 'NONE', *, *, #4421, .T. ) ;
#5175 = CARTESIAN_POINT ( 'NONE',  ( -5.700000000000000178, 1.000000000000000000, 0.000000000000000000 ) ) ;
#5176 = EDGE_CURVE ( 'NONE', #6010, #9103, #5371, .T. ) ;
#5177 = VERTEX_POINT ( 'NONE', #6893 ) ;
#5178 = ORIENTED_EDGE ( 'NONE', *, *, #5599, .T. ) ;
#5179 = CARTESIAN_POINT ( 'NONE',  ( 7.500000000000000000, 3.343074902771997259, 0.000000000000000000 ) ) ;
#5180 = DIRECTION ( 'NONE',  ( 0.000000000000000000, 0.000000000000000000, 1.000000000000000000 ) ) ;
#5181 = CARTESIAN_POINT ( 'NONE',  ( 0.7500000000000002220, 0.000000000000000000, 0.000000000000000000 ) ) ;
#5182 = DIRECTION ( 'NONE',  ( 0.000000000000000000, 1.000000000000000000, 0.000000000000000000 ) ) ;
#5183 = CARTESIAN_POINT ( 'NONE',  ( 1.150000000000000577, 1.000000000000000000, -7.500000000000000000 ) ) ;
#5184 = VERTEX_POINT ( 'NONE', #1130 ) ;
#5185 = CARTESIAN_POINT ( 'NONE',  ( -0.7500000000000002220, 1.000000000000000000, -9.035018104045876857E-17 ) ) ;
#5186 = CARTESIAN_POINT ( 'NONE',  ( -5.700000000000000178, 1.000000000000000000, -2.650000000000001243 ) ) ;
#5187 = EDGE_LOOP ( 'NONE', ( #2690, #6082, #1244, #675 ) ) ;
#5188 = AXIS2_PLACEMENT_3D ( 'NONE', #5046, #7851, #4345 ) ;
#5189 = VERTEX_POINT ( 'NONE', #4024 ) ;
#5190 =( REPRESENTATION_RELATIONSHIP ('NONE','NONE', #464, #808 ) REPRESENTATION_RELATIONSHIP_WITH_TRANSFORMATION ( #5052 )SHAPE_REPRESENTATION_RELATIONSHIP( ) );
#5191 = CARTESIAN_POINT ( 'NONE',  ( -3.049999999999998934, 0.000000000000000000, -5.700000000000000178 ) ) ;
#5192 = CARTESIAN_POINT ( 'NONE',  ( -7.499999999999998224, 1.000000000000000000, -4.550000000000000711 ) ) ;
#5193 = LINE ( 'NONE', #8892, #4459 ) ;
#5194 = ORIENTED_EDGE ( 'NONE', *, *, #9037, .F. ) ;
#5195 = EDGE_CURVE ( 'NONE', #8497, #9077, #5553, .T. ) ;
#5196 = EDGE_CURVE ( 'NONE', #4723, #7934, #7525, .T. ) ;
#5198 = EDGE_CURVE ( 'NONE', #2164, #1462, #8272, .T. ) ;
#5197 = DIRECTION ( 'NONE',  ( 1.000000000000000000, 0.000000000000000000, 0.000000000000000000 ) ) ;
#5199 = PRODUCT_CONTEXT ( 'NONE', #4210, 'mechanical' ) ;
#5200 = ORIENTED_EDGE ( 'NONE', *, *, #6441, .F. ) ;
#5201 = ADVANCED_FACE ( 'NONE', ( #1822 ), #4667, .T. ) ;
#5202 = EDGE_LOOP ( 'NONE', ( #303, #6716, #2084, #9045 ) ) ;
#5203 = CARTESIAN_POINT ( 'NONE',  ( 7.500000000000000000, 0.000000000000000000, 0.000000000000000000 ) ) ;
#5204 = DIRECTION ( 'NONE',  ( 0.000000000000000000, -0.000000000000000000, -1.000000000000000000 ) ) ;
#5205 = PLANE ( 'NONE',  #98 ) ;
#5206 = CARTESIAN_POINT ( 'NONE',  ( -2.650000000000000355, 0.000000000000000000, 5.700000000000000178 ) ) ;
#5207 = ORIENTED_EDGE ( 'NONE', *, *, #3931, .T. ) ;
#5208 = VECTOR ( 'NONE', #5329, 1000.000000000000000 ) ;
#5209 = DIRECTION ( 'NONE',  ( -0.000000000000000000, 1.000000000000000000, 0.000000000000000000 ) ) ;
#5210 = ORIENTED_EDGE ( 'NONE', *, *, #4690, .T. ) ;
#5211 = PRODUCT ( 'SAM-M8Q-0-10', 'SAM-M8Q-0-10', '', ( #3717 ) ) ;
#5212 = VECTOR ( 'NONE', #9120, 1000.000000000000000 ) ;
#5213 = LINE ( 'NONE', #1765, #8696 ) ;
#5214 = ORIENTED_EDGE ( 'NONE', *, *, #8187, .T. ) ;
#5215 = FACE_OUTER_BOUND ( 'NONE', #2476, .T. ) ;
#5216 = LINE ( 'NONE', #330, #7781 ) ;
#5217 = PLANE ( 'NONE',  #70 ) ;
#5218 = SHAPE_REPRESENTATION_RELATIONSHIP ( 'NONE' , 'NONE' ,  #215, #8426 ) ;
#5219 = ORIENTED_EDGE ( 'NONE', *, *, #9036, .F. ) ;
#5220 = CARTESIAN_POINT ( 'NONE',  ( -5.699999999999998401, 1.000000000000000000, 0.000000000000000000 ) ) ;
#5221 = ORIENTED_EDGE ( 'NONE', *, *, #6413, .T. ) ;
#5222 = ORIENTED_EDGE ( 'NONE', *, *, #1613, .T. ) ;
#5223 = CARTESIAN_POINT ( 'NONE',  ( -7.500000000000001776, 1.000000000000000000, 2.649999999999999023 ) ) ;
#5224 = LINE ( 'NONE', #8032, #3064 ) ;
#5225 = DIRECTION ( 'NONE',  ( -1.000000000000000000, 0.000000000000000000, -0.000000000000000000 ) ) ;
#5226 =( NAMED_UNIT ( * ) PLANE_ANGLE_UNIT ( ) SI_UNIT ( $, .RADIAN. ) );
#5227 =( GEOMETRIC_REPRESENTATION_CONTEXT ( 3 ) GLOBAL_UNCERTAINTY_ASSIGNED_CONTEXT ( ( #7382 ) ) GLOBAL_UNIT_ASSIGNED_CONTEXT ( ( #7708, #1315, #4193 ) ) REPRESENTATION_CONTEXT ( 'NONE', 'WORKASPACE' ) );
#5228 = DIRECTION ( 'NONE',  ( -0.000000000000000000, -1.000000000000000000, -0.000000000000000000 ) ) ;
#5229 = ORIENTED_EDGE ( 'NONE', *, *, #7904, .T. ) ;
#5230 = CARTESIAN_POINT ( 'NONE',  ( 7.499999999999999112, 0.000000000000000000, 3.050000000000001599 ) ) ;
#5231 = DIRECTION ( 'NONE',  ( 0.000000000000000000, 1.000000000000000000, 0.000000000000000000 ) ) ;
#5232 = EDGE_LOOP ( 'NONE', ( #3299, #6781, #12, #7547 ) ) ;
#5233 = EDGE_CURVE ( 'NONE', #3761, #5639, #6799, .T. ) ;
#5234 = PRODUCT_DEFINITION_SHAPE ( 'NONE', 'NONE',  #9151 ) ;
#5235 = ORIENTED_EDGE ( 'NONE', *, *, #8301, .T. ) ;
#5236 = FACE_OUTER_BOUND ( 'NONE', #8722, .T. ) ;
#5237 = DIRECTION ( 'NONE',  ( 1.000000000000000000, 0.000000000000000000, -0.000000000000000000 ) ) ;
#5238 = FACE_OUTER_BOUND ( 'NONE', #4831, .T. ) ;
#5239 = CARTESIAN_POINT ( 'NONE',  ( -7.500000000000000000, 0.000000000000000000, -1.150000000000001021 ) ) ;
#5240 = ORIENTED_EDGE ( 'NONE', *, *, #4339, .F. ) ;
#5241 = PLANE ( 'NONE',  #534 ) ;
#5242 = CARTESIAN_POINT ( 'NONE',  ( -4.750000000000000888, 5.799999999999999822, 3.750000000000000000 ) ) ;
#5243 = PRODUCT_CONTEXT ( 'NONE', #5279, 'mechanical' ) ;
#5244 = EDGE_LOOP ( 'NONE', ( #642, #6730, #8787, #5102 ) ) ;
#5245 = VERTEX_POINT ( 'NONE', #2010 ) ;
#5246 = DIRECTION ( 'NONE',  ( 0.000000000000000000, 0.000000000000000000, 1.000000000000000000 ) ) ;
#5247 = EDGE_CURVE ( 'NONE', #1036, #7273, #4072, .T. ) ;
#5248 = EDGE_CURVE ( 'NONE', #802, #7587, #5416, .T. ) ;
#5249 = FACE_OUTER_BOUND ( 'NONE', #7862, .T. ) ;
#5250 = CARTESIAN_POINT ( 'NONE',  ( -6.000000000000000000, 1.899999999999999467, 6.999999999999999112 ) ) ;
#5251 =( LENGTH_UNIT ( ) NAMED_UNIT ( * ) SI_UNIT ( .MILLI., .METRE. ) );
#5252 = DIRECTION ( 'NONE',  ( -1.000000000000000000, 0.000000000000000000, -1.204669080539449837E-16 ) ) ;
#5253 = VERTEX_POINT ( 'NONE', #7623 ) ;
#5254 = VECTOR ( 'NONE', #2929, 1000.000000000000000 ) ;
#5255 = VECTOR ( 'NONE', #8960, 1000.000000000000000 ) ;
#5256 = CARTESIAN_POINT ( 'NONE',  ( 0.000000000000000000, 3.343074902771997259, 5.699999999999999289 ) ) ;
#5257 = ORIENTED_EDGE ( 'NONE', *, *, #7084, .F. ) ;
#5258 = VECTOR ( 'NONE', #6600, 1000.000000000000000 ) ;
#5259 = DIRECTION ( 'NONE',  ( -0.7071067811865474617, -0.000000000000000000, 0.7071067811865474617 ) ) ;
#5260 = CARTESIAN_POINT ( 'NONE',  ( 0.000000000000000000, 0.000000000000000000, -5.699999999999998401 ) ) ;
#5261 = LINE ( 'NONE', #7292, #1260 ) ;
#5262 = ADVANCED_FACE ( 'NONE', ( #6207, #8921 ), #8317, .T. ) ;
#5263 = EDGE_LOOP ( 'NONE', ( #972, #4595, #6711, #114 ) ) ;
#5264 = CARTESIAN_POINT ( 'NONE',  ( -0.7499999999999993339, 3.343074902771997259, -7.500000000000000000 ) ) ;
#5265 =( BOUNDED_CURVE ( )  B_SPLINE_CURVE ( 3, ( #7825, #6446, #3756, #5837 ),
 .UNSPECIFIED., .F., .T. ) 
 B_SPLINE_CURVE_WITH_KNOTS ( ( 4, 4 ),
 ( 0.000000000000000000, 1.000000000000000000 ),
 .UNSPECIFIED. ) 
 CURVE ( )  GEOMETRIC_REPRESENTATION_ITEM ( )  RATIONAL_B_SPLINE_CURVE ( ( 1.000000000000000000, 0.8047378541243649375, 0.8047378541243649375, 1.000000000000000000 ) ) 
 REPRESENTATION_ITEM ( '' )  );
#5266 = VERTEX_POINT ( 'NONE', #2576 ) ;
#5267 = ORIENTED_EDGE ( 'NONE', *, *, #3954, .F. ) ;
#5268 = LINE ( 'NONE', #4472, #4924 ) ;
#5269 = AXIS2_PLACEMENT_3D ( 'NONE', #7407, #4678, #8782 ) ;
#5270 = LINE ( 'NONE', #8676, #6626 ) ;
#5271 = DIRECTION ( 'NONE',  ( -0.000000000000000000, -1.000000000000000000, -0.000000000000000000 ) ) ;
#5272 = FILL_AREA_STYLE ('',( #1824 ) ) ;
#5273 = ORIENTED_EDGE ( 'NONE', *, *, #3679, .T. ) ;
#5274 = EDGE_CURVE ( 'NONE', #4954, #1278, #8222, .T. ) ;
#5275 = CARTESIAN_POINT ( 'NONE',  ( -7.650000000000002132, 0.000000000000000000, 7.649999999999998579 ) ) ;
#5276 = CARTESIAN_POINT ( 'NONE',  ( -1.149999999999999689, 0.000000000000000000, 7.500000000000000000 ) ) ;
#5277 = ADVANCED_FACE ( 'NONE', ( #6851 ), #486, .F. ) ;
#5278 = VECTOR ( 'NONE', #6822, 1000.000000000000000 ) ;
#5279 = APPLICATION_CONTEXT ( 'automotive_design' ) ;
#5280 = EDGE_LOOP ( 'NONE', ( #6739, #3168, #7339, #8133 ) ) ;
#5281 = ORIENTED_EDGE ( 'NONE', *, *, #5176, .F. ) ;
#5282 = DIRECTION ( 'NONE',  ( 1.000000000000000000, 0.000000000000000000, -0.000000000000000000 ) ) ;
#5283 = DIRECTION ( 'NONE',  ( 1.000000000000000000, 0.000000000000000000, -0.000000000000000000 ) ) ;
#5284 = DIRECTION ( 'NONE',  ( -1.000000000000000000, 0.000000000000000000, -6.023345402697249184E-17 ) ) ;
#5285 = SURFACE_STYLE_USAGE ( .BOTH. , #6715 ) ;
#5286 = ORIENTED_EDGE ( 'NONE', *, *, #5443, .T. ) ;
#5287 = EDGE_CURVE ( 'NONE', #7467, #4386, #4767, .T. ) ;
#5288 = CARTESIAN_POINT ( 'NONE',  ( -7.500000000000000000, 6.299999999999999822, -6.000000000000000000 ) ) ;
#5289 = LINE ( 'NONE', #6766, #8834 ) ;
#5290 = SHAPE_DEFINITION_REPRESENTATION ( #3075, #1466 ) ;
#5291 = VECTOR ( 'NONE', #2927, 1000.000000000000000 ) ;
#5292 = ORIENTED_EDGE ( 'NONE', *, *, #8771, .F. ) ;
#5293 = AXIS2_PLACEMENT_3D ( 'NONE', #5040, #6516, #8667 ) ;
#5294 = ORIENTED_EDGE ( 'NONE', *, *, #7108, .F. ) ;
#5295 = VECTOR ( 'NONE', #278, 1000.000000000000000 ) ;
#5296 = EDGE_CURVE ( 'NONE', #483, #4851, #2098, .T. ) ;
#5298 = EDGE_CURVE ( 'NONE', #7486, #8139, #7800, .T. ) ;
#5297 = CARTESIAN_POINT ( 'NONE',  ( -2.650000000000000355, 0.000000000000000000, 5.700000000000000178 ) ) ;
#5299 = CLOSED_SHELL ( 'NONE', ( #1050, #4340, #7160, #7891, #1897, #3649 ) ) ;
#5300 = PLANE ( 'NONE',  #3297 ) ;
#5301 = AXIS2_PLACEMENT_3D ( 'NONE', #8246, #7561, #3898 ) ;
#5302 = VECTOR ( 'NONE', #4136, 1000.000000000000000 ) ;
#5303 = FACE_OUTER_BOUND ( 'NONE', #5617, .T. ) ;
#5304 = CARTESIAN_POINT ( 'NONE',  ( 7.500000000000000000, 1.000000000000000000, -1.149999999999999467 ) ) ;
#5305 = CIRCLE ( 'NONE', #9132, 0.4000000000000000777 ) ;
#5306 = CARTESIAN_POINT ( 'NONE',  ( -7.499999999999998224, 0.000000000000000000, 0.000000000000000000 ) ) ;
#5307 = LINE ( 'NONE', #1851, #3524 ) ;
#5308 = ORIENTED_EDGE ( 'NONE', *, *, #3867, .F. ) ;
#5309 = AXIS2_PLACEMENT_3D ( 'NONE', #624, #8972, #4670 ) ;
#5310 = VECTOR ( 'NONE', #3019, 1000.000000000000000 ) ;
#5311 = ADVANCED_FACE ( 'NONE', ( #6981 ), #8532, .F. ) ;
#5312 = DIRECTION ( 'NONE',  ( 0.000000000000000000, 0.000000000000000000, -1.000000000000000000 ) ) ;
#5313 = AXIS2_PLACEMENT_3D ( 'NONE', #3836, #8820, #2484 ) ;
#5314 = DIRECTION ( 'NONE',  ( 1.204669080539449837E-16, 0.000000000000000000, -1.000000000000000000 ) ) ;
#5315 = ADVANCED_FACE ( 'NONE', ( #3637 ), #7754, .T. ) ;
#5316 = EDGE_CURVE ( 'NONE', #2, #2002, #7884, .T. ) ;
#5317 = LINE ( 'NONE', #5908, #7916 ) ;
#5318 = EDGE_CURVE ( 'NONE', #2197, #2299, #6293, .T. ) ;
#5319 = FACE_OUTER_BOUND ( 'NONE', #601, .T. ) ;
#5320 =( LENGTH_UNIT ( ) NAMED_UNIT ( * ) SI_UNIT ( .MILLI., .METRE. ) );
#5321 = ORIENTED_EDGE ( 'NONE', *, *, #2933, .F. ) ;
#5322 = VECTOR ( 'NONE', #242, 1000.000000000000000 ) ;
#5323 = PRODUCT ( 'SAM-M8Q-0-10_21', 'SAM-M8Q-0-10_21', '', ( #959 ) ) ;
#5324 = DIRECTION ( 'NONE',  ( 0.000000000000000000, 1.000000000000000000, -0.000000000000000000 ) ) ;
#5325 = ORIENTED_EDGE ( 'NONE', *, *, #6413, .F. ) ;
#5326 = EDGE_CURVE ( 'NONE', #8229, #5820, #794, .T. ) ;
#5327 = VECTOR ( 'NONE', #5050, 1000.000000000000000 ) ;
#5328 = ORIENTED_EDGE ( 'NONE', *, *, #5716, .T. ) ;
#5329 = DIRECTION ( 'NONE',  ( -0.000000000000000000, -1.000000000000000000, 0.000000000000000000 ) ) ;
#5330 = EDGE_CURVE ( 'NONE', #483, #8321, #4286, .T. ) ;
#5331 = FACE_OUTER_BOUND ( 'NONE', #7491, .T. ) ;
#5332 = DIRECTION ( 'NONE',  ( -1.000000000000000000, 0.000000000000000000, -1.204669080539449837E-16 ) ) ;
#5333 = AXIS2_PLACEMENT_3D ( 'NONE', #7728, #2818, #3566 ) ;
#5334 = ORIENTED_EDGE ( 'NONE', *, *, #1173, .T. ) ;
#5335 = FACE_OUTER_BOUND ( 'NONE', #4449, .T. ) ;
#5336 = LINE ( 'NONE', #5144, #760 ) ;
#5337 = AXIS2_PLACEMENT_3D ( 'NONE', #5919, #8730, #7353 ) ;
#5338 = LINE ( 'NONE', #1138, #8105 ) ;
#5339 = ORIENTED_EDGE ( 'NONE', *, *, #5849, .T. ) ;
#5340 = ORIENTED_EDGE ( 'NONE', *, *, #3086, .F. ) ;
#5341 = CARTESIAN_POINT ( 'NONE',  ( -7.499999999999999112, 1.000000000000000000, 0.000000000000000000 ) ) ;
#5342 = FACE_OUTER_BOUND ( 'NONE', #638, .T. ) ;
#5343 = LINE ( 'NONE', #2593, #2654 ) ;
#5344 = CARTESIAN_POINT ( 'NONE',  ( -1.149999999999999689, 3.343074902771997259, 0.000000000000000000 ) ) ;
#5345 = ORIENTED_EDGE ( 'NONE', *, *, #7745, .F. ) ;
#5346 = APPLICATION_CONTEXT ( 'automotive_design' ) ;
#5347 = DIRECTION ( 'NONE',  ( -0.000000000000000000, -0.000000000000000000, -1.000000000000000000 ) ) ;
#5348 = LINE ( 'NONE', #5437, #2909 ) ;
#5349 = APPLICATION_PROTOCOL_DEFINITION ( 'draft international standard', 'automotive_design', 1998, #4042 ) ;
#5350 = ORIENTED_EDGE ( 'NONE', *, *, #8294, .T. ) ;
#5351 = VECTOR ( 'NONE', #4720, 1000.000000000000000 ) ;
#5352 = VERTEX_POINT ( 'NONE', #750 ) ;
#5353 = PLANE ( 'NONE',  #399 ) ;
#5354 = CARTESIAN_POINT ( 'NONE',  ( 0.000000000000000000, 6.800000000000000711, -6.999999999999999112 ) ) ;
#5355 = DIRECTION ( 'NONE',  ( -1.000000000000000000, 0.000000000000000000, 0.000000000000000000 ) ) ;
#5356 = SURFACE_STYLE_USAGE ( .BOTH. , #518 ) ;
#5357 = CARTESIAN_POINT ( 'NONE',  ( -9.035018104045871927E-17, 3.343074902771997259, 0.7499999999999997780 ) ) ;
#5358 = ORIENTED_EDGE ( 'NONE', *, *, #1307, .T. ) ;
#5359 = UNCERTAINTY_MEASURE_WITH_UNIT (LENGTH_MEASURE( 1.000000000000000082E-05 ), #3456, 'distance_accuracy_value', 'NONE');
#5360 = CARTESIAN_POINT ( 'NONE',  ( -2.649999999999999467, 1.000000000000000000, 0.000000000000000000 ) ) ;
#5361 = CARTESIAN_POINT ( 'NONE',  ( 0.000000000000000000, 1.000000000000000000, -4.549999999999998934 ) ) ;
#5362 = DIRECTION ( 'NONE',  ( -0.000000000000000000, 0.000000000000000000, 1.000000000000000000 ) ) ;
#5363 = CARTESIAN_POINT ( 'NONE',  ( 7.500000000000000000, 1.000000000000000000, 2.650000000000000799 ) ) ;
#5364 = VERTEX_POINT ( 'NONE', #4985 ) ;
#5365 = CARTESIAN_POINT ( 'NONE',  ( 7.500000000000000000, 34.81320343559642794, 6.000000000000000000 ) ) ;
#5366 = MECHANICAL_DESIGN_GEOMETRIC_PRESENTATION_REPRESENTATION (  '', ( #2691 ), #7578 ) ;
#5367 = ORIENTED_EDGE ( 'NONE', *, *, #6812, .T. ) ;
#5368 = VECTOR ( 'NONE', #4342, 1000.000000000000000 ) ;
#5369 = ORIENTED_EDGE ( 'NONE', *, *, #7717, .T. ) ;
#5370 = PLANE ( 'NONE',  #8906 ) ;
#5371 = LINE ( 'NONE', #1273, #4867 ) ;
#5372 = DIRECTION ( 'NONE',  ( -1.000000000000000000, -0.000000000000000000, -0.000000000000000000 ) ) ;
#5373 = DIRECTION ( 'NONE',  ( 4.818676322157799347E-16, 0.000000000000000000, 1.000000000000000000 ) ) ;
#5374 = EDGE_CURVE ( 'NONE', #3798, #8409, #2142, .T. ) ;
#5375 = EDGE_CURVE ( 'NONE', #5364, #3983, #58, .T. ) ;
#5376 = DIRECTION ( 'NONE',  ( -0.000000000000000000, 0.000000000000000000, 1.000000000000000000 ) ) ;
#5377 = ORIENTED_EDGE ( 'NONE', *, *, #4799, .T. ) ;
#5378 = CARTESIAN_POINT ( 'NONE',  ( 0.000000000000000000, 1.000000000000000000, 0.000000000000000000 ) ) ;
#5379 = LINE ( 'NONE', #3011, #32 ) ;
#5380 = CARTESIAN_POINT ( 'NONE',  ( -4.750000000000000888, 5.799999999999999822, 3.750000000000000000 ) ) ;
#5381 = ORIENTED_EDGE ( 'NONE', *, *, #2888, .F. ) ;
#5382 = VERTEX_POINT ( 'NONE', #3503 ) ;
#5383 =( GEOMETRIC_REPRESENTATION_CONTEXT ( 3 ) GLOBAL_UNCERTAINTY_ASSIGNED_CONTEXT ( ( #2460 ) ) GLOBAL_UNIT_ASSIGNED_CONTEXT ( ( #4936, #2712, #8264 ) ) REPRESENTATION_CONTEXT ( 'NONE', 'WORKASPACE' ) );
#5384 = DIRECTION ( 'NONE',  ( -1.000000000000000000, -0.000000000000000000, -0.000000000000000000 ) ) ;
#5385 = DIRECTION ( 'NONE',  ( -1.000000000000000000, 0.000000000000000000, 0.000000000000000000 ) ) ;
#5386 = DIRECTION ( 'NONE',  ( 0.000000000000000000, 0.000000000000000000, -1.000000000000000000 ) ) ;
#5387 = VERTEX_POINT ( 'NONE', #6332 ) ;
#5388 = PRODUCT_DEFINITION ( 'UNKNOWN', '', #7440, #7553 ) ;
#5389 = LINE ( 'NONE', #8198, #6193 ) ;
#5390 =( NAMED_UNIT ( * ) SI_UNIT ( $, .STERADIAN. ) SOLID_ANGLE_UNIT ( ) );
#5391 = CONTEXT_DEPENDENT_SHAPE_REPRESENTATION ( #1983, #8502 ) ;
#5392 = AXIS2_PLACEMENT_3D ( 'NONE', #5501, #519, #6276 ) ;
#5393 = ORIENTED_EDGE ( 'NONE', *, *, #7788, .F. ) ;
#5394 = VERTEX_POINT ( 'NONE', #709 ) ;
#5395 = CARTESIAN_POINT ( 'NONE',  ( -4.549999999999998934, 1.000000000000000000, -7.500000000000001776 ) ) ;
#5396 = CARTESIAN_POINT ( 'NONE',  ( -3.049999999999998934, 0.000000000000000000, -7.500000000000000000 ) ) ;
#5397 = DIRECTION ( 'NONE',  ( 0.000000000000000000, 1.000000000000000000, 0.000000000000000000 ) ) ;
#5398 = FACE_OUTER_BOUND ( 'NONE', #4990, .T. ) ;
#5399 =( NAMED_UNIT ( * ) PLANE_ANGLE_UNIT ( ) SI_UNIT ( $, .RADIAN. ) );
#5400 = CARTESIAN_POINT ( 'NONE',  ( 6.000000000000000000, 1.899999999999999467, -6.999999999999999112 ) ) ;
#5401 = ORIENTED_EDGE ( 'NONE', *, *, #4454, .F. ) ;
#5402 = EDGE_CURVE ( 'NONE', #6004, #3105, #7842, .T. ) ;
#5403 = CARTESIAN_POINT ( 'NONE',  ( 1.150000000000000577, 0.000000000000000000, -7.500000000000000000 ) ) ;
#5404 = DIRECTION ( 'NONE',  ( 0.000000000000000000, 0.000000000000000000, 1.000000000000000000 ) ) ;
#5405 = DIRECTION ( 'NONE',  ( -1.000000000000000000, -0.000000000000000000, 0.000000000000000000 ) ) ;
#5406 = DIRECTION ( 'NONE',  ( 1.000000000000000000, -0.000000000000000000, 4.818676322157799347E-16 ) ) ;
#5407 = VECTOR ( 'NONE', #5384, 1000.000000000000000 ) ;
#5408 = ORIENTED_EDGE ( 'NONE', *, *, #8741, .F. ) ;
#5409 = EDGE_CURVE ( 'NONE', #2571, #1807, #9145, .T. ) ;
#5410 = DIRECTION ( 'NONE',  ( 1.000000000000000000, 0.000000000000000000, 0.000000000000000000 ) ) ;
#5411 = MANIFOLD_SOLID_BREP ( 'Internal 1', #5299 ) ;
#5412 = ORIENTED_EDGE ( 'NONE', *, *, #8866, .F. ) ;
#5413 = ORIENTED_EDGE ( 'NONE', *, *, #223, .F. ) ;
#5414 = DIRECTION ( 'NONE',  ( -2.409338161078899674E-16, 0.000000000000000000, 1.000000000000000000 ) ) ;
#5415 = COLOUR_RGB ( '',1.000000000000000000, 0.8117647058823529438, 0.5019607843137254832 ) ;
#5416 = LINE ( 'NONE', #2719, #3534 ) ;
#5417 = LINE ( 'NONE', #1185, #5351 ) ;
#5418 = PRESENTATION_STYLE_ASSIGNMENT (( #1186 ) ) ;
#5419 = LINE ( 'NONE', #7485, #2181 ) ;
#5420 = ORIENTED_EDGE ( 'NONE', *, *, #301, .F. ) ;
#5421 = CARTESIAN_POINT ( 'NONE',  ( -7.500000000000000888, 3.343074902771997259, 2.649999999999999023 ) ) ;
#5422 = PLANE ( 'NONE',  #3689 ) ;
#5423 = EDGE_LOOP ( 'NONE', ( #3337, #1918 ) ) ;
#5424 = EDGE_CURVE ( 'NONE', #2312, #3646, #2885, .T. ) ;
#5425 = VERTEX_POINT ( 'NONE', #3900 ) ;
#5426 = DIRECTION ( 'NONE',  ( 1.000000000000000000, 0.000000000000000000, 6.023345402697249184E-17 ) ) ;
#5427 = ADVANCED_FACE ( 'NONE', ( #3254 ), #5300, .T. ) ;
#5428 = MANIFOLD_SOLID_BREP ( 'Substrate 2', #7206 ) ;
#5429 = CARTESIAN_POINT ( 'NONE',  ( 7.499999999999999112, 2.107106781186547373, 6.878679656440355394 ) ) ;
#5430 = CARTESIAN_POINT ( 'NONE',  ( -4.750000000000000888, 5.799999999999999822, -4.750000000000000888 ) ) ;
#5431 = UNCERTAINTY_MEASURE_WITH_UNIT (LENGTH_MEASURE( 1.000000000000000082E-05 ), #8825, 'distance_accuracy_value', 'NONE');
#5432 = PRODUCT_DEFINITION_CONTEXT ( 'detailed design', #6880, 'design' ) ;
#5433 = ORIENTED_EDGE ( 'NONE', *, *, #289, .F. ) ;
#5434 = VECTOR ( 'NONE', #9090, 1000.000000000000000 ) ;
#5435 = CARTESIAN_POINT ( 'NONE',  ( 5.700000000000000178, 1.000000000000000000, 0.000000000000000000 ) ) ;
#5436 = EDGE_CURVE ( 'NONE', #2696, #793, #8104, .T. ) ;
#5437 = CARTESIAN_POINT ( 'NONE',  ( 0.000000000000000000, 0.000000000000000000, 7.500000000000000000 ) ) ;
#5438 = ITEM_DEFINED_TRANSFORMATION ( 'NONE', 'NONE', #2856,  #2096 ) ;
#5439 = ORIENTED_EDGE ( 'NONE', *, *, #663, .T. ) ;
#5440 = ORIENTED_EDGE ( 'NONE', *, *, #3228, .T. ) ;
#5441 = EDGE_CURVE ( 'NONE', #6813, #7304, #4695, .T. ) ;
#5442 = DIRECTION ( 'NONE',  ( 0.000000000000000000, -1.000000000000000000, 0.000000000000000000 ) ) ;
#5443 = EDGE_CURVE ( 'NONE', #7934, #3650, #6680, .T. ) ;
#5444 = CARTESIAN_POINT ( 'NONE',  ( 4.898587196589413692E-17, 5.799999999999999822, 0.3999999999999999667 ) ) ;
#5445 = ORIENTED_EDGE ( 'NONE', *, *, #8031, .F. ) ;
#5446 = CARTESIAN_POINT ( 'NONE',  ( -5.500000000000000000, 1.000000000000000000, -4.500000000000001776 ) ) ;
#5447 = DIRECTION ( 'NONE',  ( 1.000000000000000000, 0.000000000000000000, 0.000000000000000000 ) ) ;
#5448 = FACE_OUTER_BOUND ( 'NONE', #413, .T. ) ;
#5449 = VERTEX_POINT ( 'NONE', #8055 ) ;
#5450 = CLOSED_SHELL ( 'NONE', ( #7109, #7446, #8466, #3198, #637, #3026 ) ) ;
#5451 = CARTESIAN_POINT ( 'NONE',  ( 6.991223537632802909, 6.800000000000001599, -6.157122658428164641 ) ) ;
#5452 = VECTOR ( 'NONE', #1602, 1000.000000000000000 ) ;
#5453 = COLOUR_RGB ( '',1.000000000000000000, 0.8117647058823529438, 0.5019607843137254832 ) ;
#5454 = ADVANCED_FACE ( 'NONE', ( #8900 ), #2274, .F. ) ;
#5455 = DIRECTION ( 'NONE',  ( -0.000000000000000000, -1.000000000000000000, 0.000000000000000000 ) ) ;
#5456 = LINE ( 'NONE', #6322, #4104 ) ;
#5457 = DIRECTION ( 'NONE',  ( 0.000000000000000000, 0.000000000000000000, -1.000000000000000000 ) ) ;
#5458 = EDGE_CURVE ( 'NONE', #2891, #8018, #5113, .T. ) ;
#5459 = VECTOR ( 'NONE', #8715, 1000.000000000000000 ) ;
#5460 = ORIENTED_EDGE ( 'NONE', *, *, #5296, .T. ) ;
#5461 = VECTOR ( 'NONE', #56, 1000.000000000000000 ) ;
#5462 = LINE ( 'NONE', #8871, #5619 ) ;
#5463 = EDGE_CURVE ( 'NONE', #8324, #6487, #2557, .T. ) ;
#5464 = ORIENTED_EDGE ( 'NONE', *, *, #543, .F. ) ;
#5465 = ORIENTED_EDGE ( 'NONE', *, *, #6934, .T. ) ;
#5466 = DIRECTION ( 'NONE',  ( 1.000000000000000000, 0.000000000000000000, -0.000000000000000000 ) ) ;
#5467 = PRESENTATION_LAYER_ASSIGNMENT (  '', '', ( #7523 ) ) ;
#5468 = APPLICATION_CONTEXT ( 'automotive_design' ) ;
#5469 = PRESENTATION_LAYER_ASSIGNMENT (  '', '', ( #260 ) ) ;
#5470 = DIRECTION ( 'NONE',  ( -1.000000000000000000, 0.000000000000000000, -0.000000000000000000 ) ) ;
#5471 =( LENGTH_UNIT ( ) NAMED_UNIT ( * ) SI_UNIT ( .MILLI., .METRE. ) );
#5472 = PLANE ( 'NONE',  #3375 ) ;
#5473 = CARTESIAN_POINT ( 'NONE',  ( 4.749999999999999112, 5.799999999999999822, -3.750000000000001332 ) ) ;
#5474 = LINE ( 'NONE', #445, #7863 ) ;
#5475 = CARTESIAN_POINT ( 'NONE',  ( 6.878679656440357171, 6.592893218813452805, -7.499999999999997335 ) ) ;
#5476 = ORIENTED_EDGE ( 'NONE', *, *, #2210, .T. ) ;
#5477 = VECTOR ( 'NONE', #885, 1000.000000000000000 ) ;
#5478 = AXIS2_PLACEMENT_3D ( 'NONE', #5835, #867, #2255 ) ;
#5479 = ORIENTED_EDGE ( 'NONE', *, *, #7886, .T. ) ;
#5480 = LINE ( 'NONE', #2107, #6233 ) ;
#5481 = LINE ( 'NONE', #4213, #8347 ) ;
#5482 = CARTESIAN_POINT ( 'NONE',  ( 2.650000000000000355, 1.000000000000000000, 0.000000000000000000 ) ) ;
#5483 = CARTESIAN_POINT ( 'NONE',  ( 6.000000000000000000, 34.81320343559642794, 7.500000000000000000 ) ) ;
#5484 = VECTOR ( 'NONE', #880, 1000.000000000000000 ) ;
#5485 = ORIENTED_EDGE ( 'NONE', *, *, #9111, .F. ) ;
#5486 = LINE ( 'NONE', #2597, #2894 ) ;
#5487 = AXIS2_PLACEMENT_3D ( 'NONE', #6060, #3877, #1132 ) ;
#5488 = DIRECTION ( 'NONE',  ( 0.000000000000000000, 1.000000000000000000, 0.000000000000000000 ) ) ;
#5489 = APPLICATION_PROTOCOL_DEFINITION ( 'draft international standard', 'automotive_design', 1998, #4497 ) ;
#5490 = ORIENTED_EDGE ( 'NONE', *, *, #3271, .F. ) ;
#5491 = VERTEX_POINT ( 'NONE', #5396 ) ;
#5492 = FACE_OUTER_BOUND ( 'NONE', #5734, .T. ) ;
#5493 = EDGE_CURVE ( 'NONE', #5425, #8290, #4002, .T. ) ;
#5494 = EDGE_CURVE ( 'NONE', #2262, #4847, #6829, .T. ) ;
#5495 = DIRECTION ( 'NONE',  ( 0.000000000000000000, 1.000000000000000000, -0.000000000000000000 ) ) ;
#5496 = EDGE_LOOP ( 'NONE', ( #6226, #1156, #323, #3581 ) ) ;
#5497 = ADVANCED_FACE ( 'NONE', ( #7417 ), #2985, .F. ) ;
#5498 = DIRECTION ( 'NONE',  ( 0.000000000000000000, -1.000000000000000000, 0.000000000000000000 ) ) ;
#5499 = FILL_AREA_STYLE_COLOUR ( '', #3372 ) ;
#5500 = CARTESIAN_POINT ( 'NONE',  ( -1.149999999999999911, 3.343074902771997259, -1.385369442620367325E-16 ) ) ;
#5501 = CARTESIAN_POINT ( 'NONE',  ( 0.000000000000000000, 0.000000000000000000, 0.000000000000000000 ) ) ;
#5502 = ORIENTED_EDGE ( 'NONE', *, *, #7790, .F. ) ;
#5503 = CARTESIAN_POINT ( 'NONE',  ( 0.000000000000000000, 1.000000000000000000, -7.500000000000000000 ) ) ;
#5504 = PRODUCT_DEFINITION_CONTEXT ( 'detailed design', #7219, 'design' ) ;
#5505 = FACE_OUTER_BOUND ( 'NONE', #1799, .T. ) ;
#5506 = CARTESIAN_POINT ( 'NONE',  ( -7.650000000000002132, 1.000000000000000000, 7.649999999999998579 ) ) ;
#5507 = CARTESIAN_POINT ( 'NONE',  ( -0.7500000000000002220, 1.000000000000000000, 7.500000000000000000 ) ) ;
#5508 = ORIENTED_EDGE ( 'NONE', *, *, #289, .T. ) ;
#5509 = FACE_OUTER_BOUND ( 'NONE', #6618, .T. ) ;
#5510 = VERTEX_POINT ( 'NONE', #7511 ) ;
#5511 = ORIENTED_EDGE ( 'NONE', *, *, #3929, .T. ) ;
#5512 = DIRECTION ( 'NONE',  ( 1.000000000000000000, 0.000000000000000000, 0.000000000000000000 ) ) ;
#5513 = DIRECTION ( 'NONE',  ( 0.000000000000000000, 0.000000000000000000, 1.000000000000000000 ) ) ;
#5514 = DIRECTION ( 'NONE',  ( 1.204669080539449837E-16, 0.000000000000000000, -1.000000000000000000 ) ) ;
#5515 = DIRECTION ( 'NONE',  ( -0.000000000000000000, -1.000000000000000000, 0.000000000000000000 ) ) ;
#5516 = DIRECTION ( 'NONE',  ( 0.000000000000000000, 1.000000000000000000, 0.000000000000000000 ) ) ;
#5517 = VERTEX_POINT ( 'NONE', #460 ) ;
#5518 = CARTESIAN_POINT ( 'NONE',  ( -7.500000000000000000, 0.000000000000000000, -0.7500000000000015543 ) ) ;
#5519 = AXIS2_PLACEMENT_3D ( 'NONE', #293, #2575, #4617 ) ;
#5520 = VERTEX_POINT ( 'NONE', #5444 ) ;
#5521 = EDGE_CURVE ( 'NONE', #219, #3310, #7193, .T. ) ;
#5522 =( GEOMETRIC_REPRESENTATION_CONTEXT ( 3 ) GLOBAL_UNCERTAINTY_ASSIGNED_CONTEXT ( ( #8419 ) ) GLOBAL_UNIT_ASSIGNED_CONTEXT ( ( #6994, #6956, #2028 ) ) REPRESENTATION_CONTEXT ( 'NONE', 'WORKASPACE' ) );
#5523 = EDGE_LOOP ( 'NONE', ( #8509, #124, #8268, #8174 ) ) ;
#5524 = FACE_OUTER_BOUND ( 'NONE', #166, .T. ) ;
#5525 = MANIFOLD_SOLID_BREP ( 'Pin 12', #104 ) ;
#5526 = DIRECTION ( 'NONE',  ( 0.000000000000000000, 0.000000000000000000, 1.000000000000000000 ) ) ;
#5527 = CARTESIAN_POINT ( 'NONE',  ( 6.999999999999999112, 1.899999999999999467, 6.000000000000000000 ) ) ;
#5528 = ORIENTED_EDGE ( 'NONE', *, *, #1387, .T. ) ;
#5529 = PLANE ( 'NONE',  #819 ) ;
#5530 = EDGE_CURVE ( 'NONE', #8185, #1169, #2082, .T. ) ;
#5531 = VERTEX_POINT ( 'NONE', #2041 ) ;
#5532 = VERTEX_POINT ( 'NONE', #3533 ) ;
#5533 = FACE_BOUND ( 'NONE', #4616, .T. ) ;
#5534 = DIRECTION ( 'NONE',  ( 0.000000000000000000, -1.000000000000000000, 0.000000000000000000 ) ) ;
#5535 = ORIENTED_EDGE ( 'NONE', *, *, #8822, .F. ) ;
#5536 = AXIS2_PLACEMENT_3D ( 'NONE', #2086, #4931, #3490 ) ;
#5537 = CARTESIAN_POINT ( 'NONE',  ( -5.700000000000000178, 3.343074902771997259, 0.000000000000000000 ) ) ;
#5538 = CARTESIAN_POINT ( 'NONE',  ( 3.050000000000002043, 0.000000000000000000, -5.699999999999998401 ) ) ;
#5539 = PLANE ( 'NONE',  #4508 ) ;
#5540 = DIRECTION ( 'NONE',  ( 1.000000000000000000, 0.000000000000000000, 0.000000000000000000 ) ) ;
#5541 = VERTEX_POINT ( 'NONE', #645 ) ;
#5542 = EDGE_CURVE ( 'NONE', #5002, #2538, #1252, .T. ) ;
#5543 = PRODUCT_DEFINITION_FORMATION_WITH_SPECIFIED_SOURCE ( 'ANY', '', #3235, .NOT_KNOWN. ) ;
#5544 = FACE_OUTER_BOUND ( 'NONE', #2425, .T. ) ;
#5545 = LINE ( 'NONE', #4107, #3063 ) ;
#5546 = DIRECTION ( 'NONE',  ( 0.000000000000000000, -0.000000000000000000, 1.000000000000000000 ) ) ;
#5547 = CARTESIAN_POINT ( 'NONE',  ( -4.500000000000000888, 1.000000000000000000, 4.499999999999999112 ) ) ;
#5548 = ORIENTED_EDGE ( 'NONE', *, *, #4903, .T. ) ;
#5549 = CARTESIAN_POINT ( 'NONE',  ( 3.050000000000002043, 0.000000000000000000, -7.500000000000000000 ) ) ;
#5550 = VERTEX_POINT ( 'NONE', #8996 ) ;
#5551 = VERTEX_POINT ( 'NONE', #5576 ) ;
#5552 = DIRECTION ( 'NONE',  ( 0.000000000000000000, 0.000000000000000000, -1.000000000000000000 ) ) ;
#5553 = LINE ( 'NONE', #6106, #4717 ) ;
#5554 = CARTESIAN_POINT ( 'NONE',  ( -2.649999999999999467, 1.000000000000000000, -5.700000000000000178 ) ) ;
#5555 = EDGE_CURVE ( 'NONE', #3547, #8957, #2652, .T. ) ;
#5556 = FACE_OUTER_BOUND ( 'NONE', #4225, .T. ) ;
#5557 = FACE_OUTER_BOUND ( 'NONE', #5263, .T. ) ;
#5558 = ORIENTED_EDGE ( 'NONE', *, *, #1141, .T. ) ;
#5559 = PLANE ( 'NONE',  #3205 ) ;
#5560 = ORIENTED_EDGE ( 'NONE', *, *, #6379, .T. ) ;
#5561 = VECTOR ( 'NONE', #1019, 1000.000000000000000 ) ;
#5562 = ORIENTED_EDGE ( 'NONE', *, *, #9036, .T. ) ;
#5563 = CARTESIAN_POINT ( 'NONE',  ( -5.700000000000001066, 1.000000000000000000, 3.049999999999998934 ) ) ;
#5564 = LINE ( 'NONE', #8981, #3625 ) ;
#5565 = CARTESIAN_POINT ( 'NONE',  ( 4.500000000000000888, 1.000000000000000000, 4.499999999999999112 ) ) ;
#5566 = PRODUCT_DEFINITION_SHAPE ( 'NONE', 'NONE',  #9167 ) ;
#5567 = EDGE_CURVE ( 'NONE', #4584, #7127, #6271, .T. ) ;
#5568 = ORIENTED_EDGE ( 'NONE', *, *, #1322, .T. ) ;
#5569 = EDGE_CURVE ( 'NONE', #1668, #6482, #4097, .T. ) ;
#5570 = VECTOR ( 'NONE', #7338, 1000.000000000000000 ) ;
#5571 = DIRECTION ( 'NONE',  ( 0.000000000000000000, 0.000000000000000000, -1.000000000000000000 ) ) ;
#5572 = EDGE_LOOP ( 'NONE', ( #102, #2551, #6723, #6471 ) ) ;
#5573 = VERTEX_POINT ( 'NONE', #9038 ) ;
#5574 = LINE ( 'NONE', #7735, #4998 ) ;
#5575 = VECTOR ( 'NONE', #5116, 1000.000000000000000 ) ;
#5576 = CARTESIAN_POINT ( 'NONE',  ( 0.7500000000000002220, 0.000000000000000000, 5.700000000000000178 ) ) ;
#5577 = EDGE_CURVE ( 'NONE', #1679, #4060, #9080, .T. ) ;
#5578 = ORIENTED_EDGE ( 'NONE', *, *, #5436, .T. ) ;
#5579 = CARTESIAN_POINT ( 'NONE',  ( -0.7499999999999993339, 0.000000000000000000, -7.500000000000000000 ) ) ;
#5580 = ADVANCED_BREP_SHAPE_REPRESENTATION ( '', ( #6092, #2096 ), #473 ) ;
#5581 = DIRECTION ( 'NONE',  ( 0.000000000000000000, 0.000000000000000000, 1.000000000000000000 ) ) ;
#5582 = DIRECTION ( 'NONE',  ( 1.000000000000000000, 0.000000000000000000, 0.000000000000000000 ) ) ;
#5583 = ADVANCED_FACE ( 'NONE', ( #3485 ), #4745, .T. ) ;
#5584 = EDGE_LOOP ( 'NONE', ( #7308, #1123, #7037, #1738 ) ) ;
#5585 = VECTOR ( 'NONE', #8389, 1000.000000000000000 ) ;
#5586 = EDGE_CURVE ( 'NONE', #2475, #1036, #7736, .T. ) ;
#5587 = DIRECTION ( 'NONE',  ( 0.000000000000000000, 0.000000000000000000, -1.000000000000000000 ) ) ;
#5588 = LINE ( 'NONE', #6884, #5122 ) ;
#5589 = DIRECTION ( 'NONE',  ( 1.000000000000000000, -0.000000000000000000, 1.204669080539449837E-16 ) ) ;
#5590 = VERTEX_POINT ( 'NONE', #2738 ) ;
#5591 = CARTESIAN_POINT ( 'NONE',  ( 7.500000000000000000, 1.000000000000000000, 0.000000000000000000 ) ) ;
#5592 = EDGE_LOOP ( 'NONE', ( #8700, #6090, #8610, #6949 ) ) ;
#5593 = VECTOR ( 'NONE', #7023, 1000.000000000000000 ) ;
#5594 = VECTOR ( 'NONE', #6315, 1000.000000000000000 ) ;
#5595 = EDGE_CURVE ( 'NONE', #2188, #3136, #1209, .T. ) ;
#5596 = DIRECTION ( 'NONE',  ( 0.000000000000000000, 0.000000000000000000, 1.000000000000000000 ) ) ;
#5597 = DIRECTION ( 'NONE',  ( 0.000000000000000000, 1.000000000000000000, 0.000000000000000000 ) ) ;
#5598 = EDGE_CURVE ( 'NONE', #4746, #5551, #1349, .T. ) ;
#5599 = EDGE_CURVE ( 'NONE', #8931, #4521, #2784, .T. ) ;
#5600 = AXIS2_PLACEMENT_3D ( 'NONE', #133, #3795, #7172 ) ;
#5601 = ADVANCED_FACE ( 'NONE', ( #513 ), #3345, .F. ) ;
#5602 = DIRECTION ( 'NONE',  ( 0.000000000000000000, 0.000000000000000000, -1.000000000000000000 ) ) ;
#5603 = VERTEX_POINT ( 'NONE', #4443 ) ;
#5604 = AXIS2_PLACEMENT_3D ( 'NONE', #8645, #270, #3802 ) ;
#5605 = CARTESIAN_POINT ( 'NONE',  ( -4.750000000000000888, 5.799999999999999822, -4.750000000000000888 ) ) ;
#5606 = ADVANCED_FACE ( 'NONE', ( #7226 ), #3048, .T. ) ;
#5607 = ORIENTED_EDGE ( 'NONE', *, *, #5247, .F. ) ;
#5608 = EDGE_CURVE ( 'NONE', #4124, #802, #5707, .T. ) ;
#5609 = AXIS2_PLACEMENT_3D ( 'NONE', #1673, #3070, #3207 ) ;
#5610 = AXIS2_PLACEMENT_3D ( 'NONE', #6155, #2622, #3321 ) ;
#5611 = ORIENTED_EDGE ( 'NONE', *, *, #3885, .F. ) ;
#5612 = DIRECTION ( 'NONE',  ( -1.000000000000000000, 0.000000000000000000, 0.000000000000000000 ) ) ;
#5613 = EDGE_CURVE ( 'NONE', #562, #8216, #134, .T. ) ;
#5614 = DIRECTION ( 'NONE',  ( 1.000000000000000000, 0.000000000000000000, 1.204669080539449837E-16 ) ) ;
#5615 = CARTESIAN_POINT ( 'NONE',  ( -6.207106781186547906, 1.899999999999999023, -7.292893218813452094 ) ) ;
#5616 = DIRECTION ( 'NONE',  ( -1.000000000000000000, 0.000000000000000000, -5.782411586589363555E-16 ) ) ;
#5617 = EDGE_LOOP ( 'NONE', ( #3529, #3824, #4993, #1392 ) ) ;
#5618 = LINE ( 'NONE', #3572, #2628 ) ;
#5619 = VECTOR ( 'NONE', #4019, 1000.000000000000000 ) ;
#5620 = ORIENTED_EDGE ( 'NONE', *, *, #4468, .F. ) ;
#5621 = AXIS2_PLACEMENT_3D ( 'NONE', #5783, #6431, #5826 ) ;
#5622 = VERTEX_POINT ( 'NONE', #3617 ) ;
#5623 = VECTOR ( 'NONE', #2604, 1000.000000000000000 ) ;
#5624 = DIRECTION ( 'NONE',  ( -0.000000000000000000, 0.000000000000000000, 1.000000000000000000 ) ) ;
#5625 = SURFACE_SIDE_STYLE ('',( #560 ) ) ;
#5626 = ORIENTED_EDGE ( 'NONE', *, *, #9143, .F. ) ;
#5627 =( GEOMETRIC_REPRESENTATION_CONTEXT ( 3 ) GLOBAL_UNCERTAINTY_ASSIGNED_CONTEXT ( ( #7035 ) ) GLOBAL_UNIT_ASSIGNED_CONTEXT ( ( #5471, #8318, #3504 ) ) REPRESENTATION_CONTEXT ( 'NONE', 'WORKASPACE' ) );
#5628 = CARTESIAN_POINT ( 'NONE',  ( -7.500000000000000000, 0.000000000000000000, -1.150000000000000799 ) ) ;
#5629 = DIRECTION ( 'NONE',  ( -1.000000000000000000, 0.000000000000000000, 0.000000000000000000 ) ) ;
#5630 = CARTESIAN_POINT ( 'NONE',  ( 0.000000000000000000, 0.000000000000000000, 0.000000000000000000 ) ) ;
#5631 = AXIS2_PLACEMENT_3D ( 'NONE', #6381, #1456, #887 ) ;
#5632 = ORIENTED_EDGE ( 'NONE', *, *, #8002, .F. ) ;
#5633 = LINE ( 'NONE', #7792, #8269 ) ;
#5634 = CARTESIAN_POINT ( 'NONE',  ( 7.500000000000000000, 1.000000000000000000, 0.000000000000000000 ) ) ;
#5635 = DIRECTION ( 'NONE',  ( 1.000000000000000000, 0.000000000000000000, -0.000000000000000000 ) ) ;
#5636 =( REPRESENTATION_RELATIONSHIP ('NONE','NONE', #464, #2772 ) REPRESENTATION_RELATIONSHIP_WITH_TRANSFORMATION ( #7557 )SHAPE_REPRESENTATION_RELATIONSHIP( ) );
#5637 = VERTEX_POINT ( 'NONE', #1558 ) ;
#5638 = FACE_OUTER_BOUND ( 'NONE', #2913, .T. ) ;
#5639 = VERTEX_POINT ( 'NONE', #6580 ) ;
#5640 = AXIS2_PLACEMENT_3D ( 'NONE', #722, #2900, #5736 ) ;
#5641 =( LENGTH_UNIT ( ) NAMED_UNIT ( * ) SI_UNIT ( .MILLI., .METRE. ) );
#5642 = CARTESIAN_POINT ( 'NONE',  ( 3.049999999999999822, 0.000000000000000000, 5.700000000000000178 ) ) ;
#5643 = CARTESIAN_POINT ( 'NONE',  ( 7.649999999999998579, 1.000000000000000000, 7.649999999999998579 ) ) ;
#5644 = LINE ( 'NONE', #8448, #8414 ) ;
#5645 = ORIENTED_EDGE ( 'NONE', *, *, #2838, .F. ) ;
#5646 = CARTESIAN_POINT ( 'NONE',  ( -7.500000000000000000, 1.000000000000000000, 0.000000000000000000 ) ) ;
#5647 = ORIENTED_EDGE ( 'NONE', *, *, #7229, .F. ) ;
#5648 = ADVANCED_FACE ( 'NONE', ( #3714 ), #5012, .T. ) ;
#5649 = ORIENTED_EDGE ( 'NONE', *, *, #5163, .T. ) ;
#5650 = CARTESIAN_POINT ( 'NONE',  ( -5.699999999999998401, 1.000000000000000000, -4.550000000000000711 ) ) ;
#5651 = EDGE_CURVE ( 'NONE', #4413, #7448, #2870, .T. ) ;
#5652 = LINE ( 'NONE', #4432, #1764 ) ;
#5653 = PLANE ( 'NONE',  #5333 ) ;
#5654 = LINE ( 'NONE', #855, #2930 ) ;
#5655 = VERTEX_POINT ( 'NONE', #6406 ) ;
#5656 = CARTESIAN_POINT ( 'NONE',  ( 0.000000000000000000, 1.000000000000000000, -5.700000000000000178 ) ) ;
#5657 = ITEM_DEFINED_TRANSFORMATION ( 'NONE', 'NONE', #5679,  #2096 ) ;
#5658 = UNCERTAINTY_MEASURE_WITH_UNIT (LENGTH_MEASURE( 1.000000000000000082E-05 ), #3303, 'distance_accuracy_value', 'NONE');
#5659 = ORIENTED_EDGE ( 'NONE', *, *, #8560, .F. ) ;
#5660 = VECTOR ( 'NONE', #4182, 1000.000000000000000 ) ;
#5661 = ORIENTED_EDGE ( 'NONE', *, *, #6281, .T. ) ;
#5662 = ORIENTED_EDGE ( 'NONE', *, *, #95, .F. ) ;
#5663 = CARTESIAN_POINT ( 'NONE',  ( 0.000000000000000000, 1.000000000000000000, 0.000000000000000000 ) ) ;
#5664 = CARTESIAN_POINT ( 'NONE',  ( 5.699999999999999289, 0.000000000000000000, 4.549999999999999822 ) ) ;
#5665 = PRODUCT_RELATED_PRODUCT_CATEGORY ( 'part', '', ( #5211 ) ) ;
#5666 = ORIENTED_EDGE ( 'NONE', *, *, #5409, .F. ) ;
#5667 = COLOUR_RGB ( '',1.000000000000000000, 0.8117647058823529438, 0.5019607843137254832 ) ;
#5668 = DIRECTION ( 'NONE',  ( 0.000000000000000000, 0.000000000000000000, 1.000000000000000000 ) ) ;
#5669 = FILL_AREA_STYLE ('',( #3579 ) ) ;
#5670 = DIRECTION ( 'NONE',  ( 1.000000000000000000, 0.000000000000000000, 0.000000000000000000 ) ) ;
#5671 = ORIENTED_EDGE ( 'NONE', *, *, #5983, .F. ) ;
#5672 = PLANE ( 'NONE',  #274 ) ;
#5673 = DIRECTION ( 'NONE',  ( -1.000000000000000000, 0.000000000000000000, 0.000000000000000000 ) ) ;
#5674 = CARTESIAN_POINT ( 'NONE',  ( 0.000000000000000000, 0.000000000000000000, -7.500000000000000000 ) ) ;
#5675 =( LENGTH_UNIT ( ) NAMED_UNIT ( * ) SI_UNIT ( .MILLI., .METRE. ) );
#5676 = ORIENTED_EDGE ( 'NONE', *, *, #3195, .F. ) ;
#5677 = EDGE_CURVE ( 'NONE', #5517, #8027, #912, .T. ) ;
#5678 = DIRECTION ( 'NONE',  ( 0.7071067811865474617, 0.000000000000000000, -0.7071067811865474617 ) ) ;
#5679 = AXIS2_PLACEMENT_3D ( 'NONE', #607, #9002, #1945 ) ;
#5680 = CARTESIAN_POINT ( 'NONE',  ( -3.050000000000001155, 3.343074902771997259, 7.499999999999999112 ) ) ;
#5681 = LINE ( 'NONE', #152, #3816 ) ;
#5682 = EDGE_CURVE ( 'NONE', #715, #497, #2216, .T. ) ;
#5683 = PLANE ( 'NONE',  #4096 ) ;
#5684 = DIRECTION ( 'NONE',  ( 0.000000000000000000, 1.000000000000000000, -0.000000000000000000 ) ) ;
#5685 = SHAPE_REPRESENTATION_RELATIONSHIP ( 'NONE' , 'NONE' ,  #4087, #7009 ) ;
#5686 = EDGE_LOOP ( 'NONE', ( #5952, #5662, #2269, #183 ) ) ;
#5687 = ADVANCED_BREP_SHAPE_REPRESENTATION ( '', ( #14, #2096 ), #181 ) ;
#5688 = LINE ( 'NONE', #8360, #7503 ) ;
#5689 = ORIENTED_EDGE ( 'NONE', *, *, #3264, .T. ) ;
#5690 = UNCERTAINTY_MEASURE_WITH_UNIT (LENGTH_MEASURE( 1.000000000000000082E-05 ), #5675, 'distance_accuracy_value', 'NONE');
#5691 = ORIENTED_EDGE ( 'NONE', *, *, #2986, .F. ) ;
#5692 = LINE ( 'NONE', #7812, #6686 ) ;
#5693 = DIRECTION ( 'NONE',  ( -0.000000000000000000, 1.000000000000000000, 0.000000000000000000 ) ) ;
#5694 = DIRECTION ( 'NONE',  ( 1.000000000000000000, 0.000000000000000000, -0.000000000000000000 ) ) ;
#5695 = ORIENTED_EDGE ( 'NONE', *, *, #8692, .T. ) ;
#5696 = LINE ( 'NONE', #8505, #2191 ) ;
#5697 = CARTESIAN_POINT ( 'NONE',  ( -6.000000000000000000, 6.299999999999999822, 7.500000000000000000 ) ) ;
#5698 = VECTOR ( 'NONE', #6638, 1000.000000000000000 ) ;
#5699 = ADVANCED_FACE ( 'NONE', ( #4310 ), #7133, .T. ) ;
#5700 = AXIS2_PLACEMENT_3D ( 'NONE', #1950, #426, #7609 ) ;
#5701 = ORIENTED_EDGE ( 'NONE', *, *, #4801, .F. ) ;
#5702 = EDGE_CURVE ( 'NONE', #1270, #7636, #5265, .T. ) ;
#5703 = ORIENTED_EDGE ( 'NONE', *, *, #4894, .T. ) ;
#5704 = CARTESIAN_POINT ( 'NONE',  ( 4.749999999999999112, 5.800000000000001599, -3.750000000000000888 ) ) ;
#5705 = FACE_BOUND ( 'NONE', #4532, .T. ) ;
#5706 = VECTOR ( 'NONE', #4945, 1000.000000000000000 ) ;
#5707 = LINE ( 'NONE', #7867, #754 ) ;
#5708 = EDGE_LOOP ( 'NONE', ( #8051, #3886, #3095, #374 ) ) ;
#5709 = EDGE_CURVE ( 'NONE', #2388, #5936, #176, .T. ) ;
#5710 = PLANE ( 'NONE',  #4543 ) ;
#5711 = PRODUCT_DEFINITION_SHAPE ( 'NONE', 'NONE',  #9163 ) ;
#5712 = SURFACE_STYLE_FILL_AREA ( #5669 ) ;
#5713 = PRODUCT_CONTEXT ( 'NONE', #4981, 'mechanical' ) ;
#5714 = ORIENTED_EDGE ( 'NONE', *, *, #4163, .T. ) ;
#5715 = ADVANCED_FACE ( 'NONE', ( #8642 ), #524, .T. ) ;
#5716 = EDGE_CURVE ( 'NONE', #8171, #5387, #7954, .T. ) ;
#5717 = CARTESIAN_POINT ( 'NONE',  ( -3.750000000000001332, -7.635028842544401506, 4.750000000000000000 ) ) ;
#5718 = DIRECTION ( 'NONE',  ( 1.000000000000000000, 0.000000000000000000, -0.000000000000000000 ) ) ;
#5719 = FACE_OUTER_BOUND ( 'NONE', #3132, .T. ) ;
#5720 = CARTESIAN_POINT ( 'NONE',  ( -7.500000000000000888, 0.000000000000000000, 2.649999999999999023 ) ) ;
#5721 = VECTOR ( 'NONE', #1954, 1000.000000000000000 ) ;
#5722 = VERTEX_POINT ( 'NONE', #8091 ) ;
#5723 = CARTESIAN_POINT ( 'NONE',  ( 0.7500000000000002220, 3.343074902771997259, 7.500000000000000000 ) ) ;
#5724 = DIRECTION ( 'NONE',  ( 1.204669080539449837E-16, 0.000000000000000000, -1.000000000000000000 ) ) ;
#5725 = SURFACE_STYLE_USAGE ( .BOTH. , #7017 ) ;
#5726 = CARTESIAN_POINT ( 'NONE',  ( 0.000000000000000000, 5.799999999999999822, 0.8000000000000000444 ) ) ;
#5727 = CARTESIAN_POINT ( 'NONE',  ( 0.000000000000000000, 1.000000000000000000, -7.650000000000002132 ) ) ;
#5728 = DIRECTION ( 'NONE',  ( -1.000000000000000000, 0.000000000000000000, -0.000000000000000000 ) ) ;
#5729 =( LENGTH_UNIT ( ) NAMED_UNIT ( * ) SI_UNIT ( .MILLI., .METRE. ) );
#5730 = ORIENTED_EDGE ( 'NONE', *, *, #7328, .T. ) ;
#5731 = DIRECTION ( 'NONE',  ( 1.000000000000000000, 0.000000000000000000, -0.000000000000000000 ) ) ;
#5732 = VECTOR ( 'NONE', #2364, 1000.000000000000000 ) ;
#5733 = ORIENTED_EDGE ( 'NONE', *, *, #4128, .F. ) ;
#5734 = EDGE_LOOP ( 'NONE', ( #3570, #8694, #5308, #3773 ) ) ;
#5735 = DIRECTION ( 'NONE',  ( -0.000000000000000000, -1.000000000000000000, 0.000000000000000000 ) ) ;
#5736 = DIRECTION ( 'NONE',  ( 0.000000000000000000, 0.000000000000000000, -1.000000000000000000 ) ) ;
#5737 = CARTESIAN_POINT ( 'NONE',  ( 5.700000000000000178, 1.000000000000000000, -4.549999999999999822 ) ) ;
#5738 = VECTOR ( 'NONE', #6247, 1000.000000000000000 ) ;
#5739 = VECTOR ( 'NONE', #6959, 1000.000000000000000 ) ;
#5740 = CARTESIAN_POINT ( 'NONE',  ( -7.500000000000000000, 0.000000000000000000, 0.000000000000000000 ) ) ;
#5741 = VECTOR ( 'NONE', #8000, 1000.000000000000000 ) ;
#5742 = ORIENTED_EDGE ( 'NONE', *, *, #8187, .F. ) ;
#5743 = LINE ( 'NONE', #8635, #1459 ) ;
#5744 = CARTESIAN_POINT ( 'NONE',  ( -7.499999999999998224, 1.000000000000000000, -4.550000000000000711 ) ) ;
#5745 = CONTEXT_DEPENDENT_SHAPE_REPRESENTATION ( #3421, #5566 ) ;
#5746 = VECTOR ( 'NONE', #7020, 1000.000000000000000 ) ;
#5747 = AXIS2_PLACEMENT_3D ( 'NONE', #7015, #6889, #4067 ) ;
#5748 = ORIENTED_EDGE ( 'NONE', *, *, #1570, .T. ) ;
#5749 = ORIENTED_EDGE ( 'NONE', *, *, #2986, .T. ) ;
#5750 = DIRECTION ( 'NONE',  ( -0.000000000000000000, 1.000000000000000000, 0.000000000000000000 ) ) ;
#5751 = LINE ( 'NONE', #1883, #3834 ) ;
#5752 = DIRECTION ( 'NONE',  ( 0.000000000000000000, -1.000000000000000000, 0.000000000000000000 ) ) ;
#5753 = EDGE_LOOP ( 'NONE', ( #8201, #5703, #7889, #4994 ) ) ;
#5754 = VECTOR ( 'NONE', #156, 1000.000000000000000 ) ;
#5755 = APPLICATION_PROTOCOL_DEFINITION ( 'draft international standard', 'automotive_design', 1998, #4810 ) ;
#5756 = ORIENTED_EDGE ( 'NONE', *, *, #5424, .T. ) ;
#5757 = MANIFOLD_SOLID_BREP ( 'Pin 7', #3210 ) ;
#5758 = VECTOR ( 'NONE', #6483, 1000.000000000000000 ) ;
#5759 = LINE ( 'NONE', #5065, #6924 ) ;
#5760 = VECTOR ( 'NONE', #451, 1000.000000000000000 ) ;
#5761 = EDGE_CURVE ( 'NONE', #1281, #1542, #8837, .T. ) ;
#5762 = PLANE ( 'NONE',  #1005 ) ;
#5763 = VECTOR ( 'NONE', #3596, 1000.000000000000000 ) ;
#5764 = FACE_OUTER_BOUND ( 'NONE', #3659, .T. ) ;
#5765 = DIRECTION ( 'NONE',  ( 0.000000000000000000, 0.000000000000000000, -1.000000000000000000 ) ) ;
#5766 =( LENGTH_UNIT ( ) NAMED_UNIT ( * ) SI_UNIT ( .MILLI., .METRE. ) );
#5767 = ORIENTED_EDGE ( 'NONE', *, *, #7788, .T. ) ;
#5768 = CARTESIAN_POINT ( 'NONE',  ( -6.000000000000000000, 1.899999999999999467, 6.999999999999999112 ) ) ;
#5769 = EDGE_CURVE ( 'NONE', #7321, #5449, #7997, .T. ) ;
#5770 =( NAMED_UNIT ( * ) PLANE_ANGLE_UNIT ( ) SI_UNIT ( $, .RADIAN. ) );
#5771 = DIRECTION ( 'NONE',  ( -0.000000000000000000, 0.000000000000000000, -1.000000000000000000 ) ) ;
#5772 = PRODUCT_DEFINITION ( 'UNKNOWN', '', #333, #4106 ) ;
#5773 = CARTESIAN_POINT ( 'NONE',  ( 5.700000000000000178, 1.000000000000000000, 0.000000000000000000 ) ) ;
#5774 = DIRECTION ( 'NONE',  ( -1.000000000000000000, 0.000000000000000000, -4.818676322157799347E-16 ) ) ;
#5775 =( LENGTH_UNIT ( ) NAMED_UNIT ( * ) SI_UNIT ( .MILLI., .METRE. ) );
#5776 = VERTEX_POINT ( 'NONE', #3936 ) ;
#5777 = LINE ( 'NONE', #1636, #2771 ) ;
#5778 = VECTOR ( 'NONE', #5271, 1000.000000000000000 ) ;
#5779 = ORIENTED_EDGE ( 'NONE', *, *, #5983, .T. ) ;
#5780 = ORIENTED_EDGE ( 'NONE', *, *, #9114, .T. ) ;
#5781 = LINE ( 'NONE', #28, #4317 ) ;
#5782 = LINE ( 'NONE', #2950, #1624 ) ;
#5783 = CARTESIAN_POINT ( 'NONE',  ( 5.700000000000000178, 3.343074902771997259, 0.000000000000000000 ) ) ;
#5784 = SURFACE_STYLE_USAGE ( .BOTH. , #165 ) ;
#5785 = ORIENTED_EDGE ( 'NONE', *, *, #6536, .T. ) ;
#5786 = DIRECTION ( 'NONE',  ( 1.000000000000000000, 0.000000000000000000, 0.000000000000000000 ) ) ;
#5787 = CARTESIAN_POINT ( 'NONE',  ( 0.000000000000000000, 1.000000000000000000, 0.000000000000000000 ) ) ;
#5788 = EDGE_CURVE ( 'NONE', #7562, #6056, #2496, .T. ) ;
#5789 = ORIENTED_EDGE ( 'NONE', *, *, #1730, .F. ) ;
#5790 = ORIENTED_EDGE ( 'NONE', *, *, #494, .T. ) ;
#5791 = CARTESIAN_POINT ( 'NONE',  ( 6.477259170923244547, 6.800000000000000711, -6.880069717526908768 ) ) ;
#5792 = FACE_OUTER_BOUND ( 'NONE', #8477, .T. ) ;
#5793 = CARTESIAN_POINT ( 'NONE',  ( -6.585786437626905965, 1.899999999999999245, 6.999999999999996447 ) ) ;
#5794 = ORIENTED_EDGE ( 'NONE', *, *, #3929, .F. ) ;
#5795 = ADVANCED_FACE ( 'NONE', ( #1004 ), #4536, .F. ) ;
#5796 = CARTESIAN_POINT ( 'NONE',  ( -3.050000000000001155, 0.000000000000000000, 0.000000000000000000 ) ) ;
#5797 = VECTOR ( 'NONE', #1884, 1000.000000000000000 ) ;
#5798 = DIRECTION ( 'NONE',  ( 1.000000000000000000, 0.000000000000000000, 0.000000000000000000 ) ) ;
#5799 = APPLICATION_PROTOCOL_DEFINITION ( 'draft international standard', 'automotive_design', 1998, #7809 ) ;
#5800 = ORIENTED_EDGE ( 'NONE', *, *, #824, .F. ) ;
#5801 = VECTOR ( 'NONE', #5124, 1000.000000000000000 ) ;
#5802 = EDGE_LOOP ( 'NONE', ( #3282, #9141, #4655, #8888, #6697, #3342, #1406, #3433 ) ) ;
#5803 = APPLICATION_CONTEXT ( 'automotive_design' ) ;
#5804 = DIRECTION ( 'NONE',  ( 1.000000000000000000, 0.000000000000000000, 0.000000000000000000 ) ) ;
#5805 = VECTOR ( 'NONE', #6361, 1000.000000000000000 ) ;
#5806 = VECTOR ( 'NONE', #8644, 1000.000000000000000 ) ;
#5807 = FACE_BOUND ( 'NONE', #2958, .T. ) ;
#5808 = DIRECTION ( 'NONE',  ( -1.000000000000000000, 0.000000000000000000, -0.000000000000000000 ) ) ;
#5809 = ORIENTED_EDGE ( 'NONE', *, *, #707, .T. ) ;
#5810 = DIRECTION ( 'NONE',  ( 0.000000000000000000, -0.000000000000000000, -1.000000000000000000 ) ) ;
#5811 = EDGE_CURVE ( 'NONE', #1712, #3987, #5193, .T. ) ;
#5812 = DIRECTION ( 'NONE',  ( 1.119176436114069085E-16, -0.000000000000000000, 1.000000000000000000 ) ) ;
#5813 = CARTESIAN_POINT ( 'NONE',  ( 7.500000000000000000, 1.000000000000000000, -3.049999999999999378 ) ) ;
#5814 = CARTESIAN_POINT ( 'NONE',  ( 7.500000000000000000, 1.000000000000000000, 0.000000000000000000 ) ) ;
#5815 = FILL_AREA_STYLE ('',( #2889 ) ) ;
#5816 = PLANE ( 'NONE',  #7622 ) ;
#5817 =( GEOMETRIC_REPRESENTATION_CONTEXT ( 3 ) GLOBAL_UNCERTAINTY_ASSIGNED_CONTEXT ( ( #762 ) ) GLOBAL_UNIT_ASSIGNED_CONTEXT ( ( #5251, #8012, #2456 ) ) REPRESENTATION_CONTEXT ( 'NONE', 'WORKASPACE' ) );
#5818 = ORIENTED_EDGE ( 'NONE', *, *, #2411, .T. ) ;
#5819 = FACE_OUTER_BOUND ( 'NONE', #8602, .T. ) ;
#5820 = VERTEX_POINT ( 'NONE', #5973 ) ;
#5821 = ORIENTED_EDGE ( 'NONE', *, *, #3266, .T. ) ;
#5822 = DIRECTION ( 'NONE',  ( 1.000000000000000000, 0.000000000000000000, 0.000000000000000000 ) ) ;
#5823 = EDGE_CURVE ( 'NONE', #4528, #2299, #1149, .T. ) ;
#5824 = DIRECTION ( 'NONE',  ( 1.000000000000000000, 0.000000000000000000, 0.000000000000000000 ) ) ;
#5825 = LINE ( 'NONE', #4951, #7982 ) ;
#5826 = DIRECTION ( 'NONE',  ( 0.000000000000000000, 0.000000000000000000, 1.000000000000000000 ) ) ;
#5827 = CARTESIAN_POINT ( 'NONE',  ( -3.050000000000001155, 0.000000000000000000, 7.499999999999999112 ) ) ;
#5828 = ORIENTED_EDGE ( 'NONE', *, *, #3828, .T. ) ;
#5829 = PLANE ( 'NONE',  #8552 ) ;
#5830 = LINE ( 'NONE', #3749, #3234 ) ;
#5831 = VERTEX_POINT ( 'NONE', #8044 ) ;
#5832 = EDGE_CURVE ( 'NONE', #4456, #8611, #3846, .T. ) ;
#5833 = EDGE_LOOP ( 'NONE', ( #5028, #6246, #8421, #8897 ) ) ;
#5834 = DIRECTION ( 'NONE',  ( 1.000000000000000000, 0.000000000000000000, 5.782411586589355667E-16 ) ) ;
#5835 = CARTESIAN_POINT ( 'NONE',  ( -6.000000000000000000, 34.81320343559642794, 6.000000000000000000 ) ) ;
#5836 = EDGE_CURVE ( 'NONE', #8508, #6268, #2542, .T. ) ;
#5837 = CARTESIAN_POINT ( 'NONE',  ( 6.000000000000000000, 6.800000000000000711, 6.999999999999999112 ) ) ;
#5838 = ORIENTED_EDGE ( 'NONE', *, *, #4776, .F. ) ;
#5839 = VECTOR ( 'NONE', #8890, 1000.000000000000000 ) ;
#5840 = DIRECTION ( 'NONE',  ( -0.000000000000000000, -1.000000000000000000, -0.000000000000000000 ) ) ;
#5841 = LINE ( 'NONE', #7318, #6779 ) ;
#5842 = DIRECTION ( 'NONE',  ( 0.000000000000000000, 0.000000000000000000, 1.000000000000000000 ) ) ;
#5843 = EDGE_CURVE ( 'NONE', #849, #3233, #1837, .T. ) ;
#5844 = ORIENTED_EDGE ( 'NONE', *, *, #5032, .F. ) ;
#5845 = ORIENTED_EDGE ( 'NONE', *, *, #83, .F. ) ;
#5846 = VECTOR ( 'NONE', #5988, 1000.000000000000000 ) ;
#5847 = DIRECTION ( 'NONE',  ( 1.000000000000000000, 0.000000000000000000, -0.000000000000000000 ) ) ;
#5848 = FACE_BOUND ( 'NONE', #5708, .T. ) ;
#5849 = EDGE_CURVE ( 'NONE', #8290, #138, #1790, .T. ) ;
#5850 = CARTESIAN_POINT ( 'NONE',  ( -0.7500000000000002220, 3.343074902771997259, -9.035018104045876857E-17 ) ) ;
#5851 = ORIENTED_EDGE ( 'NONE', *, *, #9128, .F. ) ;
#5852 = PLANE ( 'NONE',  #6933 ) ;
#5853 = DIRECTION ( 'NONE',  ( 4.818676322157799347E-16, 0.000000000000000000, 1.000000000000000000 ) ) ;
#5854 = EDGE_LOOP ( 'NONE', ( #2393, #2893, #6979, #2123 ) ) ;
#5855 = AXIS2_PLACEMENT_3D ( 'NONE', #7336, #8808, #3822 ) ;
#5856 = CARTESIAN_POINT ( 'NONE',  ( 3.295974604355931902E-15, 1.000000000000000000, -5.699999999999998401 ) ) ;
#5857 = FACE_OUTER_BOUND ( 'NONE', #6428, .T. ) ;
#5858 = DIRECTION ( 'NONE',  ( 4.818676322157799347E-16, 0.000000000000000000, -1.000000000000000000 ) ) ;
#5859 = ORIENTED_EDGE ( 'NONE', *, *, #7424, .T. ) ;
#5860 = DIRECTION ( 'NONE',  ( -0.000000000000000000, 0.000000000000000000, 1.000000000000000000 ) ) ;
#5861 = EDGE_CURVE ( 'NONE', #2853, #1745, #8738, .T. ) ;
#5862 = VERTEX_POINT ( 'NONE', #5885 ) ;
#5863 = EDGE_CURVE ( 'NONE', #2206, #5655, #7312, .T. ) ;
#5864 = ADVANCED_FACE ( 'NONE', ( #6623 ), #4172, .F. ) ;
#5865 = ORIENTED_EDGE ( 'NONE', *, *, #3668, .F. ) ;
#5866 = FACE_OUTER_BOUND ( 'NONE', #8313, .T. ) ;
#5867 = CARTESIAN_POINT ( 'NONE',  ( 0.000000000000000000, 0.000000000000000000, -7.500000000000000000 ) ) ;
#5868 = CARTESIAN_POINT ( 'NONE',  ( -3.050000000000001155, 1.000000000000000000, 7.499999999999999112 ) ) ;
#5869 = DIRECTION ( 'NONE',  ( -1.000000000000000000, 0.000000000000000000, -5.782411586589355667E-16 ) ) ;
#5870 = EDGE_CURVE ( 'NONE', #578, #5253, #4872, .T. ) ;
#5871 = CYLINDRICAL_SURFACE ( 'NONE', #109, 0.5000000000000004441 ) ;
#5872 = ORIENTED_EDGE ( 'NONE', *, *, #7569, .F. ) ;
#5873 = EDGE_CURVE ( 'NONE', #1750, #2312, #8284, .T. ) ;
#5874 = CYLINDRICAL_SURFACE ( 'NONE', #7677, 0.5000000000000004441 ) ;
#5875 = MANIFOLD_SOLID_BREP ( 'Pin 4', #4854 ) ;
#5876 = DIRECTION ( 'NONE',  ( 1.000000000000000000, 0.000000000000000000, 0.000000000000000000 ) ) ;
#5877 = ORIENTED_EDGE ( 'NONE', *, *, #7840, .F. ) ;
#5878 = CLOSED_SHELL ( 'NONE', ( #6942, #4546, #6475, #4627, #618, #3442 ) ) ;
#5879 = EDGE_CURVE ( 'NONE', #447, #5551, #3336, .T. ) ;
#5880 = ORIENTED_EDGE ( 'NONE', *, *, #7901, .T. ) ;
#5881 = VECTOR ( 'NONE', #2078, 1000.000000000000000 ) ;
#5882 = VECTOR ( 'NONE', #3811, 1000.000000000000000 ) ;
#5883 = CARTESIAN_POINT ( 'NONE',  ( 3.295974604355931902E-15, 3.343074902771997259, -5.699999999999998401 ) ) ;
#5884 = CARTESIAN_POINT ( 'NONE',  ( -2.649999999999999467, 1.000000000000000000, -5.700000000000000178 ) ) ;
#5885 = CARTESIAN_POINT ( 'NONE',  ( 2.650000000000000355, 1.000000000000000000, 5.700000000000000178 ) ) ;
#5886 = ORIENTED_EDGE ( 'NONE', *, *, #2349, .F. ) ;
#5887 = VECTOR ( 'NONE', #2708, 1000.000000000000000 ) ;
#5888 = AXIS2_PLACEMENT_3D ( 'NONE', #7260, #204, #8725 ) ;
#5889 = DIRECTION ( 'NONE',  ( 1.000000000000000000, 0.000000000000000000, -0.000000000000000000 ) ) ;
#5890 = PRODUCT_CONTEXT ( 'NONE', #6745, 'mechanical' ) ;
#5891 = EDGE_LOOP ( 'NONE', ( #3237, #6314, #2811, #6662 ) ) ;
#5892 = EDGE_LOOP ( 'NONE', ( #6384, #4624, #2077, #8732 ) ) ;
#5893 = STYLED_ITEM ( 'NONE', ( #8775 ), #6160 ) ;
#5894 = VECTOR ( 'NONE', #1231, 1000.000000000000000 ) ;
#5895 = DIRECTION ( 'NONE',  ( 0.000000000000000000, 0.000000000000000000, -1.000000000000000000 ) ) ;
#5896 = PRODUCT ( 'SAM-M8Q-0-10_8', 'SAM-M8Q-0-10_8', '', ( #2357 ) ) ;
#5897 = LINE ( 'NONE', #7244, #4141 ) ;
#5898 =( NAMED_UNIT ( * ) SI_UNIT ( $, .STERADIAN. ) SOLID_ANGLE_UNIT ( ) );
#5899 = CARTESIAN_POINT ( 'NONE',  ( 2.650000000000001243, 0.000000000000000000, -5.700000000000000178 ) ) ;
#5900 = ORIENTED_EDGE ( 'NONE', *, *, #3271, .T. ) ;
#5901 = LINE ( 'NONE', #1573, #8094 ) ;
#5902 = ORIENTED_EDGE ( 'NONE', *, *, #7850, .F. ) ;
#5903 = AXIS2_PLACEMENT_3D ( 'NONE', #5256, #8661, #2417 ) ;
#5904 = DIRECTION ( 'NONE',  ( -0.000000000000000000, -1.000000000000000000, -0.000000000000000000 ) ) ;
#5905 = VECTOR ( 'NONE', #6527, 1000.000000000000000 ) ;
#5906 = EDGE_LOOP ( 'NONE', ( #5748, #5676, #6557, #3013 ) ) ;
#5907 = FACE_OUTER_BOUND ( 'NONE', #1550, .T. ) ;
#5908 = CARTESIAN_POINT ( 'NONE',  ( 7.750000000000001776, 1.899999999999999911, -7.750000000000003553 ) ) ;
#5909 = DIRECTION ( 'NONE',  ( 0.000000000000000000, -0.000000000000000000, -1.000000000000000000 ) ) ;
#5910 = EDGE_LOOP ( 'NONE', ( #315, #1478, #6581, #4864, #6654, #2030, #5794, #4034 ) ) ;
#5911 = PLANE ( 'NONE',  #7957 ) ;
#5912 = ORIENTED_EDGE ( 'NONE', *, *, #8239, .T. ) ;
#5913 = ORIENTED_EDGE ( 'NONE', *, *, #5521, .T. ) ;
#5914 = DIRECTION ( 'NONE',  ( -0.000000000000000000, -0.000000000000000000, -1.000000000000000000 ) ) ;
#5915 = CARTESIAN_POINT ( 'NONE',  ( 0.000000000000000000, 3.343074902771997259, -7.500000000000000000 ) ) ;
#5916 = DIRECTION ( 'NONE',  ( 1.204669080539449837E-16, 0.000000000000000000, -1.000000000000000000 ) ) ;
#5917 = DIRECTION ( 'NONE',  ( 1.000000000000000000, 0.000000000000000000, -0.000000000000000000 ) ) ;
#5918 = ORIENTED_EDGE ( 'NONE', *, *, #2281, .F. ) ;
#5919 = CARTESIAN_POINT ( 'NONE',  ( 0.000000000000000000, 1.899999999999999911, 0.000000000000000000 ) ) ;
#5920 = CARTESIAN_POINT ( 'NONE',  ( 6.000000000000000000, 6.299999999999999822, 7.500000000000000000 ) ) ;
#5921 = APPLICATION_CONTEXT ( 'automotive_design' ) ;
#5922 = ORIENTED_EDGE ( 'NONE', *, *, #3931, .F. ) ;
#5923 = EDGE_CURVE ( 'NONE', #6056, #7832, #6906, .T. ) ;
#5924 = ADVANCED_FACE ( 'NONE', ( #3292 ), #8983, .F. ) ;
#5925 = ORIENTED_EDGE ( 'NONE', *, *, #6382, .F. ) ;
#5926 = DIRECTION ( 'NONE',  ( -0.000000000000000000, -1.000000000000000000, -0.000000000000000000 ) ) ;
#5927 = DIRECTION ( 'NONE',  ( 0.000000000000000000, 0.000000000000000000, 1.000000000000000000 ) ) ;
#5928 = PLANE ( 'NONE',  #1319 ) ;
#5929 = DIRECTION ( 'NONE',  ( 1.000000000000000000, 0.000000000000000000, -0.000000000000000000 ) ) ;
#5930 = VERTEX_POINT ( 'NONE', #8234 ) ;
#5931 = CARTESIAN_POINT ( 'NONE',  ( -7.500000000000000888, 6.592893218813453693, 6.000000000000001776 ) ) ;
#5932 = CARTESIAN_POINT ( 'NONE',  ( 6.999999999999998224, 2.399999999999999467, -6.000000000000000000 ) ) ;
#5933 = APPLICATION_PROTOCOL_DEFINITION ( 'draft international standard', 'automotive_design', 1998, #8287 ) ;
#5934 = ORIENTED_EDGE ( 'NONE', *, *, #650, .T. ) ;
#5935 = MANIFOLD_SOLID_BREP ( 'Pin 16', #8240 ) ;
#5936 = VERTEX_POINT ( 'NONE', #7551 ) ;
#5937 = FACE_OUTER_BOUND ( 'NONE', #1229, .T. ) ;
#5938 = CARTESIAN_POINT ( 'NONE',  ( 3.049999999999999822, 1.000000000000000000, 7.500000000000000000 ) ) ;
#5939 = PRESENTATION_STYLE_ASSIGNMENT (( #7285 ) ) ;
#5940 = CARTESIAN_POINT ( 'NONE',  ( -7.500000000000001776, 1.000000000000000000, 4.549999999999998934 ) ) ;
#5941 = DIRECTION ( 'NONE',  ( 1.000000000000000000, 0.000000000000000000, 0.000000000000000000 ) ) ;
#5942 = VECTOR ( 'NONE', #2525, 1000.000000000000000 ) ;
#5943 = DIRECTION ( 'NONE',  ( 0.000000000000000000, -0.000000000000000000, 1.000000000000000000 ) ) ;
#5944 = ORIENTED_EDGE ( 'NONE', *, *, #7003, .T. ) ;
#5945 = PRODUCT_DEFINITION_SHAPE ( 'NONE', 'NONE',  #1772 ) ;
#5946 = EDGE_CURVE ( 'NONE', #3896, #4671, #1200, .T. ) ;
#5947 = DIRECTION ( 'NONE',  ( -0.000000000000000000, -0.000000000000000000, -1.000000000000000000 ) ) ;
#5948 = ORIENTED_EDGE ( 'NONE', *, *, #4631, .F. ) ;
#5949 = CARTESIAN_POINT ( 'NONE',  ( 4.549999999999999822, 0.000000000000000000, -7.499999999999998224 ) ) ;
#5950 = CARTESIAN_POINT ( 'NONE',  ( -5.700000000000000178, 0.000000000000000000, 2.649999999999999467 ) ) ;
#5951 = LINE ( 'NONE', #3164, #5997 ) ;
#5952 = ORIENTED_EDGE ( 'NONE', *, *, #369, .T. ) ;
#5953 = CARTESIAN_POINT ( 'NONE',  ( 6.000000000000000000, 1.899999999999999467, -7.292893218813452094 ) ) ;
#5954 = ORIENTED_EDGE ( 'NONE', *, *, #4349, .T. ) ;
#5955 = EDGE_LOOP ( 'NONE', ( #3010, #2732, #8415, #6424 ) ) ;
#5956 = CARTESIAN_POINT ( 'NONE',  ( 2.650000000000000355, 1.000000000000000000, 7.500000000000000000 ) ) ;
#5957 = EDGE_CURVE ( 'NONE', #3219, #827, #8413, .T. ) ;
#5958 = DIRECTION ( 'NONE',  ( 0.000000000000000000, 0.000000000000000000, -1.000000000000000000 ) ) ;
#5959 = DIRECTION ( 'NONE',  ( -1.000000000000000000, 0.000000000000000000, -0.000000000000000000 ) ) ;
#5960 =( GEOMETRIC_REPRESENTATION_CONTEXT ( 3 ) GLOBAL_UNCERTAINTY_ASSIGNED_CONTEXT ( ( #5043 ) ) GLOBAL_UNIT_ASSIGNED_CONTEXT ( ( #8158, #4653, #7465 ) ) REPRESENTATION_CONTEXT ( 'NONE', 'WORKASPACE' ) );
#5961 = FILL_AREA_STYLE ('',( #1091 ) ) ;
#5962 = ORIENTED_EDGE ( 'NONE', *, *, #4916, .T. ) ;
#5963 = DIRECTION ( 'NONE',  ( -0.000000000000000000, 0.000000000000000000, 1.000000000000000000 ) ) ;
#5964 = LINE ( 'NONE', #4772, #7672 ) ;
#5965 = EDGE_CURVE ( 'NONE', #1320, #4746, #3608, .T. ) ;
#5966 = EDGE_LOOP ( 'NONE', ( #6722, #777, #3687, #7795 ) ) ;
#5967 = PRODUCT_DEFINITION_FORMATION_WITH_SPECIFIED_SOURCE ( 'ANY', '', #3825, .NOT_KNOWN. ) ;
#5968 = PRODUCT_DEFINITION_SHAPE ( 'NONE', 'NONE',  #153 ) ;
#5969 = ORIENTED_EDGE ( 'NONE', *, *, #6382, .T. ) ;
#5970 = LINE ( 'NONE', #1054, #7480 ) ;
#5971 = CARTESIAN_POINT ( 'NONE',  ( 0.000000000000000000, 1.000000000000000000, 5.700000000000000178 ) ) ;
#5972 = CARTESIAN_POINT ( 'NONE',  ( 7.499999999999999112, 1.000000000000000000, 4.549999999999999822 ) ) ;
#5973 = CARTESIAN_POINT ( 'NONE',  ( 3.049999999999999822, 1.000000000000000000, 5.700000000000000178 ) ) ;
#5974 = EDGE_LOOP ( 'NONE', ( #1373, #935, #3778, #5445 ) ) ;
#5975 = EDGE_CURVE ( 'NONE', #7743, #6572, #4347, .T. ) ;
#5976 = CARTESIAN_POINT ( 'NONE',  ( -6.999999999999999112, 6.799999999999997158, -6.500000000000000888 ) ) ;
#5977 = DIRECTION ( 'NONE',  ( 1.000000000000000000, 0.000000000000000000, 5.782411586589355667E-16 ) ) ;
#5978 = PRODUCT_CONTEXT ( 'NONE', #227, 'mechanical' ) ;
#5979 = ORIENTED_EDGE ( 'NONE', *, *, #3591, .T. ) ;
#5980 = MANIFOLD_SOLID_BREP ( 'Pin 6', #4249 ) ;
#5981 = ORIENTED_EDGE ( 'NONE', *, *, #3750, .F. ) ;
#5982 = DIRECTION ( 'NONE',  ( -1.000000000000000000, 0.000000000000000000, -0.000000000000000000 ) ) ;
#5983 = EDGE_CURVE ( 'NONE', #8462, #8394, #5087, .T. ) ;
#5984 = EDGE_CURVE ( 'NONE', #9078, #1833, #7899, .T. ) ;
#5985 = ADVANCED_FACE ( 'NONE', ( #7121 ), #4434, .F. ) ;
#5986 = CARTESIAN_POINT ( 'NONE',  ( 7.500000000000000000, 0.000000000000000000, -4.549999999999998934 ) ) ;
#5987 = ADVANCED_FACE ( 'NONE', ( #3569 ), #7212, .F. ) ;
#5988 = DIRECTION ( 'NONE',  ( 1.000000000000000000, 0.000000000000000000, -0.000000000000000000 ) ) ;
#5989 =( LENGTH_UNIT ( ) NAMED_UNIT ( * ) SI_UNIT ( .MILLI., .METRE. ) );
#5990 = CARTESIAN_POINT ( 'NONE',  ( 6.999999999999999112, 6.299999999999999822, 0.000000000000000000 ) ) ;
#5991 = ORIENTED_EDGE ( 'NONE', *, *, #6166, .F. ) ;
#5992 = EDGE_CURVE ( 'NONE', #5776, #562, #8503, .T. ) ;
#5993 = VECTOR ( 'NONE', #232, 1000.000000000000000 ) ;
#5994 = AXIS2_PLACEMENT_3D ( 'NONE', #5138, #7952, #7270 ) ;
#5995 = UNCERTAINTY_MEASURE_WITH_UNIT (LENGTH_MEASURE( 1.000000000000000082E-05 ), #1081, 'distance_accuracy_value', 'NONE');
#5996 = CARTESIAN_POINT ( 'NONE',  ( -4.550000000000002487, 3.343074902771997259, 2.192497726581800660E-15 ) ) ;
#5997 = VECTOR ( 'NONE', #6693, 1000.000000000000000 ) ;
#5998 = CARTESIAN_POINT ( 'NONE',  ( 6.878679656440357171, 6.299999999999999822, 7.500000000000000000 ) ) ;
#5999 = FACE_OUTER_BOUND ( 'NONE', #288, .T. ) ;
#6000 = CARTESIAN_POINT ( 'NONE',  ( -1.900000000000000133, 0.5000000000000000000, 1.899999999999999689 ) ) ;
#6001 = ORIENTED_EDGE ( 'NONE', *, *, #375, .F. ) ;
#6002 = CARTESIAN_POINT ( 'NONE',  ( 6.757359312880714342, 1.899999999999999689, -7.292893218813451206 ) ) ;
#6003 = ORIENTED_EDGE ( 'NONE', *, *, #4078, .T. ) ;
#6004 = VERTEX_POINT ( 'NONE', #5130 ) ;
#6005 = CARTESIAN_POINT ( 'NONE',  ( -7.500000000000001776, 1.000000000000000000, 4.549999999999998934 ) ) ;
#6006 = STYLED_ITEM ( 'NONE', ( #7252 ), #3006 ) ;
#6007 = DIRECTION ( 'NONE',  ( 1.000000000000000000, -0.000000000000000000, 2.409338161078899674E-16 ) ) ;
#6008 = CARTESIAN_POINT ( 'NONE',  ( 5.700000000000000178, 0.000000000000000000, -0.7499999999999997780 ) ) ;
#6009 = LINE ( 'NONE', #4526, #6802 ) ;
#6010 = VERTEX_POINT ( 'NONE', #5827 ) ;
#6011 = CARTESIAN_POINT ( 'NONE',  ( 7.500000000000000000, 1.000000000000000000, -3.049999999999999378 ) ) ;
#6012 = PRESENTATION_STYLE_ASSIGNMENT (( #3927 ) ) ;
#6013 = CARTESIAN_POINT ( 'NONE',  ( 7.500000000000000000, 6.592893218813451917, -5.999999999999998224 ) ) ;
#6014 = VECTOR ( 'NONE', #8330, 1000.000000000000000 ) ;
#6015 = EDGE_LOOP ( 'NONE', ( #956, #1420, #7962, #22 ) ) ;
#6016 = ORIENTED_EDGE ( 'NONE', *, *, #1337, .F. ) ;
#6017 = LINE ( 'NONE', #8833, #8362 ) ;
#6018 = SHAPE_REPRESENTATION ( 'SAM-M8Q-0-10_15', ( #2096 ), #5227 ) ;
#6019 = DIRECTION ( 'NONE',  ( 0.000000000000000000, 0.000000000000000000, 1.000000000000000000 ) ) ;
#6020 = LINE ( 'NONE', #5972, #577 ) ;
#6021 = FILL_AREA_STYLE_COLOUR ( '', #6400 ) ;
#6022 = VERTEX_POINT ( 'NONE', #1507 ) ;
#6023 = PRODUCT ( 'SAM-M8Q-0-10_23', 'SAM-M8Q-0-10_23', '', ( #2176 ) ) ;
#6024 = FACE_OUTER_BOUND ( 'NONE', #5053, .T. ) ;
#6025 = LINE ( 'NONE', #8843, #6771 ) ;
#6026 = PRODUCT_CONTEXT ( 'NONE', #5468, 'mechanical' ) ;
#6027 = EDGE_LOOP ( 'NONE', ( #7776, #8884, #2166, #2396 ) ) ;
#6028 = VECTOR ( 'NONE', #5120, 1000.000000000000000 ) ;
#6029 = ORIENTED_EDGE ( 'NONE', *, *, #2711, .T. ) ;
#6030 = STYLED_ITEM ( 'NONE', ( #7005 ), #8955 ) ;
#6031 = FACE_OUTER_BOUND ( 'NONE', #8588, .T. ) ;
#6032 = DIRECTION ( 'NONE',  ( 1.000000000000000000, 0.000000000000000000, 0.000000000000000000 ) ) ;
#6033 = VECTOR ( 'NONE', #8209, 1000.000000000000000 ) ;
#6034 = AXIS2_PLACEMENT_3D ( 'NONE', #4095, #2651, #6915 ) ;
#6035 = PLANE ( 'NONE',  #5018 ) ;
#6036 = SURFACE_SIDE_STYLE ('',( #8654 ) ) ;
#6037 = VECTOR ( 'NONE', #5581, 1000.000000000000000 ) ;
#6038 = CARTESIAN_POINT ( 'NONE',  ( 3.749999999999999112, 5.799999999999999822, -4.750000000000000000 ) ) ;
#6039 = CARTESIAN_POINT ( 'NONE',  ( 5.499999999999999112, 1.000000000000000000, -4.500000000000001776 ) ) ;
#6040 = ORIENTED_EDGE ( 'NONE', *, *, #771, .T. ) ;
#6041 = PRODUCT_RELATED_PRODUCT_CATEGORY ( 'part', '', ( #6023 ) ) ;
#6042 = VECTOR ( 'NONE', #5036, 1000.000000000000000 ) ;
#6043 = EDGE_CURVE ( 'NONE', #1109, #6824, #2205, .T. ) ;
#6044 = EDGE_CURVE ( 'NONE', #8324, #2498, #5654, .T. ) ;
#6045 = DIRECTION ( 'NONE',  ( 1.000000000000000000, 0.000000000000000000, -0.000000000000000000 ) ) ;
#6046 = LINE ( 'NONE', #6838, #7946 ) ;
#6047 = CARTESIAN_POINT ( 'NONE',  ( 0.000000000000000000, 1.000000000000000000, -5.700000000000000178 ) ) ;
#6048 = DIRECTION ( 'NONE',  ( 1.000000000000000000, 0.000000000000000000, 0.000000000000000000 ) ) ;
#6049 = SHAPE_REPRESENTATION_RELATIONSHIP ( 'NONE' , 'NONE' ,  #2772, #2126 ) ;
#6050 = ORIENTED_EDGE ( 'NONE', *, *, #8866, .T. ) ;
#6051 = VECTOR ( 'NONE', #6385, 1000.000000000000000 ) ;
#6052 = PRODUCT_DEFINITION_SHAPE ( 'NONE', 'NONE',  #8258 ) ;
#6053 = CARTESIAN_POINT ( 'NONE',  ( 0.000000000000000000, 0.000000000000000000, 4.549999999999999822 ) ) ;
#6054 = ORIENTED_EDGE ( 'NONE', *, *, #4128, .T. ) ;
#6055 = VECTOR ( 'NONE', #3748, 1000.000000000000000 ) ;
#6056 = VERTEX_POINT ( 'NONE', #4301 ) ;
#6057 = LINE ( 'NONE', #8876, #1490 ) ;
#6058 = CARTESIAN_POINT ( 'NONE',  ( 7.500000000000000000, 1.000000000000000000, 0.7500000000000006661 ) ) ;
#6059 = DIRECTION ( 'NONE',  ( -0.000000000000000000, -1.000000000000000000, 0.000000000000000000 ) ) ;
#6060 = CARTESIAN_POINT ( 'NONE',  ( -3.049999999999998934, 1.000000000000000000, -5.700000000000000178 ) ) ;
#6061 = AXIS2_PLACEMENT_3D ( 'NONE', #4781, #4252, #6351 ) ;
#6062 = DIRECTION ( 'NONE',  ( 0.000000000000000000, 0.000000000000000000, -1.000000000000000000 ) ) ;
#6063 = ORIENTED_EDGE ( 'NONE', *, *, #368, .T. ) ;
#6064 = LINE ( 'NONE', #8079, #2945 ) ;
#6065 = FILL_AREA_STYLE ('',( #1828 ) ) ;
#6066 = VECTOR ( 'NONE', #3507, 1000.000000000000000 ) ;
#6067 = DIRECTION ( 'NONE',  ( 0.000000000000000000, 0.000000000000000000, 1.000000000000000000 ) ) ;
#6068 = ORIENTED_EDGE ( 'NONE', *, *, #656, .T. ) ;
#6069 = VERTEX_POINT ( 'NONE', #6352 ) ;
#6070 = LINE ( 'NONE', #5341, #8221 ) ;
#6071 = CARTESIAN_POINT ( 'NONE',  ( 1.149999999999999911, 3.343074902771997259, 7.500000000000000000 ) ) ;
#6072 = FACE_OUTER_BOUND ( 'NONE', #4683, .T. ) ;
#6073 = DIRECTION ( 'NONE',  ( -0.000000000000000000, 0.000000000000000000, 1.000000000000000000 ) ) ;
#6074 = UNCERTAINTY_MEASURE_WITH_UNIT (LENGTH_MEASURE( 1.000000000000000082E-05 ), #8057, 'distance_accuracy_value', 'NONE');
#6075 = ORIENTED_EDGE ( 'NONE', *, *, #753, .T. ) ;
#6076 = ADVANCED_FACE ( 'NONE', ( #2462 ), #8458, .F. ) ;
#6077 = CARTESIAN_POINT ( 'NONE',  ( 2.650000000000000355, 0.000000000000000000, 0.000000000000000000 ) ) ;
#6078 = PLANE ( 'NONE',  #692 ) ;
#6079 = PRODUCT_CONTEXT ( 'NONE', #6287, 'mechanical' ) ;
#6080 = ORIENTED_EDGE ( 'NONE', *, *, #1220, .T. ) ;
#6081 = AXIS2_PLACEMENT_3D ( 'NONE', #8129, #5916, #5332 ) ;
#6082 = ORIENTED_EDGE ( 'NONE', *, *, #3553, .F. ) ;
#6083 = DIRECTION ( 'NONE',  ( 0.000000000000000000, 0.000000000000000000, -1.000000000000000000 ) ) ;
#6084 = EDGE_CURVE ( 'NONE', #4671, #1845, #8256, .T. ) ;
#6085 = DIRECTION ( 'NONE',  ( 1.000000000000000000, 0.000000000000000000, -0.000000000000000000 ) ) ;
#6086 =( REPRESENTATION_RELATIONSHIP ('NONE','NONE', #464, #7266 ) REPRESENTATION_RELATIONSHIP_WITH_TRANSFORMATION ( #8199 )SHAPE_REPRESENTATION_RELATIONSHIP( ) );
#6087 =( NAMED_UNIT ( * ) SI_UNIT ( $, .STERADIAN. ) SOLID_ANGLE_UNIT ( ) );
#6088 =( NAMED_UNIT ( * ) PLANE_ANGLE_UNIT ( ) SI_UNIT ( $, .RADIAN. ) );
#6089 = CARTESIAN_POINT ( 'NONE',  ( 4.500000000000000888, 1.000000000000000000, 5.499999999999998224 ) ) ;
#6090 = ORIENTED_EDGE ( 'NONE', *, *, #1346, .F. ) ;
#6091 = DIRECTION ( 'NONE',  ( 0.000000000000000000, -0.000000000000000000, -1.000000000000000000 ) ) ;
#6092 = MANIFOLD_SOLID_BREP ( 'Label', #3808 ) ;
#6093 = DIRECTION ( 'NONE',  ( -1.000000000000000000, -0.000000000000000000, 0.000000000000000000 ) ) ;
#6094 = LINE ( 'NONE', #3912, #2749 ) ;
#6095 = LINE ( 'NONE', #6284, #1690 ) ;
#6096 =( LENGTH_UNIT ( ) NAMED_UNIT ( * ) SI_UNIT ( .MILLI., .METRE. ) );
#6097 = ADVANCED_FACE ( 'NONE', ( #7263 ), #6432, .T. ) ;
#6098 = ORIENTED_EDGE ( 'NONE', *, *, #2416, .F. ) ;
#6099 = CARTESIAN_POINT ( 'NONE',  ( 6.999999999999998224, 1.899999999999999467, -6.585786437626904188 ) ) ;
#6100 = VECTOR ( 'NONE', #2952, 1000.000000000000000 ) ;
#6101 = ORIENTED_EDGE ( 'NONE', *, *, #1275, .F. ) ;
#6102 = AXIS2_PLACEMENT_3D ( 'NONE', #8325, #6302, #3512 ) ;
#6103 = ORIENTED_EDGE ( 'NONE', *, *, #7140, .T. ) ;
#6104 = CARTESIAN_POINT ( 'NONE',  ( 1.149999999999999689, 1.000000000000000000, 1.385369442620366832E-16 ) ) ;
#6105 = APPLICATION_CONTEXT ( 'automotive_design' ) ;
#6106 = CARTESIAN_POINT ( 'NONE',  ( -5.700000000000000178, 3.343074902771997259, -0.7500000000000013323 ) ) ;
#6107 = LINE ( 'NONE', #7540, #1335 ) ;
#6108 = VECTOR ( 'NONE', #1017, 1000.000000000000000 ) ;
#6109 = EDGE_CURVE ( 'NONE', #3937, #7832, #900, .T. ) ;
#6110 = PLANE ( 'NONE',  #1435 ) ;
#6111 = EDGE_LOOP ( 'NONE', ( #188, #5568, #3780, #7258 ) ) ;
#6112 = FACE_OUTER_BOUND ( 'NONE', #5906, .T. ) ;
#6113 = VECTOR ( 'NONE', #5840, 1000.000000000000000 ) ;
#6114 = CARTESIAN_POINT ( 'NONE',  ( 0.000000000000000000, 6.799999999999999822, 1.200000000000000178 ) ) ;
#6115 = ADVANCED_FACE ( 'NONE', ( #8881 ), #2387, .F. ) ;
#6116 = EDGE_LOOP ( 'NONE', ( #4262, #7805, #7694, #5918 ) ) ;
#6117 = EDGE_CURVE ( 'NONE', #5862, #4393, #207, .T. ) ;
#6118 = ORIENTED_EDGE ( 'NONE', *, *, #202, .T. ) ;
#6119 = LINE ( 'NONE', #4533, #8507 ) ;
#6120 = LINE ( 'NONE', #3794, #1393 ) ;
#6121 = PLANE ( 'NONE',  #6215 ) ;
#6122 = VERTEX_POINT ( 'NONE', #1043 ) ;
#6123 = CARTESIAN_POINT ( 'NONE',  ( 7.500000000000000000, 6.299999999999999822, 6.000000000000000000 ) ) ;
#6124 = DIRECTION ( 'NONE',  ( 0.000000000000000000, 0.000000000000000000, -1.000000000000000000 ) ) ;
#6125 = ITEM_DEFINED_TRANSFORMATION ( 'NONE', 'NONE', #45,  #2096 ) ;
#6126 = AXIS2_PLACEMENT_3D ( 'NONE', #2413, #1020, #1166 ) ;
#6127 = VERTEX_POINT ( 'NONE', #992 ) ;
#6128 = EDGE_CURVE ( 'NONE', #5245, #173, #3038, .T. ) ;
#6129 = ORIENTED_EDGE ( 'NONE', *, *, #7228, .T. ) ;
#6130 = ADVANCED_FACE ( 'NONE', ( #344 ), #3130, .F. ) ;
#6131 = DIRECTION ( 'NONE',  ( 0.000000000000000000, 0.000000000000000000, -1.000000000000000000 ) ) ;
#6132 = EDGE_CURVE ( 'NONE', #2368, #7733, #4623, .T. ) ;
#6133 = DIRECTION ( 'NONE',  ( 1.000000000000000000, 0.000000000000000000, 0.000000000000000000 ) ) ;
#6134 = ORIENTED_EDGE ( 'NONE', *, *, #2704, .F. ) ;
#6135 = DIRECTION ( 'NONE',  ( -1.000000000000000000, 0.000000000000000000, -1.204669080539449837E-16 ) ) ;
#6136 = EDGE_CURVE ( 'NONE', #7304, #2660, #7441, .T. ) ;
#6137 = DIRECTION ( 'NONE',  ( -1.204669080539449837E-16, 0.000000000000000000, 1.000000000000000000 ) ) ;
#6138 =( NAMED_UNIT ( * ) PLANE_ANGLE_UNIT ( ) SI_UNIT ( $, .RADIAN. ) );
#6139 = DIRECTION ( 'NONE',  ( 1.000000000000000000, 0.000000000000000000, 0.000000000000000000 ) ) ;
#6140 = DIRECTION ( 'NONE',  ( 5.782411586589355667E-16, 0.000000000000000000, -1.000000000000000000 ) ) ;
#6141 = EDGE_LOOP ( 'NONE', ( #1487, #1815, #382, #4269 ) ) ;
#6142 = DIRECTION ( 'NONE',  ( 1.000000000000000000, -0.000000000000000000, 0.000000000000000000 ) ) ;
#6143 = EDGE_CURVE ( 'NONE', #309, #6306, #3924, .T. ) ;
#6144 = DIRECTION ( 'NONE',  ( 0.000000000000000000, 0.000000000000000000, -1.000000000000000000 ) ) ;
#6145 = DIRECTION ( 'NONE',  ( -1.000000000000000000, -0.000000000000000000, -0.000000000000000000 ) ) ;
#6146 = DIRECTION ( 'NONE',  ( 0.000000000000000000, 0.000000000000000000, 1.000000000000000000 ) ) ;
#6147 =( GEOMETRIC_REPRESENTATION_CONTEXT ( 3 ) GLOBAL_UNCERTAINTY_ASSIGNED_CONTEXT ( ( #405 ) ) GLOBAL_UNIT_ASSIGNED_CONTEXT ( ( #784, #6, #5061 ) ) REPRESENTATION_CONTEXT ( 'NONE', 'WORKASPACE' ) );
#6148 = VECTOR ( 'NONE', #1333, 1000.000000000000000 ) ;
#6149 = EDGE_LOOP ( 'NONE', ( #6134, #6367, #2727, #8060 ) ) ;
#6150 = CARTESIAN_POINT ( 'NONE',  ( -2.650000000000000355, 1.000000000000000000, 7.500000000000000000 ) ) ;
#6151 = EDGE_LOOP ( 'NONE', ( #9022, #2580, #3500, #9053, #192, #7630 ) ) ;
#6152 = ORIENTED_EDGE ( 'NONE', *, *, #7738, .T. ) ;
#6153 = CARTESIAN_POINT ( 'NONE',  ( 6.000000000000000000, 1.899999999999999911, -6.000000000000000000 ) ) ;
#6154 = VECTOR ( 'NONE', #1314, 1000.000000000000000 ) ;
#6155 = CARTESIAN_POINT ( 'NONE',  ( 7.500000000000000000, 1.000000000000000000, 0.7500000000000006661 ) ) ;
#6156 = CARTESIAN_POINT ( 'NONE',  ( -7.299999999999999822, 1.800000000000000266, -6.200000000000001066 ) ) ;
#6157 = DIRECTION ( 'NONE',  ( 1.204669080539449837E-16, 0.000000000000000000, -1.000000000000000000 ) ) ;
#6158 = ORIENTED_EDGE ( 'NONE', *, *, #2252, .T. ) ;
#6159 = DIRECTION ( 'NONE',  ( -1.000000000000000000, 0.000000000000000000, -0.000000000000000000 ) ) ;
#6160 = MANIFOLD_SOLID_BREP ( 'Pin 2', #397 ) ;
#6161 = LINE ( 'NONE', #2629, #619 ) ;
#6162 = DIRECTION ( 'NONE',  ( -0.000000000000000000, 1.000000000000000000, -0.000000000000000000 ) ) ;
#6163 = EDGE_LOOP ( 'NONE', ( #869, #529, #5913, #5485 ) ) ;
#6164 = ADVANCED_FACE ( 'NONE', ( #1326 ), #5871, .T. ) ;
#6165 = ADVANCED_FACE ( 'NONE', ( #1870 ), #2759, .F. ) ;
#6166 = EDGE_CURVE ( 'NONE', #4584, #5550, #6852, .T. ) ;
#6167 = ORIENTED_EDGE ( 'NONE', *, *, #1177, .F. ) ;
#6168 = DIRECTION ( 'NONE',  ( 0.000000000000000000, -1.000000000000000000, -0.000000000000000000 ) ) ;
#6169 = CARTESIAN_POINT ( 'NONE',  ( 0.7500000000000008882, 0.000000000000000000, -5.700000000000000178 ) ) ;
#6170 = DIRECTION ( 'NONE',  ( 0.000000000000000000, 0.000000000000000000, 1.000000000000000000 ) ) ;
#6171 = EDGE_CURVE ( 'NONE', #1169, #27, #8926, .T. ) ;
#6172 = CARTESIAN_POINT ( 'NONE',  ( 0.7500000000000002220, 1.000000000000000000, 5.700000000000000178 ) ) ;
#6173 = PRODUCT_DEFINITION_CONTEXT ( 'detailed design', #7697, 'design' ) ;
#6174 = ORIENTED_EDGE ( 'NONE', *, *, #4010, .F. ) ;
#6175 = MECHANICAL_DESIGN_GEOMETRIC_PRESENTATION_REPRESENTATION (  '', ( #8704 ), #5114 ) ;
#6176 = DIRECTION ( 'NONE',  ( 0.000000000000000000, 0.000000000000000000, -1.000000000000000000 ) ) ;
#6177 = CARTESIAN_POINT ( 'NONE',  ( -3.750000000000001332, 5.800000000000006040, 4.750000000000000000 ) ) ;
#6178 = ITEM_DEFINED_TRANSFORMATION ( 'NONE', 'NONE', #489,  #2096 ) ;
#6179 = VERTEX_POINT ( 'NONE', #6943 ) ;
#6180 = ORIENTED_EDGE ( 'NONE', *, *, #6326, .F. ) ;
#6181 = FACE_OUTER_BOUND ( 'NONE', #5202, .T. ) ;
#6182 = CARTESIAN_POINT ( 'NONE',  ( 0.000000000000000000, 3.343074902771997259, 1.150000000000000133 ) ) ;
#6183 = PRODUCT_DEFINITION ( 'UNKNOWN', '', #8613, #4843 ) ;
#6184 = ORIENTED_EDGE ( 'NONE', *, *, #8780, .T. ) ;
#6185 = LINE ( 'NONE', #1112, #7964 ) ;
#6186 = EDGE_CURVE ( 'NONE', #7743, #8394, #1094, .T. ) ;
#6187 = DIRECTION ( 'NONE',  ( 0.000000000000000000, 0.000000000000000000, -1.000000000000000000 ) ) ;
#6188 = CARTESIAN_POINT ( 'NONE',  ( 0.000000000000000000, 1.000000000000000000, -5.700000000000000178 ) ) ;
#6189 = DIRECTION ( 'NONE',  ( 0.000000000000000000, 0.000000000000000000, 1.000000000000000000 ) ) ;
#6190 = VERTEX_POINT ( 'NONE', #8399 ) ;
#6191 = VECTOR ( 'NONE', #5246, 1000.000000000000000 ) ;
#6192 = FACE_OUTER_BOUND ( 'NONE', #6116, .T. ) ;
#6193 = VECTOR ( 'NONE', #8842, 1000.000000000000000 ) ;
#6194 = VECTOR ( 'NONE', #8145, 1000.000000000000114 ) ;
#6195 = CARTESIAN_POINT ( 'NONE',  ( 0.000000000000000000, 3.343074902771997259, 7.500000000000000000 ) ) ;
#6196 = CARTESIAN_POINT ( 'NONE',  ( -3.050000000000001155, 3.343074902771997259, 5.699999999999999289 ) ) ;
#6197 = LINE ( 'NONE', #4760, #2137 ) ;
#6198 =( NAMED_UNIT ( * ) SI_UNIT ( $, .STERADIAN. ) SOLID_ANGLE_UNIT ( ) );
#6199 = AXIS2_PLACEMENT_3D ( 'NONE', #1494, #4986, #4331 ) ;
#6200 = ORIENTED_EDGE ( 'NONE', *, *, #4421, .F. ) ;
#6201 = VECTOR ( 'NONE', #6461, 1000.000000000000000 ) ;
#6202 = FACE_OUTER_BOUND ( 'NONE', #3789, .T. ) ;
#6203 = ORIENTED_EDGE ( 'NONE', *, *, #7710, .T. ) ;
#6204 = VERTEX_POINT ( 'NONE', #4075 ) ;
#6205 = DIRECTION ( 'NONE',  ( 0.000000000000000000, -0.000000000000000000, 1.000000000000000000 ) ) ;
#6206 = VECTOR ( 'NONE', #3175, 1000.000000000000000 ) ;
#6207 = FACE_OUTER_BOUND ( 'NONE', #5280, .T. ) ;
#6208 = SURFACE_SIDE_STYLE ('',( #4812 ) ) ;
#6209 = CARTESIAN_POINT ( 'NONE',  ( -2.650000000000000355, 1.000000000000000000, 5.700000000000000178 ) ) ;
#6210 = ADVANCED_FACE ( 'NONE', ( #6897 ), #6251, .F. ) ;
#6211 = DIRECTION ( 'NONE',  ( 0.000000000000000000, 1.000000000000000000, -0.000000000000000000 ) ) ;
#6212 = VERTEX_POINT ( 'NONE', #2625 ) ;
#6213 = CARTESIAN_POINT ( 'NONE',  ( -7.749999999999998224, 1.899999999999999911, 7.750000000000000000 ) ) ;
#6214 = ORIENTED_EDGE ( 'NONE', *, *, #8106, .T. ) ;
#6215 = AXIS2_PLACEMENT_3D ( 'NONE', #3291, #7409, #5284 ) ;
#6216 = VERTEX_POINT ( 'NONE', #2014 ) ;
#6217 = CARTESIAN_POINT ( 'NONE',  ( 0.000000000000000000, 1.000000000000000000, 1.150000000000000133 ) ) ;
#6218 = FACE_OUTER_BOUND ( 'NONE', #3371, .T. ) ;
#6219 = CARTESIAN_POINT ( 'NONE',  ( 1.149999999999999911, 0.000000000000000000, 7.500000000000000000 ) ) ;
#6220 = VECTOR ( 'NONE', #4578, 1000.000000000000000 ) ;
#6221 = ORIENTED_EDGE ( 'NONE', *, *, #2704, .T. ) ;
#6222 = CARTESIAN_POINT ( 'NONE',  ( 0.000000000000000000, 1.000000000000000000, 0.000000000000000000 ) ) ;
#6223 = VECTOR ( 'NONE', #8397, 1000.000000000000000 ) ;
#6224 = EDGE_CURVE ( 'NONE', #3737, #3413, #5419, .T. ) ;
#6225 = EDGE_CURVE ( 'NONE', #4960, #939, #7365, .T. ) ;
#6226 = ORIENTED_EDGE ( 'NONE', *, *, #4454, .T. ) ;
#6227 = ORIENTED_EDGE ( 'NONE', *, *, #4688, .F. ) ;
#6228 = PLANE ( 'NONE',  #1294 ) ;
#6229 =( NAMED_UNIT ( * ) PLANE_ANGLE_UNIT ( ) SI_UNIT ( $, .RADIAN. ) );
#6230 = VERTEX_POINT ( 'NONE', #6209 ) ;
#6231 = FACE_OUTER_BOUND ( 'NONE', #4714, .T. ) ;
#6232 = SURFACE_SIDE_STYLE ('',( #4100 ) ) ;
#6233 = VECTOR ( 'NONE', #4169, 1000.000000000000000 ) ;
#6234 = DIRECTION ( 'NONE',  ( 0.000000000000000000, 0.000000000000000000, -1.000000000000000000 ) ) ;
#6235 = CARTESIAN_POINT ( 'NONE',  ( 0.000000000000000000, 0.000000000000000000, 0.000000000000000000 ) ) ;
#6236 = ORIENTED_EDGE ( 'NONE', *, *, #8923, .T. ) ;
#6237 = ADVANCED_FACE ( 'NONE', ( #3280 ), #6110, .T. ) ;
#6238 = CARTESIAN_POINT ( 'NONE',  ( -1.149999999999999023, 0.000000000000000000, -7.500000000000000000 ) ) ;
#6239 = CARTESIAN_POINT ( 'NONE',  ( -6.200000000000001066, 1.800000000000000266, -7.299999999999999822 ) ) ;
#6240 = CARTESIAN_POINT ( 'NONE',  ( -5.700000000000000178, 0.000000000000000000, 0.000000000000000000 ) ) ;
#6241 = LINE ( 'NONE', #9052, #1536 ) ;
#6242 = ORIENTED_EDGE ( 'NONE', *, *, #6911, .F. ) ;
#6243 = CARTESIAN_POINT ( 'NONE',  ( 0.000000000000000000, 1.000000000000000000, 5.700000000000000178 ) ) ;
#6244 = ORIENTED_EDGE ( 'NONE', *, *, #3479, .T. ) ;
#6245 = ADVANCED_FACE ( 'NONE', ( #5556 ), #5472, .F. ) ;
#6246 = ORIENTED_EDGE ( 'NONE', *, *, #6368, .F. ) ;
#6247 = DIRECTION ( 'NONE',  ( -0.000000000000000000, 0.000000000000000000, 1.000000000000000000 ) ) ;
#6248 = EDGE_CURVE ( 'NONE', #1754, #3547, #4769, .T. ) ;
#6249 = DIRECTION ( 'NONE',  ( -0.000000000000000000, 0.000000000000000000, 1.000000000000000000 ) ) ;
#6250 = LINE ( 'NONE', #9146, #6223 ) ;
#6251 = PLANE ( 'NONE',  #5309 ) ;
#6252 = CARTESIAN_POINT ( 'NONE',  ( -7.500000000000000000, 0.000000000000000000, -1.150000000000001021 ) ) ;
#6253 =( NAMED_UNIT ( * ) PLANE_ANGLE_UNIT ( ) SI_UNIT ( $, .RADIAN. ) );
#6254 = EDGE_LOOP ( 'NONE', ( #6401, #7269, #1206, #8504 ) ) ;
#6255 = LINE ( 'NONE', #4947, #6769 ) ;
#6256 = AXIS2_PLACEMENT_3D ( 'NONE', #4319, #7581, #3583 ) ;
#6257 = EDGE_LOOP ( 'NONE', ( #3511, #6244, #1792, #7445, #6526, #1631 ) ) ;
#6258 = ADVANCED_FACE ( 'NONE', ( #4722 ), #7542, .F. ) ;
#6259 = ORIENTED_EDGE ( 'NONE', *, *, #9147, .F. ) ;
#6260 = LINE ( 'NONE', #4779, #4897 ) ;
#6261 = DIRECTION ( 'NONE',  ( 1.000000000000000000, 0.000000000000000000, -0.000000000000000000 ) ) ;
#6262 = CARTESIAN_POINT ( 'NONE',  ( 0.7500000000000002220, 1.000000000000000000, 5.700000000000000178 ) ) ;
#6263 = DIRECTION ( 'NONE',  ( -0.000000000000000000, -1.000000000000000000, -0.000000000000000000 ) ) ;
#6264 = EDGE_CURVE ( 'NONE', #7197, #7220, #1922, .T. ) ;
#6265 = ORIENTED_EDGE ( 'NONE', *, *, #2916, .F. ) ;
#6266 = DIRECTION ( 'NONE',  ( 1.000000000000000000, 0.000000000000000000, -0.000000000000000000 ) ) ;
#6267 = EDGE_CURVE ( 'NONE', #8723, #2449, #7627, .T. ) ;
#6268 = VERTEX_POINT ( 'NONE', #585 ) ;
#6269 = ORIENTED_EDGE ( 'NONE', *, *, #6277, .F. ) ;
#6270 = FACE_BOUND ( 'NONE', #1729, .T. ) ;
#6271 = LINE ( 'NONE', #2828, #2988 ) ;
#6272 = EDGE_CURVE ( 'NONE', #4700, #2946, #3693, .T. ) ;
#6273 = ORIENTED_EDGE ( 'NONE', *, *, #926, .T. ) ;
#6274 = PRODUCT_DEFINITION_FORMATION_WITH_SPECIFIED_SOURCE ( 'ANY', '', #7346, .NOT_KNOWN. ) ;
#6275 = FILL_AREA_STYLE ('',( #4838 ) ) ;
#6276 = DIRECTION ( 'NONE',  ( 1.000000000000000000, 0.000000000000000000, 0.000000000000000000 ) ) ;
#6277 = EDGE_CURVE ( 'NONE', #4528, #6388, #7802, .T. ) ;
#6278 = ORIENTED_EDGE ( 'NONE', *, *, #6937, .F. ) ;
#6279 = ADVANCED_FACE ( 'NONE', ( #1537 ), #2062, .T. ) ;
#6280 = EDGE_CURVE ( 'NONE', #2787, #3301, #7062, .T. ) ;
#6281 = EDGE_CURVE ( 'NONE', #212, #1082, #3595, .T. ) ;
#6282 = LINE ( 'NONE', #6369, #2798 ) ;
#6283 = DIRECTION ( 'NONE',  ( 0.000000000000000000, -1.000000000000000000, 0.000000000000000000 ) ) ;
#6284 = CARTESIAN_POINT ( 'NONE',  ( 4.549999999999999822, 1.000000000000000000, 0.000000000000000000 ) ) ;
#6285 = EDGE_CURVE ( 'NONE', #6487, #7423, #4241, .T. ) ;
#6286 =( NAMED_UNIT ( * ) SI_UNIT ( $, .STERADIAN. ) SOLID_ANGLE_UNIT ( ) );
#6287 = APPLICATION_CONTEXT ( 'automotive_design' ) ;
#6288 = ORIENTED_EDGE ( 'NONE', *, *, #884, .F. ) ;
#6289 = DIRECTION ( 'NONE',  ( 0.000000000000000000, 0.000000000000000000, 1.000000000000000000 ) ) ;
#6290 = EDGE_CURVE ( 'NONE', #1127, #3547, #841, .T. ) ;
#6291 = ORIENTED_EDGE ( 'NONE', *, *, #4010, .T. ) ;
#6292 = ORIENTED_EDGE ( 'NONE', *, *, #4318, .T. ) ;
#6293 = LINE ( 'NONE', #1402, #3222 ) ;
#6294 = DIRECTION ( 'NONE',  ( 0.000000000000000000, -0.000000000000000000, 1.000000000000000000 ) ) ;
#6295 = DIRECTION ( 'NONE',  ( 0.000000000000000000, 0.000000000000000000, -1.000000000000000000 ) ) ;
#6296 = FACE_OUTER_BOUND ( 'NONE', #7895, .T. ) ;
#6297 = ORIENTED_EDGE ( 'NONE', *, *, #8863, .T. ) ;
#6298 = DIRECTION ( 'NONE',  ( -1.000000000000000000, 0.000000000000000000, 0.000000000000000000 ) ) ;
#6299 = ORIENTED_EDGE ( 'NONE', *, *, #4283, .T. ) ;
#6300 = VECTOR ( 'NONE', #4006, 1000.000000000000000 ) ;
#6301 = EDGE_LOOP ( 'NONE', ( #4206, #8898, #6562, #6932 ) ) ;
#6302 = DIRECTION ( 'NONE',  ( 0.000000000000000000, 1.000000000000000000, 0.000000000000000000 ) ) ;
#6303 = DIRECTION ( 'NONE',  ( 1.000000000000000000, 0.000000000000000000, -0.000000000000000000 ) ) ;
#6304 = CARTESIAN_POINT ( 'NONE',  ( -5.700000000000001066, 0.000000000000000000, 4.549999999999999822 ) ) ;
#6305 = PRODUCT_DEFINITION_SHAPE ( 'NONE', 'NONE',  #9168 ) ;
#6306 = VERTEX_POINT ( 'NONE', #19 ) ;
#6307 = DIRECTION ( 'NONE',  ( 0.000000000000000000, 0.000000000000000000, -1.000000000000000000 ) ) ;
#6308 = UNCERTAINTY_MEASURE_WITH_UNIT (LENGTH_MEASURE( 1.000000000000000082E-05 ), #798, 'distance_accuracy_value', 'NONE');
#6309 = ORIENTED_EDGE ( 'NONE', *, *, #368, .F. ) ;
#6310 = ORIENTED_EDGE ( 'NONE', *, *, #8986, .F. ) ;
#6311 = DIRECTION ( 'NONE',  ( 0.000000000000000000, -0.000000000000000000, 1.000000000000000000 ) ) ;
#6312 = COLOUR_RGB ( '',0.000000000000000000, 0.5019607843137254832, 0.000000000000000000 ) ;
#6313 = DIRECTION ( 'NONE',  ( -0.000000000000000000, 0.000000000000000000, -1.000000000000000000 ) ) ;
#6314 = ORIENTED_EDGE ( 'NONE', *, *, #3492, .T. ) ;
#6315 = DIRECTION ( 'NONE',  ( 0.000000000000000000, 1.000000000000000000, -0.000000000000000000 ) ) ;
#6316 = DIRECTION ( 'NONE',  ( 0.000000000000000000, -0.000000000000000000, -1.000000000000000000 ) ) ;
#6317 = CARTESIAN_POINT ( 'NONE',  ( 0.000000000000000000, 0.000000000000000000, 0.000000000000000000 ) ) ;
#6318 = ORIENTED_EDGE ( 'NONE', *, *, #95, .T. ) ;
#6319 = VECTOR ( 'NONE', #5546, 1000.000000000000000 ) ;
#6320 =( BOUNDED_CURVE ( )  B_SPLINE_CURVE ( 3, ( #4366, #9, #51, #9133 ),
 .UNSPECIFIED., .F., .T. ) 
 B_SPLINE_CURVE_WITH_KNOTS ( ( 4, 4 ),
 ( 0.000000000000000000, 1.570796326794894782 ),
 .UNSPECIFIED. ) 
 CURVE ( )  GEOMETRIC_REPRESENTATION_ITEM ( )  RATIONAL_B_SPLINE_CURVE ( ( 1.000000000000000000, 0.8047378541243654926, 0.8047378541243654926, 1.000000000000000000 ) ) 
 REPRESENTATION_ITEM ( '' )  );
#6321 = CARTESIAN_POINT ( 'NONE',  ( 7.500000000000000000, 0.000000000000000000, 0.7500000000000006661 ) ) ;
#6322 = CARTESIAN_POINT ( 'NONE',  ( 0.000000000000000000, 1.000000000000000000, -7.500000000000000000 ) ) ;
#6323 = CARTESIAN_POINT ( 'NONE',  ( 4.550000000000000711, 0.000000000000000000, -5.699999999999998401 ) ) ;
#6324 = ORIENTED_EDGE ( 'NONE', *, *, #496, .T. ) ;
#6325 = DIRECTION ( 'NONE',  ( -1.000000000000000000, 0.000000000000000000, 0.000000000000000000 ) ) ;
#6326 = EDGE_CURVE ( 'NONE', #5520, #728, #840, .T. ) ;
#6327 = ADVANCED_FACE ( 'NONE', ( #6422 ), #8584, .F. ) ;
#6328 = ORIENTED_EDGE ( 'NONE', *, *, #3619, .F. ) ;
#6329 = VECTOR ( 'NONE', #5731, 1000.000000000000000 ) ;
#6330 = PRESENTATION_LAYER_ASSIGNMENT (  '', '', ( #3206 ) ) ;
#6331 = CARTESIAN_POINT ( 'NONE',  ( -5.700000000000001066, 3.343074902771997259, 4.549999999999998934 ) ) ;
#6332 = CARTESIAN_POINT ( 'NONE',  ( -6.200000000000001066, 1.899999999999999911, -7.300000000000000711 ) ) ;
#6333 = FACE_OUTER_BOUND ( 'NONE', #846, .T. ) ;
#6334 = VECTOR ( 'NONE', #5073, 1000.000000000000000 ) ;
#6335 = CARTESIAN_POINT ( 'NONE',  ( -5.700000000000001066, 1.000000000000000000, 0.000000000000000000 ) ) ;
#6336 = VECTOR ( 'NONE', #5824, 1000.000000000000000 ) ;
#6337 = AXIS2_PLACEMENT_3D ( 'NONE', #3055, #5895, #5154 ) ;
#6338 = LINE ( 'NONE', #845, #5763 ) ;
#6339 =( NAMED_UNIT ( * ) SI_UNIT ( $, .STERADIAN. ) SOLID_ANGLE_UNIT ( ) );
#6340 = ORIENTED_EDGE ( 'NONE', *, *, #964, .T. ) ;
#6341 = VECTOR ( 'NONE', #2260, 1000.000000000000000 ) ;
#6342 = LINE ( 'NONE', #716, #2793 ) ;
#6343 = ORIENTED_EDGE ( 'NONE', *, *, #424, .F. ) ;
#6344 = AXIS2_PLACEMENT_3D ( 'NONE', #1953, #8167, #1812 ) ;
#6345 = AXIS2_PLACEMENT_3D ( 'NONE', #7107, #1491, #1535 ) ;
#6346 = PRODUCT_DEFINITION ( 'UNKNOWN', '', #2715, #8285 ) ;
#6347 = ORIENTED_EDGE ( 'NONE', *, *, #4479, .F. ) ;
#6348 = FACE_OUTER_BOUND ( 'NONE', #997, .T. ) ;
#6349 = ADVANCED_BREP_SHAPE_REPRESENTATION ( '', ( #2796, #2096 ), #6696 ) ;
#6350 = PLANE ( 'NONE',  #796 ) ;
#6351 = DIRECTION ( 'NONE',  ( 0.000000000000000000, 0.000000000000000000, 1.000000000000000000 ) ) ;
#6352 = CARTESIAN_POINT ( 'NONE',  ( -7.299999999999999822, 1.800000000000000266, -7.299999999999999822 ) ) ;
#6353 = ORIENTED_EDGE ( 'NONE', *, *, #6810, .T. ) ;
#6354 = CARTESIAN_POINT ( 'NONE',  ( -5.699999999999998401, 3.343074902771997259, -3.050000000000002043 ) ) ;
#6355 = VECTOR ( 'NONE', #6376, 1000.000000000000000 ) ;
#6356 = EDGE_LOOP ( 'NONE', ( #3998, #1115, #551, #4959 ) ) ;
#6357 = VECTOR ( 'NONE', #1642, 1000.000000000000000 ) ;
#6358 = ORIENTED_EDGE ( 'NONE', *, *, #1841, .F. ) ;
#6359 = VECTOR ( 'NONE', #697, 1000.000000000000114 ) ;
#6360 = FACE_OUTER_BOUND ( 'NONE', #7214, .T. ) ;
#6361 = DIRECTION ( 'NONE',  ( 1.000000000000000000, 0.000000000000000000, 2.409338161078899674E-16 ) ) ;
#6362 = EDGE_CURVE ( 'NONE', #8765, #2475, #7110, .T. ) ;
#6363 = VERTEX_POINT ( 'NONE', #110 ) ;
#6364 = PRESENTATION_LAYER_ASSIGNMENT (  '', '', ( #1170 ) ) ;
#6365 = CARTESIAN_POINT ( 'NONE',  ( 2.650000000000001243, 3.343074902771997259, -5.700000000000000178 ) ) ;
#6366 = PRODUCT_CONTEXT ( 'NONE', #7975, 'mechanical' ) ;
#6367 = ORIENTED_EDGE ( 'NONE', *, *, #3268, .T. ) ;
#6368 = EDGE_CURVE ( 'NONE', #6022, #2237, #61, .T. ) ;
#6369 = CARTESIAN_POINT ( 'NONE',  ( -7.500000000000000000, 34.81320343559642794, -6.000000000000000000 ) ) ;
#6370 = LINE ( 'NONE', #8480, #2757 ) ;
#6371 = CARTESIAN_POINT ( 'NONE',  ( -7.299999999999999822, 1.899999999999999911, -7.299999999999999822 ) ) ;
#6372 = ORIENTED_EDGE ( 'NONE', *, *, #8303, .F. ) ;
#6373 = PLANE ( 'NONE',  #8830 ) ;
#6374 = VECTOR ( 'NONE', #8077, 1000.000000000000000 ) ;
#6375 = PRODUCT_DEFINITION_SHAPE ( 'NONE', 'NONE',  #9169 ) ;
#6376 = DIRECTION ( 'NONE',  ( 0.000000000000000000, 1.000000000000000000, -0.000000000000000000 ) ) ;
#6377 = DIRECTION ( 'NONE',  ( 0.000000000000000000, -1.000000000000000000, -0.000000000000000000 ) ) ;
#6378 = SURFACE_STYLE_FILL_AREA ( #8486 ) ;
#6379 = EDGE_CURVE ( 'NONE', #8242, #4098, #752, .T. ) ;
#6380 = DIRECTION ( 'NONE',  ( 1.000000000000000000, -0.000000000000000000, 5.782411586589355667E-16 ) ) ;
#6381 = CARTESIAN_POINT ( 'NONE',  ( -2.649999999999999467, 1.000000000000000000, -7.500000000000000000 ) ) ;
#6382 = EDGE_CURVE ( 'NONE', #3932, #8321, #7923, .T. ) ;
#6383 =( LENGTH_UNIT ( ) NAMED_UNIT ( * ) SI_UNIT ( .MILLI., .METRE. ) );
#6384 = ORIENTED_EDGE ( 'NONE', *, *, #4065, .T. ) ;
#6385 = DIRECTION ( 'NONE',  ( 0.000000000000000000, 1.000000000000000000, 0.000000000000000000 ) ) ;
#6386 = ORIENTED_EDGE ( 'NONE', *, *, #7986, .F. ) ;
#6387 = EDGE_CURVE ( 'NONE', #6824, #9103, #5681, .T. ) ;
#6388 = VERTEX_POINT ( 'NONE', #5643 ) ;
#6389 = LINE ( 'NONE', #1504, #168 ) ;
#6390 = DIRECTION ( 'NONE',  ( 0.000000000000000000, 0.000000000000000000, -1.000000000000000000 ) ) ;
#6391 = DIRECTION ( 'NONE',  ( 2.409338161078899674E-16, 0.000000000000000000, -1.000000000000000000 ) ) ;
#6392 = DIRECTION ( 'NONE',  ( 1.000000000000000000, -0.000000000000000000, -1.224646799147353207E-16 ) ) ;
#6393 = EDGE_LOOP ( 'NONE', ( #5118, #3508, #6543, #8846 ) ) ;
#6394 = ADVANCED_FACE ( 'NONE', ( #3555 ), #8446, .F. ) ;
#6395 = CARTESIAN_POINT ( 'NONE',  ( 0.000000000000000000, 6.299999999999999822, -6.999999999999999112 ) ) ;
#6396 = VECTOR ( 'NONE', #1639, 1000.000000000000000 ) ;
#6397 = CARTESIAN_POINT ( 'NONE',  ( -7.650000000000002132, 0.000000000000000000, 7.649999999999998579 ) ) ;
#6398 = ADVANCED_FACE ( 'NONE', ( #8534 ), #1404, .F. ) ;
#6399 = ORIENTED_EDGE ( 'NONE', *, *, #5769, .T. ) ;
#6400 = COLOUR_RGB ( '',1.000000000000000000, 0.8117647058823529438, 0.5019607843137254832 ) ;
#6401 = ORIENTED_EDGE ( 'NONE', *, *, #763, .F. ) ;
#6402 =( GEOMETRIC_REPRESENTATION_CONTEXT ( 3 ) GLOBAL_UNCERTAINTY_ASSIGNED_CONTEXT ( ( #2544 ) ) GLOBAL_UNIT_ASSIGNED_CONTEXT ( ( #6383, #2724, #9021 ) ) REPRESENTATION_CONTEXT ( 'NONE', 'WORKASPACE' ) );
#6403 = CARTESIAN_POINT ( 'NONE',  ( -1.149999999999999689, 0.000000000000000000, 7.500000000000000000 ) ) ;
#6404 = FACE_BOUND ( 'NONE', #1378, .T. ) ;
#6405 = APPLICATION_CONTEXT ( 'automotive_design' ) ;
#6406 = CARTESIAN_POINT ( 'NONE',  ( -1.149999999999999245, 1.000000000000000000, -5.700000000000000178 ) ) ;
#6407 = ORIENTED_EDGE ( 'NONE', *, *, #3908, .F. ) ;
#6408 = PLANE ( 'NONE',  #983 ) ;
#6409 = DIRECTION ( 'NONE',  ( 1.000000000000000000, 0.000000000000000000, 0.000000000000000000 ) ) ;
#6410 =( GEOMETRIC_REPRESENTATION_CONTEXT ( 3 ) GLOBAL_UNCERTAINTY_ASSIGNED_CONTEXT ( ( #8195 ) ) GLOBAL_UNIT_ASSIGNED_CONTEXT ( ( #4815, #6253, #3419 ) ) REPRESENTATION_CONTEXT ( 'NONE', 'WORKASPACE' ) );
#6411 = ORIENTED_EDGE ( 'NONE', *, *, #7607, .F. ) ;
#6412 = EDGE_CURVE ( 'NONE', #7492, #1239, #7218, .T. ) ;
#6413 = EDGE_CURVE ( 'NONE', #6122, #7355, #7151, .T. ) ;
#6414 = DIRECTION ( 'NONE',  ( 0.000000000000000000, -1.000000000000000000, -0.000000000000000000 ) ) ;
#6415 =( GEOMETRIC_REPRESENTATION_CONTEXT ( 3 ) GLOBAL_UNCERTAINTY_ASSIGNED_CONTEXT ( ( #3861 ) ) GLOBAL_UNIT_ASSIGNED_CONTEXT ( ( #5729, #4334, #5038 ) ) REPRESENTATION_CONTEXT ( 'NONE', 'WORKASPACE' ) );
#6416 = DIRECTION ( 'NONE',  ( 0.000000000000000000, -0.000000000000000000, 1.000000000000000000 ) ) ;
#6417 = DIRECTION ( 'NONE',  ( 0.000000000000000000, -0.000000000000000000, -1.000000000000000000 ) ) ;
#6418 =( NAMED_UNIT ( * ) SI_UNIT ( $, .STERADIAN. ) SOLID_ANGLE_UNIT ( ) );
#6419 = ORIENTED_EDGE ( 'NONE', *, *, #9114, .F. ) ;
#6420 = LINE ( 'NONE', #189, #5310 ) ;
#6421 = CARTESIAN_POINT ( 'NONE',  ( -6.000000000000000000, 34.81320343559642794, -7.500000000000000000 ) ) ;
#6422 = FACE_OUTER_BOUND ( 'NONE', #718, .T. ) ;
#6423 = CARTESIAN_POINT ( 'NONE',  ( 5.699999999999999289, 1.000000000000000000, 4.549999999999999822 ) ) ;
#6424 = ORIENTED_EDGE ( 'NONE', *, *, #425, .F. ) ;
#6425 = CARTESIAN_POINT ( 'NONE',  ( -7.500000000000000000, 1.000000000000000000, -0.7500000000000015543 ) ) ;
#6426 = EDGE_LOOP ( 'NONE', ( #5872, #2935, #5701, #6419 ) ) ;
#6427 = UNCERTAINTY_MEASURE_WITH_UNIT (LENGTH_MEASURE( 1.000000000000000082E-05 ), #4502, 'distance_accuracy_value', 'NONE');
#6428 = EDGE_LOOP ( 'NONE', ( #2379, #2334, #9010, #5281 ) ) ;
#6429 = DIRECTION ( 'NONE',  ( 0.000000000000000000, 0.000000000000000000, 1.000000000000000000 ) ) ;
#6430 = CARTESIAN_POINT ( 'NONE',  ( 3.050000000000002043, 1.000000000000000000, -7.499999999999998224 ) ) ;
#6431 = DIRECTION ( 'NONE',  ( -1.000000000000000000, 0.000000000000000000, 0.000000000000000000 ) ) ;
#6432 = PLANE ( 'NONE',  #6940 ) ;
#6433 = VERTEX_POINT ( 'NONE', #3911 ) ;
#6434 = CARTESIAN_POINT ( 'NONE',  ( 0.000000000000000000, -7.635028842544401506, 1.200000000000000178 ) ) ;
#6435 = FACE_OUTER_BOUND ( 'NONE', #6492, .T. ) ;
#6436 = EDGE_CURVE ( 'NONE', #8173, #1281, #932, .T. ) ;
#6437 = EDGE_CURVE ( 'NONE', #2891, #6268, #7387, .T. ) ;
#6438 = STYLED_ITEM ( 'NONE', ( #2606 ), #8435 ) ;
#6439 = CIRCLE ( 'NONE', #2588, 0.4000000000000000777 ) ;
#6440 = EDGE_LOOP ( 'NONE', ( #4861, #5044, #2825, #984 ) ) ;
#6441 = EDGE_CURVE ( 'NONE', #3106, #6487, #1766, .T. ) ;
#6442 = ORIENTED_EDGE ( 'NONE', *, *, #6920, .F. ) ;
#6443 = DIRECTION ( 'NONE',  ( 0.7071067811865474617, 0.000000000000000000, 0.7071067811865474617 ) ) ;
#6444 = FACE_OUTER_BOUND ( 'NONE', #3501, .T. ) ;
#6445 = VECTOR ( 'NONE', #9091, 1000.000000000000000 ) ;
#6446 = CARTESIAN_POINT ( 'NONE',  ( 6.999999999999998224, 6.800000000000000711, 6.585786437626905077 ) ) ;
#6447 = ORIENTED_EDGE ( 'NONE', *, *, #4229, .T. ) ;
#6448 = LINE ( 'NONE', #5796, #8750 ) ;
#6449 = CARTESIAN_POINT ( 'NONE',  ( 5.699999999999999289, 1.000000000000000000, 0.000000000000000000 ) ) ;
#6450 = PRODUCT_CONTEXT ( 'NONE', #7334, 'mechanical' ) ;
#6451 = VERTEX_POINT ( 'NONE', #5949 ) ;
#6452 = AXIS2_PLACEMENT_3D ( 'NONE', #3843, #353, #3183 ) ;
#6453 = PRODUCT_RELATED_PRODUCT_CATEGORY ( 'part', '', ( #6710 ) ) ;
#6454 = CARTESIAN_POINT ( 'NONE',  ( -5.700000000000000178, 1.000000000000000000, -0.7500000000000013323 ) ) ;
#6455 = ADVANCED_BREP_SHAPE_REPRESENTATION ( '', ( #3006, #2096 ), #5817 ) ;
#6456 = FACE_OUTER_BOUND ( 'NONE', #6602, .T. ) ;
#6457 = PLANE ( 'NONE',  #1557 ) ;
#6458 = CARTESIAN_POINT ( 'NONE',  ( 2.650000000000001243, 1.000000000000000000, -7.500000000000000000 ) ) ;
#6459 = CIRCLE ( 'NONE', #8369, 0.9999999999999991118 ) ;
#6460 = ORIENTED_EDGE ( 'NONE', *, *, #8651, .T. ) ;
#6461 = DIRECTION ( 'NONE',  ( 1.000000000000000000, -0.000000000000000000, 0.000000000000000000 ) ) ;
#6462 =( NAMED_UNIT ( * ) PLANE_ANGLE_UNIT ( ) SI_UNIT ( $, .RADIAN. ) );
#6463 = DIRECTION ( 'NONE',  ( 0.000000000000000000, 1.000000000000000000, 0.000000000000000000 ) ) ;
#6464 = EDGE_CURVE ( 'NONE', #2739, #5266, #8663, .T. ) ;
#6465 =( NAMED_UNIT ( * ) PLANE_ANGLE_UNIT ( ) SI_UNIT ( $, .RADIAN. ) );
#6466 = CARTESIAN_POINT ( 'NONE',  ( 6.000000000000000000, 6.800000000000000711, 6.999999999999999112 ) ) ;
#6467 =( LENGTH_UNIT ( ) NAMED_UNIT ( * ) SI_UNIT ( .MILLI., .METRE. ) );
#6468 = ORIENTED_EDGE ( 'NONE', *, *, #5761, .T. ) ;
#6469 = LINE ( 'NONE', #801, #4415 ) ;
#6470 = VECTOR ( 'NONE', #3868, 1000.000000000000000 ) ;
#6471 = ORIENTED_EDGE ( 'NONE', *, *, #6267, .F. ) ;
#6472 = ORIENTED_EDGE ( 'NONE', *, *, #5233, .T. ) ;
#6473 = COLOUR_RGB ( '',1.000000000000000000, 0.8117647058823529438, 0.5019607843137254832 ) ;
#6474 = DIRECTION ( 'NONE',  ( 0.000000000000000000, -0.000000000000000000, 1.000000000000000000 ) ) ;
#6475 = ADVANCED_FACE ( 'NONE', ( #5215 ), #5115, .F. ) ;
#6476 = CARTESIAN_POINT ( 'NONE',  ( -4.549999999999998934, 1.000000000000000000, -7.500000000000000888 ) ) ;
#6477 = CARTESIAN_POINT ( 'NONE',  ( -5.700000000000000178, 1.000000000000000000, -0.7500000000000013323 ) ) ;
#6478 = VECTOR ( 'NONE', #2970, 1000.000000000000000 ) ;
#6479 = AXIS2_PLACEMENT_3D ( 'NONE', #7216, #7267, #8553 ) ;
#6480 = DIRECTION ( 'NONE',  ( -0.000000000000000000, -1.000000000000000000, 0.000000000000000000 ) ) ;
#6481 = STYLED_ITEM ( 'NONE', ( #8097 ), #8737 ) ;
#6482 = VERTEX_POINT ( 'NONE', #1581 ) ;
#6483 = DIRECTION ( 'NONE',  ( 0.000000000000000000, 1.000000000000000000, 0.000000000000000000 ) ) ;
#6484 = CARTESIAN_POINT ( 'NONE',  ( 6.000000000000000000, 6.299999999999999822, -7.500000000000000000 ) ) ;
#6485 = CIRCLE ( 'NONE', #2478, 1.000000000000000000 ) ;
#6486 = AXIS2_PLACEMENT_3D ( 'NONE', #3549, #2802, #662 ) ;
#6487 = VERTEX_POINT ( 'NONE', #3162 ) ;
#6488 = ORIENTED_EDGE ( 'NONE', *, *, #2808, .F. ) ;
#6489 = DIRECTION ( 'NONE',  ( -1.000000000000000000, -0.000000000000000000, -0.000000000000000000 ) ) ;
#6490 = CARTESIAN_POINT ( 'NONE',  ( 0.7500000000000011102, 0.000000000000000000, -7.500000000000000000 ) ) ;
#6491 = DIRECTION ( 'NONE',  ( 0.000000000000000000, -0.000000000000000000, -1.000000000000000000 ) ) ;
#6492 = EDGE_LOOP ( 'NONE', ( #7505, #1755, #6297, #1472 ) ) ;
#6493 = EDGE_CURVE ( 'NONE', #1134, #1971, #2371, .T. ) ;
#6494 = AXIS2_PLACEMENT_3D ( 'NONE', #8081, #3883, #3928 ) ;
#6495 = CARTESIAN_POINT ( 'NONE',  ( 7.500000000000000000, 1.000000000000000000, -4.549999999999998934 ) ) ;
#6496 = CARTESIAN_POINT ( 'NONE',  ( -7.499999999999998224, 1.000000000000000000, -3.050000000000002487 ) ) ;
#6497 = ORIENTED_EDGE ( 'NONE', *, *, #9143, .T. ) ;
#6498 = ORIENTED_EDGE ( 'NONE', *, *, #5530, .T. ) ;
#6499 = VECTOR ( 'NONE', #7563, 1000.000000000000000 ) ;
#6500 = CARTESIAN_POINT ( 'NONE',  ( 0.000000000000000000, 1.000000000000000000, 0.7499999999999988898 ) ) ;
#6501 = VECTOR ( 'NONE', #1517, 1000.000000000000114 ) ;
#6502 = CARTESIAN_POINT ( 'NONE',  ( -5.500000000000000000, 1.000000000000000000, -4.500000000000001776 ) ) ;
#6503 = VECTOR ( 'NONE', #6663, 1000.000000000000000 ) ;
#6504 = LINE ( 'NONE', #4278, #59 ) ;
#6505 = SHAPE_REPRESENTATION_RELATIONSHIP ( 'NONE' , 'NONE' ,  #8680, #6349 ) ;
#6506 = VERTEX_POINT ( 'NONE', #3821 ) ;
#6507 = LINE ( 'NONE', #234, #2925 ) ;
#6508 = EDGE_CURVE ( 'NONE', #5352, #5541, #6485, .T. ) ;
#6509 = SHAPE_REPRESENTATION ( 'SAM-M8Q-0-10_18', ( #2096 ), #3451 ) ;
#6510 = LINE ( 'NONE', #5680, #6355 ) ;
#6511 = DIRECTION ( 'NONE',  ( 0.000000000000000000, 1.000000000000000000, 0.000000000000000000 ) ) ;
#6512 = CARTESIAN_POINT ( 'NONE',  ( 0.7500000000000002220, 1.000000000000000000, 0.000000000000000000 ) ) ;
#6513 = DIRECTION ( 'NONE',  ( -1.000000000000000000, -0.000000000000000000, 1.119176436114069085E-16 ) ) ;
#6514 = SHAPE_REPRESENTATION_RELATIONSHIP ( 'NONE' , 'NONE' ,  #1466, #3257 ) ;
#6515 = ORIENTED_EDGE ( 'NONE', *, *, #8581, .T. ) ;
#6516 = DIRECTION ( 'NONE',  ( 0.000000000000000000, 0.000000000000000000, 1.000000000000000000 ) ) ;
#6517 = VECTOR ( 'NONE', #8632, 1000.000000000000000 ) ;
#6518 = ADVANCED_FACE ( 'NONE', ( #4607 ), #7251, .T. ) ;
#6519 = ORIENTED_EDGE ( 'NONE', *, *, #3960, .F. ) ;
#6520 = ADVANCED_FACE ( 'NONE', ( #7428 ), #6870, .T. ) ;
#6521 = ORIENTED_EDGE ( 'NONE', *, *, #901, .F. ) ;
#6522 = LINE ( 'NONE', #8724, #7722 ) ;
#6523 = CARTESIAN_POINT ( 'NONE',  ( -7.500000000000000000, 3.343074902771997259, 1.149999999999998579 ) ) ;
#6524 = CARTESIAN_POINT ( 'NONE',  ( 7.499999999999999112, 0.000000000000000000, 4.549999999999999822 ) ) ;
#6525 = CARTESIAN_POINT ( 'NONE',  ( -0.7500000000000002220, 0.000000000000000000, 7.500000000000000000 ) ) ;
#6526 = ORIENTED_EDGE ( 'NONE', *, *, #7060, .T. ) ;
#6527 = DIRECTION ( 'NONE',  ( -0.000000000000000000, 0.000000000000000000, -1.000000000000000000 ) ) ;
#6528 = CARTESIAN_POINT ( 'NONE',  ( -5.500000000000000000, 1.000000000000000000, -4.500000000000001776 ) ) ;
#6529 = ADVANCED_FACE ( 'NONE', ( #2276 ), #329, .T. ) ;
#6530 = ORIENTED_EDGE ( 'NONE', *, *, #7625, .F. ) ;
#6531 = ORIENTED_EDGE ( 'NONE', *, *, #4801, .T. ) ;
#6532 = EDGE_CURVE ( 'NONE', #3613, #3112, #6558, .T. ) ;
#6533 = CARTESIAN_POINT ( 'NONE',  ( 6.936116752413728825, 6.799999999999999822, -6.352085222037309187 ) ) ;
#6534 = DIRECTION ( 'NONE',  ( 0.7071067811865474617, 0.000000000000000000, 0.7071067811865474617 ) ) ;
#6535 = CARTESIAN_POINT ( 'NONE',  ( 0.000000000000000000, 1.000000000000000000, 7.500000000000000000 ) ) ;
#6536 = EDGE_CURVE ( 'NONE', #4818, #6388, #8119, .T. ) ;
#6537 = ORIENTED_EDGE ( 'NONE', *, *, #5965, .F. ) ;
#6538 = AXIS2_PLACEMENT_3D ( 'NONE', #6182, #2170, #820 ) ;
#6539 = DIRECTION ( 'NONE',  ( -6.123233995736766036E-17, -0.000000000000000000, -1.000000000000000000 ) ) ;
#6540 = SHAPE_DEFINITION_REPRESENTATION ( #7274, #8943 ) ;
#6541 = ORIENTED_EDGE ( 'NONE', *, *, #2229, .F. ) ;
#6542 = VECTOR ( 'NONE', #8498, 1000.000000000000000 ) ;
#6543 = ORIENTED_EDGE ( 'NONE', *, *, #1261, .F. ) ;
#6544 = DIRECTION ( 'NONE',  ( 0.000000000000000000, -0.000000000000000000, 1.000000000000000000 ) ) ;
#6545 = AXIS2_PLACEMENT_3D ( 'NONE', #4880, #5534, #8335 ) ;
#6546 = VECTOR ( 'NONE', #7231, 1000.000000000000114 ) ;
#6547 = FACE_BOUND ( 'NONE', #8255, .T. ) ;
#6548 = DIRECTION ( 'NONE',  ( -1.000000000000000000, -0.000000000000000000, -0.000000000000000000 ) ) ;
#6549 = ORIENTED_EDGE ( 'NONE', *, *, #7328, .F. ) ;
#6550 = CARTESIAN_POINT ( 'NONE',  ( -1.900000000000000133, 1.000000000000000000, 1.899999999999999689 ) ) ;
#6551 = ADVANCED_FACE ( 'NONE', ( #5907 ), #6974, .F. ) ;
#6552 = EDGE_CURVE ( 'NONE', #1239, #7492, #6782, .T. ) ;
#6553 = EDGE_CURVE ( 'NONE', #9057, #2616, #4705, .T. ) ;
#6554 = EDGE_CURVE ( 'NONE', #1724, #8139, #610, .T. ) ;
#6555 = PLANE ( 'NONE',  #6790 ) ;
#6556 = ADVANCED_FACE ( 'NONE', ( #5505 ), #8213, .F. ) ;
#6557 = ORIENTED_EDGE ( 'NONE', *, *, #1171, .F. ) ;
#6558 = LINE ( 'NONE', #5170, #6625 ) ;
#6559 = DIRECTION ( 'NONE',  ( 1.000000000000000000, 0.000000000000000000, 0.000000000000000000 ) ) ;
#6560 = DIRECTION ( 'NONE',  ( 0.000000000000000000, 0.000000000000000000, -1.000000000000000000 ) ) ;
#6561 = PRODUCT_DEFINITION_FORMATION_WITH_SPECIFIED_SOURCE ( 'ANY', '', #2979, .NOT_KNOWN. ) ;
#6562 = ORIENTED_EDGE ( 'NONE', *, *, #3781, .F. ) ;
#6563 = EDGE_CURVE ( 'NONE', #7127, #5049, #6046, .T. ) ;
#6564 = DIRECTION ( 'NONE',  ( -1.000000000000000000, 0.000000000000000000, -0.000000000000000000 ) ) ;
#6565 = EDGE_LOOP ( 'NONE', ( #1338, #1800, #7993, #4888 ) ) ;
#6566 = ORIENTED_EDGE ( 'NONE', *, *, #4306, .F. ) ;
#6567 = PLANE ( 'NONE',  #1937 ) ;
#6568 = CARTESIAN_POINT ( 'NONE',  ( 3.100000000000000977, 0.5000000000000000000, 1.899999999999999689 ) ) ;
#6569 = DIRECTION ( 'NONE',  ( 0.000000000000000000, -1.000000000000000000, -0.000000000000000000 ) ) ;
#6570 = CARTESIAN_POINT ( 'NONE',  ( -3.049999999999998934, 1.000000000000000000, -7.500000000000000000 ) ) ;
#6571 = DIRECTION ( 'NONE',  ( -1.000000000000000000, 0.000000000000000000, -1.204669080539449837E-16 ) ) ;
#6572 = VERTEX_POINT ( 'NONE', #8304 ) ;
#6573 = DIRECTION ( 'NONE',  ( -0.000000000000000000, -1.000000000000000000, -0.000000000000000000 ) ) ;
#6574 = CARTESIAN_POINT ( 'NONE',  ( -5.700000000000000178, 1.000000000000000000, -0.7500000000000013323 ) ) ;
#6575 = APPLICATION_CONTEXT ( 'automotive_design' ) ;
#6576 = ORIENTED_EDGE ( 'NONE', *, *, #481, .F. ) ;
#6577 = EDGE_LOOP ( 'NONE', ( #9129, #3979, #8627, #7390 ) ) ;
#6578 = CARTESIAN_POINT ( 'NONE',  ( -2.650000000000000355, 1.000000000000000000, 5.700000000000000178 ) ) ;
#6579 = CARTESIAN_POINT ( 'NONE',  ( -7.500000000000000000, 1.000000000000000000, 0.7499999999999988898 ) ) ;
#6580 = CARTESIAN_POINT ( 'NONE',  ( 0.7500000000000008882, 0.000000000000000000, -5.700000000000000178 ) ) ;
#6581 = ORIENTED_EDGE ( 'NONE', *, *, #8239, .F. ) ;
#6582 = AXIS2_PLACEMENT_3D ( 'NONE', #6713, #354, #1835 ) ;
#6583 = FILL_AREA_STYLE ('',( #137 ) ) ;
#6584 = APPLICATION_PROTOCOL_DEFINITION ( 'draft international standard', 'automotive_design', 1998, #3852 ) ;
#6585 = ORIENTED_EDGE ( 'NONE', *, *, #5542, .T. ) ;
#6586 = ORIENTED_EDGE ( 'NONE', *, *, #4855, .F. ) ;
#6587 = LINE ( 'NONE', #5203, #6191 ) ;
#6588 = FACE_OUTER_BOUND ( 'NONE', #7641, .T. ) ;
#6589 = DIRECTION ( 'NONE',  ( -0.000000000000000000, -1.000000000000000000, -0.000000000000000000 ) ) ;
#6590 = CARTESIAN_POINT ( 'NONE',  ( -7.500000000000000000, 1.000000000000000000, 1.149999999999998579 ) ) ;
#6591 = VERTEX_POINT ( 'NONE', #3353 ) ;
#6592 = CARTESIAN_POINT ( 'NONE',  ( 6.000000000000000888, 2.399999999999999467, 7.500000000000000000 ) ) ;
#6593 = CARTESIAN_POINT ( 'NONE',  ( -7.299999999999999822, 1.800000000000000266, -7.299999999999999822 ) ) ;
#6594 = PRODUCT_RELATED_PRODUCT_CATEGORY ( 'part', '', ( #6608 ) ) ;
#6595 = VERTEX_POINT ( 'NONE', #3962 ) ;
#6596 = PRESENTATION_LAYER_ASSIGNMENT (  '', '', ( #8704 ) ) ;
#6597 = CARTESIAN_POINT ( 'NONE',  ( 6.000000000000000000, 6.299999999999999822, 7.500000000000000000 ) ) ;
#6598 = DIRECTION ( 'NONE',  ( 0.000000000000000000, 0.000000000000000000, -1.000000000000000000 ) ) ;
#6599 = EDGE_CURVE ( 'NONE', #939, #5078, #474, .T. ) ;
#6600 = DIRECTION ( 'NONE',  ( -0.000000000000000000, -1.000000000000000000, -0.000000000000000000 ) ) ;
#6601 = EDGE_CURVE ( 'NONE', #6451, #3227, #8864, .T. ) ;
#6602 = EDGE_LOOP ( 'NONE', ( #6291, #8591, #8181, #3840 ) ) ;
#6603 = DIRECTION ( 'NONE',  ( 0.000000000000000000, 1.000000000000000000, 0.000000000000000000 ) ) ;
#6604 =( REPRESENTATION_RELATIONSHIP ('NONE','NONE', #464, #1066 ) REPRESENTATION_RELATIONSHIP_WITH_TRANSFORMATION ( #7217 )SHAPE_REPRESENTATION_RELATIONSHIP( ) );
#6605 = ORIENTED_EDGE ( 'NONE', *, *, #8138, .T. ) ;
#6606 = ORIENTED_EDGE ( 'NONE', *, *, #1051, .F. ) ;
#6607 = DIRECTION ( 'NONE',  ( -1.000000000000000000, 0.000000000000000000, 0.000000000000000000 ) ) ;
#6608 = PRODUCT ( 'SAM-M8Q-0', 'SAM-M8Q-0', '', ( #7178 ) ) ;
#6609 = CARTESIAN_POINT ( 'NONE',  ( -7.749999999999998224, 1.000000000000000000, -7.750000000000001776 ) ) ;
#6610 = CARTESIAN_POINT ( 'NONE',  ( -4.750000000000000888, -7.635028842544401506, -4.750000000000000000 ) ) ;
#6611 = FACE_BOUND ( 'NONE', #4406, .T. ) ;
#6612 = EDGE_LOOP ( 'NONE', ( #364, #1157, #7052, #1075 ) ) ;
#6613 = CARTESIAN_POINT ( 'NONE',  ( 6.999999999999999112, 6.299999999999999822, 6.000000000000000000 ) ) ;
#6614 = DIRECTION ( 'NONE',  ( 0.000000000000000000, 0.000000000000000000, 1.000000000000000000 ) ) ;
#6615 = PRODUCT_DEFINITION ( 'UNKNOWN', '', #6561, #5432 ) ;
#6616 = ORIENTED_EDGE ( 'NONE', *, *, #8475, .T. ) ;
#6617 = CLOSED_SHELL ( 'NONE', ( #4917, #5111, #2406, #751, #8443, #231 ) ) ;
#6618 = EDGE_LOOP ( 'NONE', ( #7690, #6029, #6221, #8280 ) ) ;
#6619 = VECTOR ( 'NONE', #6614, 1000.000000000000000 ) ;
#6620 = MECHANICAL_DESIGN_GEOMETRIC_PRESENTATION_REPRESENTATION (  '', ( #3206 ), #1874 ) ;
#6621 = DIRECTION ( 'NONE',  ( -1.000000000000000000, 0.000000000000000000, 0.000000000000000000 ) ) ;
#6622 = DIRECTION ( 'NONE',  ( -1.000000000000000000, 0.000000000000000000, 0.000000000000000000 ) ) ;
#6623 = FACE_OUTER_BOUND ( 'NONE', #1053, .T. ) ;
#6624 = ORIENTED_EDGE ( 'NONE', *, *, #1261, .T. ) ;
#6625 = VECTOR ( 'NONE', #1632, 1000.000000000000000 ) ;
#6626 = VECTOR ( 'NONE', #5180, 1000.000000000000000 ) ;
#6627 = CARTESIAN_POINT ( 'NONE',  ( -4.750000000000000888, 6.799999999999999822, 0.000000000000000000 ) ) ;
#6628 = CARTESIAN_POINT ( 'NONE',  ( 0.000000000000000000, 1.000000000000000000, 3.050000000000001599 ) ) ;
#6629 = PRODUCT_CONTEXT ( 'NONE', #8287, 'mechanical' ) ;
#6630 = VERTEX_POINT ( 'NONE', #4758 ) ;
#6631 = ORIENTED_EDGE ( 'NONE', *, *, #375, .T. ) ;
#6632 = AXIS2_PLACEMENT_3D ( 'NONE', #2159, #4385, #7075 ) ;
#6633 = VECTOR ( 'NONE', #5596, 1000.000000000000000 ) ;
#6634 = LINE ( 'NONE', #3763, #2472 ) ;
#6635 = PRODUCT_DEFINITION_SHAPE ( 'NONE', 'NONE',  #9150 ) ;
#6636 = LINE ( 'NONE', #5986, #3544 ) ;
#6637 =( NAMED_UNIT ( * ) PLANE_ANGLE_UNIT ( ) SI_UNIT ( $, .RADIAN. ) );
#6638 = DIRECTION ( 'NONE',  ( 1.000000000000000000, 0.000000000000000000, -0.000000000000000000 ) ) ;
#6639 = CARTESIAN_POINT ( 'NONE',  ( 0.000000000000000000, 0.000000000000000000, 0.000000000000000000 ) ) ;
#6640 = ORIENTED_EDGE ( 'NONE', *, *, #2218, .F. ) ;
#6641 = AXIS2_PLACEMENT_3D ( 'NONE', #4460, #1671, #5312 ) ;
#6642 = ADVANCED_FACE ( 'NONE', ( #8912 ), #7571, .T. ) ;
#6643 = AXIS2_PLACEMENT_3D ( 'NONE', #3335, #3240, #8283 ) ;
#6644 = LINE ( 'NONE', #6593, #8263 ) ;
#6645 = VECTOR ( 'NONE', #1416, 1000.000000000000000 ) ;
#6646 = VERTEX_POINT ( 'NONE', #4657 ) ;
#6647 = CARTESIAN_POINT ( 'NONE',  ( 5.700000000000000178, 0.000000000000000000, 0.000000000000000000 ) ) ;
#6648 = AXIS2_PLACEMENT_3D ( 'NONE', #3279, #5917, #8727 ) ;
#6649 = FACE_OUTER_BOUND ( 'NONE', #3497, .T. ) ;
#6650 = DIRECTION ( 'NONE',  ( 0.000000000000000000, 0.000000000000000000, 1.000000000000000000 ) ) ;
#6651 =( NAMED_UNIT ( * ) PLANE_ANGLE_UNIT ( ) SI_UNIT ( $, .RADIAN. ) );
#6652 = ORIENTED_EDGE ( 'NONE', *, *, #7526, .F. ) ;
#6653 = DIRECTION ( 'NONE',  ( 0.000000000000000000, -0.000000000000000000, -1.000000000000000000 ) ) ;
#6654 = ORIENTED_EDGE ( 'NONE', *, *, #2022, .T. ) ;
#6655 = VERTEX_POINT ( 'NONE', #7472 ) ;
#6656 = DIRECTION ( 'NONE',  ( 1.000000000000000000, 0.000000000000000000, 0.000000000000000000 ) ) ;
#6657 = EDGE_CURVE ( 'NONE', #7134, #5352, #4798, .T. ) ;
#6658 = LINE ( 'NONE', #2338, #9130 ) ;
#6659 = CARTESIAN_POINT ( 'NONE',  ( -5.699999999999998401, 1.000000000000000000, -3.050000000000002043 ) ) ;
#6660 = EDGE_CURVE ( 'NONE', #7636, #7294, #1311, .T. ) ;
#6661 = CARTESIAN_POINT ( 'NONE',  ( -1.149999999999999245, 0.000000000000000000, -5.700000000000000178 ) ) ;
#6662 = ORIENTED_EDGE ( 'NONE', *, *, #6225, .F. ) ;
#6663 = DIRECTION ( 'NONE',  ( -0.000000000000000000, 1.000000000000000000, 0.000000000000000000 ) ) ;
#6664 = CARTESIAN_POINT ( 'NONE',  ( 6.585786437626905077, 1.899999999999999467, -6.999999999999998224 ) ) ;
#6665 = ORIENTED_EDGE ( 'NONE', *, *, #4229, .F. ) ;
#6666 = EDGE_CURVE ( 'NONE', #1971, #6900, #5545, .T. ) ;
#6667 = ORIENTED_EDGE ( 'NONE', *, *, #3273, .T. ) ;
#6668 = CARTESIAN_POINT ( 'NONE',  ( 7.499999999999999112, 0.000000000000000000, 4.549999999999999822 ) ) ;
#6669 = DIRECTION ( 'NONE',  ( -0.000000000000000000, 0.000000000000000000, -1.000000000000000000 ) ) ;
#6670 = EDGE_CURVE ( 'NONE', #3602, #2485, #3405, .T. ) ;
#6671 = CARTESIAN_POINT ( 'NONE',  ( -6.999999999999999112, 6.800000000000000711, 0.000000000000000000 ) ) ;
#6672 = VERTEX_POINT ( 'NONE', #6786 ) ;
#6673 = EDGE_CURVE ( 'NONE', #309, #4790, #4259, .T. ) ;
#6674 = FACE_OUTER_BOUND ( 'NONE', #8361, .T. ) ;
#6675 = DIRECTION ( 'NONE',  ( -1.000000000000000000, 0.000000000000000000, -2.409338161078899674E-16 ) ) ;
#6676 = SHAPE_DEFINITION_REPRESENTATION ( #4044, #7266 ) ;
#6677 = VERTEX_POINT ( 'NONE', #8342 ) ;
#6678 = EDGE_LOOP ( 'NONE', ( #432, #1784, #421, #2834 ) ) ;
#6679 = FACE_OUTER_BOUND ( 'NONE', #947, .T. ) ;
#6680 = LINE ( 'NONE', #1071, #172 ) ;
#6681 = VECTOR ( 'NONE', #307, 1000.000000000000000 ) ;
#6682 = DIRECTION ( 'NONE',  ( 1.000000000000000000, 0.000000000000000000, -0.000000000000000000 ) ) ;
#6683 = CARTESIAN_POINT ( 'NONE',  ( -0.7500000000000002220, 0.000000000000000000, 0.000000000000000000 ) ) ;
#6684 = LINE ( 'NONE', #2412, #5993 ) ;
#6685 = SHAPE_REPRESENTATION_RELATIONSHIP ( 'NONE' , 'NONE' ,  #1066, #7221 ) ;
#6686 = VECTOR ( 'NONE', #5735, 1000.000000000000000 ) ;
#6687 = LINE ( 'NONE', #8802, #836 ) ;
#6688 = VERTEX_POINT ( 'NONE', #4844 ) ;
#6689 = VECTOR ( 'NONE', #5386, 1000.000000000000000 ) ;
#6690 = DIRECTION ( 'NONE',  ( 1.000000000000000000, 0.000000000000000000, -1.119176436114069085E-16 ) ) ;
#6691 = CARTESIAN_POINT ( 'NONE',  ( 7.499999999999997335, 6.592893218813451917, 6.000000000000001776 ) ) ;
#6692 = DIRECTION ( 'NONE',  ( -0.000000000000000000, 0.000000000000000000, 1.000000000000000000 ) ) ;
#6693 = DIRECTION ( 'NONE',  ( 1.000000000000000000, 0.000000000000000000, 0.000000000000000000 ) ) ;
#6694 = ORIENTED_EDGE ( 'NONE', *, *, #1197, .F. ) ;
#6695 = CARTESIAN_POINT ( 'NONE',  ( 7.499999999999999112, 1.000000000000000000, 0.000000000000000000 ) ) ;
#6696 =( GEOMETRIC_REPRESENTATION_CONTEXT ( 3 ) GLOBAL_UNCERTAINTY_ASSIGNED_CONTEXT ( ( #5690 ) ) GLOBAL_UNIT_ASSIGNED_CONTEXT ( ( #5675, #4980, #1442 ) ) REPRESENTATION_CONTEXT ( 'NONE', 'WORKASPACE' ) );
#6697 = ORIENTED_EDGE ( 'NONE', *, *, #6810, .F. ) ;
#6698 = ORIENTED_EDGE ( 'NONE', *, *, #2416, .T. ) ;
#6699 = LINE ( 'NONE', #6104, #308 ) ;
#6700 = DIRECTION ( 'NONE',  ( -1.000000000000000000, 0.000000000000000000, -0.000000000000000000 ) ) ;
#6701 = DIRECTION ( 'NONE',  ( 0.000000000000000000, -0.000000000000000000, -1.000000000000000000 ) ) ;
#6702 = FILL_AREA_STYLE_COLOUR ( '', #7534 ) ;
#6703 =( GEOMETRIC_REPRESENTATION_CONTEXT ( 3 ) GLOBAL_UNCERTAINTY_ASSIGNED_CONTEXT ( ( #25 ) ) GLOBAL_UNIT_ASSIGNED_CONTEXT ( ( #7913, #4271, #1431 ) ) REPRESENTATION_CONTEXT ( 'NONE', 'WORKASPACE' ) );
#6704 = DIRECTION ( 'NONE',  ( 1.000000000000000000, 0.000000000000000000, -0.000000000000000000 ) ) ;
#6705 = ORIENTED_EDGE ( 'NONE', *, *, #4690, .F. ) ;
#6706 = CARTESIAN_POINT ( 'NONE',  ( 0.000000000000000000, 0.000000000000000000, -0.7500000000000015543 ) ) ;
#6707 = LINE ( 'NONE', #6856, #2934 ) ;
#6708 = ORIENTED_EDGE ( 'NONE', *, *, #1715, .T. ) ;
#6709 = PRODUCT_DEFINITION_FORMATION_WITH_SPECIFIED_SOURCE ( 'ANY', '', #8766, .NOT_KNOWN. ) ;
#6710 = PRODUCT ( 'SAM-M8Q-0-10_12', 'SAM-M8Q-0-10_12', '', ( #411 ) ) ;
#6711 = ORIENTED_EDGE ( 'NONE', *, *, #5155, .T. ) ;
#6712 = PLANE ( 'NONE',  #2001 ) ;
#6713 = CARTESIAN_POINT ( 'NONE',  ( 0.000000000000000000, 3.343074902771997259, -3.049999999999999378 ) ) ;
#6714 = CARTESIAN_POINT ( 'NONE',  ( -5.500000000000000000, 1.000000000000000000, 4.499999999999999112 ) ) ;
#6715 = SURFACE_SIDE_STYLE ('',( #2442 ) ) ;
#6716 = ORIENTED_EDGE ( 'NONE', *, *, #3781, .T. ) ;
#6717 = ADVANCED_FACE ( 'NONE', ( #3313 ), #525, .F. ) ;
#6718 = CARTESIAN_POINT ( 'NONE',  ( -2.650000000000000355, 1.000000000000000000, 5.700000000000000178 ) ) ;
#6720 = EDGE_CURVE ( 'NONE', #730, #8332, #8961, .T. ) ;
#6719 = DIRECTION ( 'NONE',  ( 0.000000000000000000, 0.000000000000000000, 1.000000000000000000 ) ) ;
#6721 = SHAPE_DEFINITION_REPRESENTATION ( #2332, #215 ) ;
#6722 = ORIENTED_EDGE ( 'NONE', *, *, #1253, .T. ) ;
#6723 = ORIENTED_EDGE ( 'NONE', *, *, #481, .T. ) ;
#6724 = DIRECTION ( 'NONE',  ( -0.000000000000000000, -1.000000000000000000, 0.000000000000000000 ) ) ;
#6725 = SURFACE_SIDE_STYLE ('',( #2602 ) ) ;
#6726 = FACE_OUTER_BOUND ( 'NONE', #2043, .T. ) ;
#6727 = DIRECTION ( 'NONE',  ( 0.000000000000000000, 0.000000000000000000, 1.000000000000000000 ) ) ;
#6728 = DIRECTION ( 'NONE',  ( -0.000000000000000000, 1.000000000000000000, 0.000000000000000000 ) ) ;
#6729 = DIRECTION ( 'NONE',  ( 0.000000000000000000, -0.000000000000000000, -1.000000000000000000 ) ) ;
#6730 = ORIENTED_EDGE ( 'NONE', *, *, #8035, .T. ) ;
#6731 = VECTOR ( 'NONE', #6417, 1000.000000000000000 ) ;
#6732 = PRODUCT_DEFINITION ( 'UNKNOWN', '', #4343, #8341 ) ;
#6733 = UNCERTAINTY_MEASURE_WITH_UNIT (LENGTH_MEASURE( 1.000000000000000082E-05 ), #5320, 'distance_accuracy_value', 'NONE');
#6734 = DIRECTION ( 'NONE',  ( 0.000000000000000000, 0.000000000000000000, -1.000000000000000000 ) ) ;
#6735 = AXIS2_PLACEMENT_3D ( 'NONE', #976, #5858, #8665 ) ;
#6736 = CARTESIAN_POINT ( 'NONE',  ( 6.999999999999998224, 6.800000000000000711, 6.000000000000000000 ) ) ;
#6737 = LINE ( 'NONE', #2421, #2610 ) ;
#6738 = FACE_OUTER_BOUND ( 'NONE', #3715, .T. ) ;
#6739 = ORIENTED_EDGE ( 'NONE', *, *, #257, .T. ) ;
#6740 = CARTESIAN_POINT ( 'NONE',  ( 7.499999999999997335, 2.399999999999999467, -6.878679656440357171 ) ) ;
#6741 = ORIENTED_EDGE ( 'NONE', *, *, #4074, .F. ) ;
#6742 = ORIENTED_EDGE ( 'NONE', *, *, #8163, .T. ) ;
#6743 = DIRECTION ( 'NONE',  ( 0.000000000000000000, -0.000000000000000000, 1.000000000000000000 ) ) ;
#6744 = AXIS2_PLACEMENT_3D ( 'NONE', #6839, #1674, #4609 ) ;
#6745 = APPLICATION_CONTEXT ( 'automotive_design' ) ;
#6746 = EDGE_CURVE ( 'NONE', #2504, #3558, #7010, .T. ) ;
#6747 = CARTESIAN_POINT ( 'NONE',  ( -6.200000000000001066, 1.800000000000000266, -7.299999999999998934 ) ) ;
#6748 = DIRECTION ( 'NONE',  ( 0.000000000000000000, -1.000000000000000000, -0.000000000000000000 ) ) ;
#6749 = FACE_OUTER_BOUND ( 'NONE', #3032, .T. ) ;
#6750 = SHAPE_REPRESENTATION ( 'SAM-M8Q-0-10', ( #2096 ), #7590 ) ;
#6751 = SURFACE_STYLE_FILL_AREA ( #5961 ) ;
#6752 = VERTEX_POINT ( 'NONE', #8521 ) ;
#6753 = DIRECTION ( 'NONE',  ( -0.000000000000000000, -1.000000000000000000, -0.000000000000000000 ) ) ;
#6754 = CARTESIAN_POINT ( 'NONE',  ( -4.549999999999999822, 0.000000000000000000, 7.499999999999999112 ) ) ;
#6755 = CIRCLE ( 'NONE', #87, 0.4000000000000000777 ) ;
#6756 = ORIENTED_EDGE ( 'NONE', *, *, #349, .F. ) ;
#6757 = ADVANCED_FACE ( 'NONE', ( #3586 ), #5762, .F. ) ;
#6758 = ORIENTED_EDGE ( 'NONE', *, *, #8564, .F. ) ;
#6759 =( NAMED_UNIT ( * ) SI_UNIT ( $, .STERADIAN. ) SOLID_ANGLE_UNIT ( ) );
#6760 = PLANE ( 'NONE',  #7931 ) ;
#6761 = PLANE ( 'NONE',  #203 ) ;
#6762 = DIRECTION ( 'NONE',  ( 1.000000000000000000, 0.000000000000000000, -4.818676322157799347E-16 ) ) ;
#6763 = CARTESIAN_POINT ( 'NONE',  ( -7.500000000000000000, 1.000000000000000000, 0.000000000000000000 ) ) ;
#6764 = EDGE_LOOP ( 'NONE', ( #5626, #2418, #3330, #8950 ) ) ;
#6765 = DIRECTION ( 'NONE',  ( 0.000000000000000000, -0.000000000000000000, -1.000000000000000000 ) ) ;
#6766 = CARTESIAN_POINT ( 'NONE',  ( 0.000000000000000000, 5.799999999999999822, 1.200000000000000178 ) ) ;
#6767 = SHAPE_DEFINITION_REPRESENTATION ( #1083, #3369 ) ;
#6768 = ORIENTED_EDGE ( 'NONE', *, *, #1194, .F. ) ;
#6769 = VECTOR ( 'NONE', #3467, 1000.000000000000000 ) ;
#6770 = VERTEX_POINT ( 'NONE', #6321 ) ;
#6771 = VECTOR ( 'NONE', #2502, 1000.000000000000000 ) ;
#6772 = CARTESIAN_POINT ( 'NONE',  ( -2.650000000000000355, 1.000000000000000000, 7.500000000000000000 ) ) ;
#6773 = CLOSED_SHELL ( 'NONE', ( #5086, #8062, #4929, #7057, #1023, #1451 ) ) ;
#6774 = EDGE_CURVE ( 'NONE', #3751, #6630, #7184, .T. ) ;
#6775 = DIRECTION ( 'NONE',  ( -0.000000000000000000, -1.000000000000000000, -0.000000000000000000 ) ) ;
#6776 = AXIS2_PLACEMENT_3D ( 'NONE', #1806, #8014, #5943 ) ;
#6777 = AXIS2_PLACEMENT_3D ( 'NONE', #5395, #7508, #3151 ) ;
#6778 = CARTESIAN_POINT ( 'NONE',  ( 5.500000000000000000, 1.000000000000000000, 4.499999999999999112 ) ) ;
#6779 = VECTOR ( 'NONE', #5099, 1000.000000000000000 ) ;
#6780 = PLANE ( 'NONE',  #8535 ) ;
#6781 = ORIENTED_EDGE ( 'NONE', *, *, #7507, .T. ) ;
#6782 = CIRCLE ( 'NONE', #4865, 0.4000000000000000777 ) ;
#6783 = CIRCLE ( 'NONE', #2785, 0.9999999999999995559 ) ;
#6784 = EDGE_CURVE ( 'NONE', #6306, #2, #6282, .T. ) ;
#6785 = CARTESIAN_POINT ( 'NONE',  ( -6.999999999999999112, 6.800000000000000711, 6.000000000000000000 ) ) ;
#6786 = CARTESIAN_POINT ( 'NONE',  ( 5.700000000000000178, 0.000000000000000000, 1.150000000000000133 ) ) ;
#6787 = LINE ( 'NONE', #5260, #4523 ) ;
#6788 = DIRECTION ( 'NONE',  ( 0.000000000000000000, 0.000000000000000000, 1.000000000000000000 ) ) ;
#6789 = EDGE_CURVE ( 'NONE', #27, #1936, #2089, .T. ) ;
#6790 = AXIS2_PLACEMENT_3D ( 'NONE', #5996, #3729, #5853 ) ;
#6791 = EDGE_LOOP ( 'NONE', ( #2851, #5902, #8015, #4122 ) ) ;
#6792 = VECTOR ( 'NONE', #1034, 1000.000000000000000 ) ;
#6793 = CYLINDRICAL_SURFACE ( 'NONE', #3661, 0.4000000000000000777 ) ;
#6794 = VECTOR ( 'NONE', #548, 1000.000000000000000 ) ;
#6795 = VERTEX_POINT ( 'NONE', #8573 ) ;
#6796 = VECTOR ( 'NONE', #965, 1000.000000000000000 ) ;
#6797 = ORIENTED_EDGE ( 'NONE', *, *, #6224, .T. ) ;
#6798 = CARTESIAN_POINT ( 'NONE',  ( -5.700000000000001066, 1.000000000000000000, 3.049999999999998934 ) ) ;
#6799 = LINE ( 'NONE', #6941, #842 ) ;
#6800 = LINE ( 'NONE', #3036, #5778 ) ;
#6801 = SURFACE_STYLE_FILL_AREA ( #5272 ) ;
#6802 = VECTOR ( 'NONE', #7349, 1000.000000000000000 ) ;
#6803 = DIRECTION ( 'NONE',  ( 0.000000000000000000, 1.000000000000000000, -0.000000000000000000 ) ) ;
#6804 = VERTEX_POINT ( 'NONE', #9089 ) ;
#6805 = EDGE_CURVE ( 'NONE', #5517, #8424, #5633, .T. ) ;
#6806 = DIRECTION ( 'NONE',  ( -1.000000000000000000, 0.000000000000000000, -0.000000000000000000 ) ) ;
#6807 = CARTESIAN_POINT ( 'NONE',  ( 6.999999999999999112, 1.899999999999999467, 6.000000000000000000 ) ) ;
#6808 = VECTOR ( 'NONE', #1872, 1000.000000000000000 ) ;
#6809 = DIRECTION ( 'NONE',  ( 0.000000000000000000, -0.000000000000000000, -1.000000000000000000 ) ) ;
#6810 = EDGE_CURVE ( 'NONE', #6004, #2891, #6320, .T. ) ;
#6811 = ORIENTED_EDGE ( 'NONE', *, *, #8408, .F. ) ;
#6812 = EDGE_CURVE ( 'NONE', #7492, #1460, #4190, .T. ) ;
#6813 = VERTEX_POINT ( 'NONE', #4933 ) ;
#6814 = CARTESIAN_POINT ( 'NONE',  ( 5.700000000000000178, 3.343074902771997259, 1.150000000000000133 ) ) ;
#6815 = ADVANCED_FACE ( 'NONE', ( #8388 ), #1394, .F. ) ;
#6816 = FACE_OUTER_BOUND ( 'NONE', #4663, .T. ) ;
#6817 = LINE ( 'NONE', #5482, #5760 ) ;
#6818 = CARTESIAN_POINT ( 'NONE',  ( -2.649999999999999467, 3.343074902771997259, -5.700000000000000178 ) ) ;
#6819 = UNCERTAINTY_MEASURE_WITH_UNIT (LENGTH_MEASURE( 1.000000000000000082E-05 ), #1752, 'distance_accuracy_value', 'NONE');
#6820 = PRODUCT_DEFINITION_CONTEXT ( 'detailed design', #2611, 'design' ) ;
#6821 = ORIENTED_EDGE ( 'NONE', *, *, #7744, .T. ) ;
#6822 = DIRECTION ( 'NONE',  ( -0.000000000000000000, 0.000000000000000000, 1.000000000000000000 ) ) ;
#6823 = FACE_OUTER_BOUND ( 'NONE', #8147, .T. ) ;
#6824 = VERTEX_POINT ( 'NONE', #743 ) ;
#6825 = VECTOR ( 'NONE', #4870, 1000.000000000000000 ) ;
#6826 = ORIENTED_EDGE ( 'NONE', *, *, #4916, .F. ) ;
#6827 = EDGE_CURVE ( 'NONE', #3667, #385, #7049, .T. ) ;
#6828 = FACE_OUTER_BOUND ( 'NONE', #4736, .T. ) ;
#6829 = LINE ( 'NONE', #1111, #3878 ) ;
#6830 = ORIENTED_EDGE ( 'NONE', *, *, #7060, .F. ) ;
#6831 = LINE ( 'NONE', #6434, #6948 ) ;
#6832 = DIRECTION ( 'NONE',  ( 0.000000000000000000, 1.000000000000000000, 0.000000000000000000 ) ) ;
#6833 = DIRECTION ( 'NONE',  ( 1.000000000000000000, 0.000000000000000000, 0.000000000000000000 ) ) ;
#6834 = CARTESIAN_POINT ( 'NONE',  ( 0.000000000000000000, 0.000000000000000000, 0.000000000000000000 ) ) ;
#6835 = FACE_OUTER_BOUND ( 'NONE', #6151, .T. ) ;
#6836 = ORIENTED_EDGE ( 'NONE', *, *, #4487, .F. ) ;
#6837 = FACE_OUTER_BOUND ( 'NONE', #159, .T. ) ;
#6838 = CARTESIAN_POINT ( 'NONE',  ( 0.000000000000000000, 1.000000000000000000, -7.750000000000003553 ) ) ;
#6839 = CARTESIAN_POINT ( 'NONE',  ( 0.000000000000000000, 0.000000000000000000, 0.000000000000000000 ) ) ;
#6840 = EDGE_CURVE ( 'NONE', #7134, #1559, #7876, .T. ) ;
#6841 = LINE ( 'NONE', #476, #1839 ) ;
#6842 = SHAPE_REPRESENTATION_RELATIONSHIP ( 'NONE' , 'NONE' ,  #4314, #3131 ) ;
#6843 = ORIENTED_EDGE ( 'NONE', *, *, #891, .F. ) ;
#6844 = LINE ( 'NONE', #5264, #4567 ) ;
#6845 = AXIS2_PLACEMENT_3D ( 'NONE', #43, #2122, #2962 ) ;
#6846 = ADVANCED_FACE ( 'NONE', ( #6456 ), #5672, .F. ) ;
#6847 = EDGE_LOOP ( 'NONE', ( #7222, #740, #4054, #2554 ) ) ;
#6848 = EDGE_CURVE ( 'NONE', #3558, #6672, #8479, .T. ) ;
#6849 = ORIENTED_EDGE ( 'NONE', *, *, #7593, .F. ) ;
#6850 = DIRECTION ( 'NONE',  ( 1.000000000000000000, 0.000000000000000000, -0.000000000000000000 ) ) ;
#6851 = FACE_OUTER_BOUND ( 'NONE', #6565, .T. ) ;
#6852 = LINE ( 'NONE', #1234, #559 ) ;
#6853 = ORIENTED_EDGE ( 'NONE', *, *, #870, .T. ) ;
#6854 = FACE_OUTER_BOUND ( 'NONE', #6149, .T. ) ;
#6855 = LINE ( 'NONE', #7958, #8911 ) ;
#6856 = CARTESIAN_POINT ( 'NONE',  ( -5.699999999999998401, 1.000000000000000000, -4.550000000000000711 ) ) ;
#6857 = ORIENTED_EDGE ( 'NONE', *, *, #7526, .T. ) ;
#6858 = ORIENTED_EDGE ( 'NONE', *, *, #3520, .F. ) ;
#6859 = LINE ( 'NONE', #6217, #7400 ) ;
#6860 =( GEOMETRIC_REPRESENTATION_CONTEXT ( 3 ) GLOBAL_UNCERTAINTY_ASSIGNED_CONTEXT ( ( #6733 ) ) GLOBAL_UNIT_ASSIGNED_CONTEXT ( ( #5320, #6651, #3119 ) ) REPRESENTATION_CONTEXT ( 'NONE', 'WORKASPACE' ) );
#6861 = DIRECTION ( 'NONE',  ( 1.000000000000000000, 0.000000000000000000, 5.782411586589354681E-16 ) ) ;
#6862 = PLANE ( 'NONE',  #4576 ) ;
#6863 = PRESENTATION_STYLE_ASSIGNMENT (( #4215 ) ) ;
#6864 = ORIENTED_EDGE ( 'NONE', *, *, #3181, .F. ) ;
#6865 = DIRECTION ( 'NONE',  ( 0.000000000000000000, 0.000000000000000000, 1.000000000000000000 ) ) ;
#6866 = CARTESIAN_POINT ( 'NONE',  ( 0.000000000000000000, 3.343074902771997259, -7.500000000000000000 ) ) ;
#6867 = CONTEXT_DEPENDENT_SHAPE_REPRESENTATION ( #569, #7770 ) ;
#6868 = AXIS2_PLACEMENT_3D ( 'NONE', #6317, #467, #9126 ) ;
#6869 = ORIENTED_EDGE ( 'NONE', *, *, #5861, .F. ) ;
#6870 =( BOUNDED_SURFACE ( )  B_SPLINE_SURFACE ( 3, 3, ( 
 ( #886, #4561, #4462, #6736 ),
 ( #7335, #973, #3116, #2420 ),
 ( #1078, #8067, #379, #6691 ),
 ( #6597, #5998, #3732, #2327 ) ),
 .UNSPECIFIED., .F., .F., .T. ) 
 B_SPLINE_SURFACE_WITH_KNOTS ( ( 4, 4 ),
 ( 4, 4 ),
 ( 0.000000000000000000, 1.000000000000000000 ),
 ( 0.000000000000000000, 1.000000000000000000 ),
 .UNSPECIFIED. ) 
 GEOMETRIC_REPRESENTATION_ITEM ( )  RATIONAL_B_SPLINE_SURFACE ( (
 ( 1.000000000000000000, 0.8047378541243649375, 0.8047378541243649375, 1.000000000000000000),
 ( 0.8047378541243649375, 0.6476030138606876374, 0.6476030138606876374, 0.8047378541243649375),
 ( 0.8047378541243649375, 0.6476030138606876374, 0.6476030138606876374, 0.8047378541243649375),
 ( 1.000000000000000000, 0.8047378541243649375, 0.8047378541243649375, 1.000000000000000000) ) ) 
 REPRESENTATION_ITEM ( '' )  SURFACE ( )  );
#6871 = VERTEX_POINT ( 'NONE', #5067 ) ;
#6872 = PLANE ( 'NONE',  #6777 ) ;
#6873 = CARTESIAN_POINT ( 'NONE',  ( -7.500000000000001776, 0.000000000000000000, 2.649999999999999023 ) ) ;
#6874 = EDGE_LOOP ( 'NONE', ( #2335, #1415, #4676, #6667 ) ) ;
#6875 = LINE ( 'NONE', #3197, #1167 ) ;
#6876 = LINE ( 'NONE', #2657, #2131 ) ;
#6877 = DIRECTION ( 'NONE',  ( 1.000000000000000000, 0.000000000000000000, 0.000000000000000000 ) ) ;
#6878 = DIRECTION ( 'NONE',  ( 1.000000000000000000, -0.000000000000000000, 0.000000000000000000 ) ) ;
#6879 = ORIENTED_EDGE ( 'NONE', *, *, #5247, .T. ) ;
#6880 = APPLICATION_CONTEXT ( 'automotive_design' ) ;
#6881 = ADVANCED_FACE ( 'NONE', ( #4322 ), #2224, .T. ) ;
#6882 = DIRECTION ( 'NONE',  ( -0.000000000000000000, -1.000000000000000000, -0.000000000000000000 ) ) ;
#6883 = DIRECTION ( 'NONE',  ( -0.000000000000000000, 0.000000000000000000, 1.000000000000000000 ) ) ;
#6884 = CARTESIAN_POINT ( 'NONE',  ( -7.500000000000000000, 34.81320343559642794, 6.000000000000000000 ) ) ;
#6885 = CARTESIAN_POINT ( 'NONE',  ( 2.650000000000001243, 1.000000000000000000, -5.700000000000000178 ) ) ;
#6886 = VECTOR ( 'NONE', #1850, 1000.000000000000000 ) ;
#6887 = VECTOR ( 'NONE', #7823, 1000.000000000000000 ) ;
#6888 = ORIENTED_EDGE ( 'NONE', *, *, #7626, .F. ) ;
#6889 = DIRECTION ( 'NONE',  ( -1.000000000000000000, 0.000000000000000000, 0.000000000000000000 ) ) ;
#6890 = ORIENTED_EDGE ( 'NONE', *, *, #4596, .T. ) ;
#6891 = ORIENTED_EDGE ( 'NONE', *, *, #6264, .F. ) ;
#6892 = CARTESIAN_POINT ( 'NONE',  ( 7.500000000000000000, 1.000000000000000000, 2.650000000000000799 ) ) ;
#6893 = CARTESIAN_POINT ( 'NONE',  ( -5.700000000000001066, 1.000000000000000000, 3.049999999999998934 ) ) ;
#6894 = CARTESIAN_POINT ( 'NONE',  ( 1.149999999999999911, 0.000000000000000000, 0.000000000000000000 ) ) ;
#6895 = EDGE_CURVE ( 'NONE', #5184, #6022, #1439, .T. ) ;
#6896 = EDGE_CURVE ( 'NONE', #5009, #8065, #7100, .T. ) ;
#6897 = FACE_OUTER_BOUND ( 'NONE', #7091, .T. ) ;
#6898 = DIRECTION ( 'NONE',  ( 0.000000000000000000, -1.000000000000000000, -0.000000000000000000 ) ) ;
#6899 = DIRECTION ( 'NONE',  ( 1.000000000000000000, 0.000000000000000000, -0.000000000000000000 ) ) ;
#6900 = VERTEX_POINT ( 'NONE', #4500 ) ;
#6901 = ORIENTED_EDGE ( 'NONE', *, *, #3492, .F. ) ;
#6902 = DIRECTION ( 'NONE',  ( -0.000000000000000000, 0.000000000000000000, 1.000000000000000000 ) ) ;
#6903 = ADVANCED_BREP_SHAPE_REPRESENTATION ( '', ( #5875, #2096 ), #4477 ) ;
#6904 = CARTESIAN_POINT ( 'NONE',  ( 7.500000000000000000, 1.000000000000000000, -1.149999999999999467 ) ) ;
#6905 = CARTESIAN_POINT ( 'NONE',  ( -7.500000000000000000, 3.343074902771997259, -0.7500000000000015543 ) ) ;
#6906 = LINE ( 'NONE', #1377, #3287 ) ;
#6907 = ORIENTED_EDGE ( 'NONE', *, *, #81, .T. ) ;
#6908 = VECTOR ( 'NONE', #4891, 1000.000000000000000 ) ;
#6909 = CARTESIAN_POINT ( 'NONE',  ( 3.049999999999999822, 0.000000000000000000, 7.500000000000000000 ) ) ;
#6910 = DIRECTION ( 'NONE',  ( 2.409338161078899674E-16, 0.000000000000000000, -1.000000000000000000 ) ) ;
#6911 = EDGE_CURVE ( 'NONE', #6179, #2696, #1666, .T. ) ;
#6912 = CONTEXT_DEPENDENT_SHAPE_REPRESENTATION ( #5636, #1400 ) ;
#6913 = ORIENTED_EDGE ( 'NONE', *, *, #4805, .F. ) ;
#6914 = VERTEX_POINT ( 'NONE', #229 ) ;
#6915 = DIRECTION ( 'NONE',  ( 0.000000000000000000, 0.000000000000000000, 1.000000000000000000 ) ) ;
#6916 = VERTEX_POINT ( 'NONE', #3810 ) ;
#6917 = PLANE ( 'NONE',  #1601 ) ;
#6918 = ORIENTED_EDGE ( 'NONE', *, *, #5863, .T. ) ;
#6919 = FACE_OUTER_BOUND ( 'NONE', #3202, .T. ) ;
#6920 = EDGE_CURVE ( 'NONE', #8123, #4949, #8799, .T. ) ;
#6921 = CARTESIAN_POINT ( 'NONE',  ( 0.000000000000000000, 0.000000000000000000, 0.000000000000000000 ) ) ;
#6922 = VECTOR ( 'NONE', #8009, 1000.000000000000000 ) ;
#6923 = VERTEX_POINT ( 'NONE', #4411 ) ;
#6924 = VECTOR ( 'NONE', #3107, 1000.000000000000000 ) ;
#6925 = DIRECTION ( 'NONE',  ( 0.000000000000000000, 0.000000000000000000, 1.000000000000000000 ) ) ;
#6926 = AXIS2_PLACEMENT_3D ( 'NONE', #3707, #7354, #7903 ) ;
#6927 = COLOUR_RGB ( '',1.000000000000000000, 0.8117647058823529438, 0.5019607843137254832 ) ;
#6928 = DIRECTION ( 'NONE',  ( -0.000000000000000000, -1.000000000000000000, 0.000000000000000000 ) ) ;
#6929 = DIRECTION ( 'NONE',  ( -0.000000000000000000, 1.000000000000000000, -0.000000000000000000 ) ) ;
#6930 = DIRECTION ( 'NONE',  ( 0.000000000000000000, 0.000000000000000000, -1.000000000000000000 ) ) ;
#6931 = VECTOR ( 'NONE', #5259, 1000.000000000000114 ) ;
#6932 = ORIENTED_EDGE ( 'NONE', *, *, #5443, .F. ) ;
#6933 = AXIS2_PLACEMENT_3D ( 'NONE', #7189, #3688, #8527 ) ;
#6934 = EDGE_CURVE ( 'NONE', #2258, #3859, #4549, .T. ) ;
#6935 = LINE ( 'NONE', #705, #7512 ) ;
#6936 = EDGE_LOOP ( 'NONE', ( #8439, #8432, #1365, #4362 ) ) ;
#6937 = EDGE_CURVE ( 'NONE', #4921, #5364, #6636, .T. ) ;
#6938 = VERTEX_POINT ( 'NONE', #1568 ) ;
#6939 = PLANE ( 'NONE',  #6256 ) ;
#6940 = AXIS2_PLACEMENT_3D ( 'NONE', #8180, #7350, #3879 ) ;
#6941 = CARTESIAN_POINT ( 'NONE',  ( 0.7500000000000011102, 0.000000000000000000, 0.000000000000000000 ) ) ;
#6942 = ADVANCED_FACE ( 'NONE', ( #5303 ), #3057, .T. ) ;
#6943 = CARTESIAN_POINT ( 'NONE',  ( -7.500000000000000000, 1.000000000000000000, -2.650000000000001243 ) ) ;
#6944 = CARTESIAN_POINT ( 'NONE',  ( -0.7499999999999995559, 3.343074902771997259, -5.700000000000000178 ) ) ;
#6945 =( NAMED_UNIT ( * ) PLANE_ANGLE_UNIT ( ) SI_UNIT ( $, .RADIAN. ) );
#6946 = ORIENTED_EDGE ( 'NONE', *, *, #5330, .T. ) ;
#6947 = PLANE ( 'NONE',  #3961 ) ;
#6948 = VECTOR ( 'NONE', #4837, 1000.000000000000000 ) ;
#6949 = ORIENTED_EDGE ( 'NONE', *, *, #4885, .T. ) ;
#6950 = ADVANCED_FACE ( 'NONE', ( #6588 ), #3764, .T. ) ;
#6951 = VECTOR ( 'NONE', #3845, 1000.000000000000000 ) ;
#6952 = ORIENTED_EDGE ( 'NONE', *, *, #6464, .F. ) ;
#6953 = DIRECTION ( 'NONE',  ( 1.000000000000000000, 0.000000000000000000, 0.000000000000000000 ) ) ;
#6954 = DIRECTION ( 'NONE',  ( 0.000000000000000000, -0.000000000000000000, 1.000000000000000000 ) ) ;
#6955 = DIRECTION ( 'NONE',  ( 0.000000000000000000, -0.000000000000000000, 1.000000000000000000 ) ) ;
#6956 =( NAMED_UNIT ( * ) PLANE_ANGLE_UNIT ( ) SI_UNIT ( $, .RADIAN. ) );
#6957 = VECTOR ( 'NONE', #2236, 1000.000000000000000 ) ;
#6958 = VERTEX_POINT ( 'NONE', #8108 ) ;
#6959 = DIRECTION ( 'NONE',  ( 1.000000000000000000, -0.000000000000000000, 0.000000000000000000 ) ) ;
#6960 = ADVANCED_FACE ( 'NONE', ( #8653 ), #8754, .F. ) ;
#6961 = CONTEXT_DEPENDENT_SHAPE_REPRESENTATION ( #1821, #6635 ) ;
#6962 = ORIENTED_EDGE ( 'NONE', *, *, #586, .F. ) ;
#6963 = ORIENTED_EDGE ( 'NONE', *, *, #3387, .F. ) ;
#6964 = EDGE_CURVE ( 'NONE', #4456, #6630, #5897, .T. ) ;
#6965 = CARTESIAN_POINT ( 'NONE',  ( 3.049999999999999822, 1.000000000000000000, 0.000000000000000000 ) ) ;
#6966 = ADVANCED_FACE ( 'NONE', ( #319 ), #3016, .F. ) ;
#6967 = CARTESIAN_POINT ( 'NONE',  ( 7.500000000000000000, 0.000000000000000000, 0.7500000000000006661 ) ) ;
#6968 = ORIENTED_EDGE ( 'NONE', *, *, #4507, .F. ) ;
#6969 = AXIS2_PLACEMENT_3D ( 'NONE', #3923, #2430, #6701 ) ;
#6970 = PRODUCT_DEFINITION_SHAPE ( 'NONE', 'NONE',  #9173 ) ;
#6971 = DIRECTION ( 'NONE',  ( 0.000000000000000000, 0.000000000000000000, 1.000000000000000000 ) ) ;
#6972 = ORIENTED_EDGE ( 'NONE', *, *, #5975, .F. ) ;
#6973 = PRODUCT_DEFINITION_CONTEXT ( 'detailed design', #1947, 'design' ) ;
#6974 = PLANE ( 'NONE',  #2040 ) ;
#6975 = FACE_OUTER_BOUND ( 'NONE', #263, .T. ) ;
#6976 = CARTESIAN_POINT ( 'NONE',  ( -4.549999999999999822, 0.000000000000000000, 5.699999999999999289 ) ) ;
#6977 = ORIENTED_EDGE ( 'NONE', *, *, #4511, .F. ) ;
#6978 = LINE ( 'NONE', #4804, #8384 ) ;
#6979 = ORIENTED_EDGE ( 'NONE', *, *, #543, .T. ) ;
#6980 = ORIENTED_EDGE ( 'NONE', *, *, #6746, .T. ) ;
#6981 = FACE_OUTER_BOUND ( 'NONE', #2489, .T. ) ;
#6982 = DIRECTION ( 'NONE',  ( 0.000000000000000000, -0.000000000000000000, 1.000000000000000000 ) ) ;
#6983 = COLOUR_RGB ( '',1.000000000000000000, 0.8117647058823529438, 0.5019607843137254832 ) ;
#6984 = DIRECTION ( 'NONE',  ( 0.000000000000000000, -0.000000000000000000, 1.000000000000000000 ) ) ;
#6985 = EDGE_LOOP ( 'NONE', ( #4440, #3678, #3360, #2574 ) ) ;
#6986 = DIRECTION ( 'NONE',  ( -0.000000000000000000, 1.000000000000000000, 0.000000000000000000 ) ) ;
#6987 = AXIS2_PLACEMENT_3D ( 'NONE', #7299, #940, #6607 ) ;
#6988 = ORIENTED_EDGE ( 'NONE', *, *, #4238, .F. ) ;
#6989 =( GEOMETRIC_REPRESENTATION_CONTEXT ( 3 ) GLOBAL_UNCERTAINTY_ASSIGNED_CONTEXT ( ( #5658 ) ) GLOBAL_UNIT_ASSIGNED_CONTEXT ( ( #3303, #1707, #839 ) ) REPRESENTATION_CONTEXT ( 'NONE', 'WORKASPACE' ) );
#6990 = ORIENTED_EDGE ( 'NONE', *, *, #5198, .T. ) ;
#6991 = CARTESIAN_POINT ( 'NONE',  ( 0.000000000000000000, 5.799999999999998934, 1.200000000000000178 ) ) ;
#6992 = LINE ( 'NONE', #8282, #6148 ) ;
#6993 = FACE_OUTER_BOUND ( 'NONE', #7114, .T. ) ;
#6994 =( LENGTH_UNIT ( ) NAMED_UNIT ( * ) SI_UNIT ( .MILLI., .METRE. ) );
#6995 = VERTEX_POINT ( 'NONE', #8705 ) ;
#6996 = CYLINDRICAL_SURFACE ( 'NONE', #4548, 0.5000000000000004441 ) ;
#6997 = ORIENTED_EDGE ( 'NONE', *, *, #7237, .F. ) ;
#6998 = EDGE_LOOP ( 'NONE', ( #3709, #1540, #8794, #8998 ) ) ;
#6999 = FACE_BOUND ( 'NONE', #3700, .T. ) ;
#7000 = PRODUCT_DEFINITION ( 'UNKNOWN', '', #1664, #8544 ) ;
#7001 = ORIENTED_EDGE ( 'NONE', *, *, #3143, .F. ) ;
#7002 = ADVANCED_FACE ( 'NONE', ( #5249, #8056, #1708, #7375, #145, #5807, #8614, #2363, #2266, #5106, #3724, #6547, #4452, #2315, #186, #5848, #5156, #7967, #1625, #7284, #922, #8337 ), #7462, .T. ) ;
#7003 = EDGE_CURVE ( 'NONE', #5253, #6216, #8297, .T. ) ;
#7004 = AXIS2_PLACEMENT_3D ( 'NONE', #3308, #6189, #6139 ) ;
#7005 = PRESENTATION_STYLE_ASSIGNMENT (( #4056 ) ) ;
#7006 = DIRECTION ( 'NONE',  ( -0.000000000000000000, 1.000000000000000000, 0.000000000000000000 ) ) ;
#7007 = DIRECTION ( 'NONE',  ( 1.000000000000000000, 0.000000000000000000, 0.000000000000000000 ) ) ;
#7008 = ORIENTED_EDGE ( 'NONE', *, *, #7034, .T. ) ;
#7009 = ADVANCED_BREP_SHAPE_REPRESENTATION ( '', ( #5428, #2096 ), #6410 ) ;
#7010 = LINE ( 'NONE', #3453, #1907 ) ;
#7011 = CARTESIAN_POINT ( 'NONE',  ( -7.500000000000001776, 3.343074902771997259, 3.049999999999998490 ) ) ;
#7012 = DIRECTION ( 'NONE',  ( -1.000000000000000000, -0.000000000000000000, -0.000000000000000000 ) ) ;
#7013 = ORIENTED_EDGE ( 'NONE', *, *, #1854, .T. ) ;
#7014 = PRODUCT_RELATED_PRODUCT_CATEGORY ( 'part', '', ( #896 ) ) ;
#7015 = CARTESIAN_POINT ( 'NONE',  ( 3.049999999999999822, 1.000000000000000000, 7.500000000000000000 ) ) ;
#7016 = VERTEX_POINT ( 'NONE', #7419 ) ;
#7017 = SURFACE_SIDE_STYLE ('',( #17 ) ) ;
#7018 = DIRECTION ( 'NONE',  ( 0.000000000000000000, 0.000000000000000000, 1.000000000000000000 ) ) ;
#7019 = AXIS2_PLACEMENT_3D ( 'NONE', #1262, #6882, #8468 ) ;
#7020 = DIRECTION ( 'NONE',  ( -0.000000000000000000, -1.000000000000000000, -0.000000000000000000 ) ) ;
#7021 = CARTESIAN_POINT ( 'NONE',  ( 5.700000000000000178, 1.000000000000000000, 0.000000000000000000 ) ) ;
#7022 = ORIENTED_EDGE ( 'NONE', *, *, #5176, .T. ) ;
#7023 = DIRECTION ( 'NONE',  ( 0.000000000000000000, -0.000000000000000000, 1.000000000000000000 ) ) ;
#7024 = ORIENTED_EDGE ( 'NONE', *, *, #6285, .T. ) ;
#7025 = VECTOR ( 'NONE', #2226, 1000.000000000000000 ) ;
#7026 = ADVANCED_FACE ( 'NONE', ( #465 ), #3305, .F. ) ;
#7027 = ORIENTED_EDGE ( 'NONE', *, *, #7790, .T. ) ;
#7028 = DIRECTION ( 'NONE',  ( 0.000000000000000000, -0.000000000000000000, -1.000000000000000000 ) ) ;
#7029 = CARTESIAN_POINT ( 'NONE',  ( 2.650000000000001243, 1.000000000000000000, -7.500000000000000000 ) ) ;
#7030 = DIRECTION ( 'NONE',  ( -0.000000000000000000, 1.000000000000000000, 0.000000000000000000 ) ) ;
#7031 = PRODUCT_DEFINITION_SHAPE ( 'NONE', 'NONE',  #9174 ) ;
#7032 = ORIENTED_EDGE ( 'NONE', *, *, #4926, .F. ) ;
#7033 = DIRECTION ( 'NONE',  ( 1.000000000000000000, 0.000000000000000000, 0.000000000000000000 ) ) ;
#7034 = EDGE_CURVE ( 'NONE', #6958, #3737, #6185, .T. ) ;
#7035 = UNCERTAINTY_MEASURE_WITH_UNIT (LENGTH_MEASURE( 1.000000000000000082E-05 ), #5471, 'distance_accuracy_value', 'NONE');
#7036 = ORIENTED_EDGE ( 'NONE', *, *, #8555, .F. ) ;
#7037 = ORIENTED_EDGE ( 'NONE', *, *, #1337, .T. ) ;
#7038 = DIRECTION ( 'NONE',  ( 1.000000000000000000, 0.000000000000000000, 0.000000000000000000 ) ) ;
#7039 = VECTOR ( 'NONE', #6692, 1000.000000000000000 ) ;
#7040 = APPLICATION_CONTEXT ( 'automotive_design' ) ;
#7041 = CARTESIAN_POINT ( 'NONE',  ( -6.200000000000001066, 1.800000000000000266, -7.299999999999999822 ) ) ;
#7042 = ORIENTED_EDGE ( 'NONE', *, *, #5811, .T. ) ;
#7043 = FACE_OUTER_BOUND ( 'NONE', #5572, .T. ) ;
#7044 = CARTESIAN_POINT ( 'NONE',  ( -6.999999999999999112, 6.800000000000000711, 6.000000000000000000 ) ) ;
#7045 = APPLICATION_PROTOCOL_DEFINITION ( 'draft international standard', 'automotive_design', 1998, #6575 ) ;
#7046 = EDGE_LOOP ( 'NONE', ( #7783, #4741, #938, #7786 ) ) ;
#7047 = EDGE_CURVE ( 'NONE', #6595, #1433, #1072, .T. ) ;
#7048 = ADVANCED_FACE ( 'NONE', ( #6726 ), #6035, .T. ) ;
#7049 = LINE ( 'NONE', #2840, #5291 ) ;
#7050 = CARTESIAN_POINT ( 'NONE',  ( -6.757359312880712565, 6.800000000000000711, 7.292893218813452094 ) ) ;
#7051 = CARTESIAN_POINT ( 'NONE',  ( 0.000000000000000000, 0.000000000000000000, 7.500000000000000000 ) ) ;
#7052 = ORIENTED_EDGE ( 'NONE', *, *, #7176, .F. ) ;
#7053 = DIRECTION ( 'NONE',  ( 0.000000000000000000, 0.000000000000000000, 1.000000000000000000 ) ) ;
#7054 = ADVANCED_FACE ( 'NONE', ( #7604 ), #370, .T. ) ;
#7055 = VECTOR ( 'NONE', #6266, 1000.000000000000000 ) ;
#7056 =( GEOMETRIC_REPRESENTATION_CONTEXT ( 3 ) GLOBAL_UNCERTAINTY_ASSIGNED_CONTEXT ( ( #3293 ) ) GLOBAL_UNIT_ASSIGNED_CONTEXT ( ( #9042, #1991, #1302 ) ) REPRESENTATION_CONTEXT ( 'NONE', 'WORKASPACE' ) );
#7057 = ADVANCED_FACE ( 'NONE', ( #1849 ), #3255, .T. ) ;
#7058 = DIRECTION ( 'NONE',  ( 4.818676322157799347E-16, -0.000000000000000000, 1.000000000000000000 ) ) ;
#7059 = CARTESIAN_POINT ( 'NONE',  ( 3.049999999999999822, 1.000000000000000000, 0.000000000000000000 ) ) ;
#7060 = EDGE_CURVE ( 'NONE', #6630, #8526, #3347, .T. ) ;
#7061 = VECTOR ( 'NONE', #237, 1000.000000000000000 ) ;
#7062 = LINE ( 'NONE', #2193, #9137 ) ;
#7063 = VECTOR ( 'NONE', #373, 1000.000000000000000 ) ;
#7064 = CARTESIAN_POINT ( 'NONE',  ( 5.700000000000000178, 0.000000000000000000, -1.149999999999999467 ) ) ;
#7065 = SHAPE_REPRESENTATION_RELATIONSHIP ( 'NONE' , 'NONE' ,  #8149, #8099 ) ;
#7066 = EDGE_LOOP ( 'NONE', ( #7984, #7737, #7773, #6968 ) ) ;
#7067 = CARTESIAN_POINT ( 'NONE',  ( 7.500000000000000000, 1.000000000000000000, 0.7500000000000006661 ) ) ;
#7068 = EDGE_LOOP ( 'NONE', ( #5328, #4089, #2514 ) ) ;
#7069 = VECTOR ( 'NONE', #123, 1000.000000000000000 ) ;
#7070 = VECTOR ( 'NONE', #666, 1000.000000000000000 ) ;
#7071 = ORIENTED_EDGE ( 'NONE', *, *, #774, .T. ) ;
#7072 = CARTESIAN_POINT ( 'NONE',  ( 0.000000000000000000, 1.000000000000000000, 0.000000000000000000 ) ) ;
#7073 = DIRECTION ( 'NONE',  ( 0.000000000000000000, 1.000000000000000000, 0.000000000000000000 ) ) ;
#7074 = PLANE ( 'NONE',  #2057 ) ;
#7075 = DIRECTION ( 'NONE',  ( -1.000000000000000000, 0.000000000000000000, -2.409338161078899674E-16 ) ) ;
#7076 = ORIENTED_EDGE ( 'NONE', *, *, #50, .F. ) ;
#7077 = DIRECTION ( 'NONE',  ( 0.000000000000000000, 0.000000000000000000, -1.000000000000000000 ) ) ;
#7078 = EDGE_CURVE ( 'NONE', #1971, #8887, #6875, .T. ) ;
#7079 = CARTESIAN_POINT ( 'NONE',  ( -4.500000000000000888, 0.000000000000000000, 5.499999999999998224 ) ) ;
#7081 = EDGE_CURVE ( 'NONE', #3827, #939, #417, .T. ) ;
#7080 = CONTEXT_DEPENDENT_SHAPE_REPRESENTATION ( #7675, #2076 ) ;
#7082 = VECTOR ( 'NONE', #3021, 1000.000000000000000 ) ;
#7083 = ORIENTED_EDGE ( 'NONE', *, *, #7877, .F. ) ;
#7084 = EDGE_CURVE ( 'NONE', #8454, #2206, #515, .T. ) ;
#7085 = EDGE_LOOP ( 'NONE', ( #4822, #6624, #1267, #3003 ) ) ;
#7086 = ORIENTED_EDGE ( 'NONE', *, *, #1492, .T. ) ;
#7087 = VECTOR ( 'NONE', #8852, 1000.000000000000000 ) ;
#7088 = LINE ( 'NONE', #1474, #3769 ) ;
#7089 = FACE_BOUND ( 'NONE', #6791, .T. ) ;
#7090 = CARTESIAN_POINT ( 'NONE',  ( -6.757359312880715230, 1.899999999999999911, 7.292893218813449430 ) ) ;
#7091 = EDGE_LOOP ( 'NONE', ( #4713, #3462, #1844, #66 ) ) ;
#7092 = MECHANICAL_DESIGN_GEOMETRIC_PRESENTATION_REPRESENTATION (  '', ( #1910 ), #5627 ) ;
#7093 = UNCERTAINTY_MEASURE_WITH_UNIT (LENGTH_MEASURE( 1.000000000000000082E-05 ), #4254, 'distance_accuracy_value', 'NONE');
#7094 = LINE ( 'NONE', #1561, #2317 ) ;
#7095 = DIRECTION ( 'NONE',  ( -0.000000000000000000, -1.000000000000000000, -0.000000000000000000 ) ) ;
#7096 = APPLICATION_PROTOCOL_DEFINITION ( 'draft international standard', 'automotive_design', 1998, #2611 ) ;
#7097 = VERTEX_POINT ( 'NONE', #1211 ) ;
#7098 = LINE ( 'NONE', #8271, #1059 ) ;
#7099 = SHAPE_REPRESENTATION ( 'SAM-M8Q-0-10_17', ( #2096 ), #5960 ) ;
#7100 = LINE ( 'NONE', #3628, #6796 ) ;
#7101 = DIRECTION ( 'NONE',  ( -0.7071067811865474617, 0.000000000000000000, -0.7071067811865474617 ) ) ;
#7102 = FACE_OUTER_BOUND ( 'NONE', #8634, .T. ) ;
#7103 = ORIENTED_EDGE ( 'NONE', *, *, #3673, .T. ) ;
#7104 = DIRECTION ( 'NONE',  ( -0.000000000000000000, 0.000000000000000000, -1.000000000000000000 ) ) ;
#7105 = PRODUCT_DEFINITION_SHAPE ( 'NONE', 'NONE',  #9158 ) ;
#7106 = CARTESIAN_POINT ( 'NONE',  ( -5.699999999999998401, 3.343074902771997259, 0.000000000000000000 ) ) ;
#7107 = CARTESIAN_POINT ( 'NONE',  ( 0.000000000000000000, 3.343074902771997259, 5.700000000000000178 ) ) ;
#7108 = EDGE_CURVE ( 'NONE', #2217, #541, #4099, .T. ) ;
#7109 = ADVANCED_FACE ( 'NONE', ( #8999 ), #6917, .T. ) ;
#7110 = LINE ( 'NONE', #6512, #249 ) ;
#7111 = ADVANCED_FACE ( 'NONE', ( #6231 ), #7515, .F. ) ;
#7112 = FACE_OUTER_BOUND ( 'NONE', #4188, .T. ) ;
#7113 = SHAPE_REPRESENTATION_RELATIONSHIP ( 'NONE' , 'NONE' ,  #2408, #471 ) ;
#7114 = EDGE_LOOP ( 'NONE', ( #1703, #6918, #5174, #4830 ) ) ;
#7115 = LINE ( 'NONE', #2764, #2464 ) ;
#7116 = ORIENTED_EDGE ( 'NONE', *, *, #2411, .F. ) ;
#7117 = ORIENTED_EDGE ( 'NONE', *, *, #3784, .F. ) ;
#7118 = CARTESIAN_POINT ( 'NONE',  ( 5.699999999999999289, 1.000000000000000000, 4.549999999999999822 ) ) ;
#7119 = CARTESIAN_POINT ( 'NONE',  ( 1.149999999999999911, 1.000000000000000000, 7.500000000000000000 ) ) ;
#7120 = LINE ( 'NONE', #767, #5021 ) ;
#7121 = FACE_OUTER_BOUND ( 'NONE', #4307, .T. ) ;
#7122 = ORIENTED_EDGE ( 'NONE', *, *, #7191, .F. ) ;
#7123 = DIRECTION ( 'NONE',  ( 0.000000000000000000, 0.000000000000000000, -1.000000000000000000 ) ) ;
#7124 = VECTOR ( 'NONE', #8629, 1000.000000000000000 ) ;
#7125 = CARTESIAN_POINT ( 'NONE',  ( 0.7500000000000011102, 0.000000000000000000, -7.500000000000000000 ) ) ;
#7126 = PRODUCT_DEFINITION ( 'UNKNOWN', '', #9069, #6173 ) ;
#7127 = VERTEX_POINT ( 'NONE', #4650 ) ;
#7128 = VECTOR ( 'NONE', #3890, 1000.000000000000000 ) ;
#7129 = ORIENTED_EDGE ( 'NONE', *, *, #4639, .T. ) ;
#7130 =( GEOMETRIC_REPRESENTATION_CONTEXT ( 3 ) GLOBAL_UNCERTAINTY_ASSIGNED_CONTEXT ( ( #3203 ) ) GLOBAL_UNIT_ASSIGNED_CONTEXT ( ( #5173, #8718, #5077 ) ) REPRESENTATION_CONTEXT ( 'NONE', 'WORKASPACE' ) );
#7131 = CARTESIAN_POINT ( 'NONE',  ( 6.579566338637386380, 6.799999999999997158, -6.820197671928087679 ) ) ;
#7132 = FACE_OUTER_BOUND ( 'NONE', #1386, .T. ) ;
#7133 = PLANE ( 'NONE',  #6845 ) ;
#7134 = VERTEX_POINT ( 'NONE', #6778 ) ;
#7135 = CARTESIAN_POINT ( 'NONE',  ( -3.049999999999998934, 1.000000000000000000, -5.700000000000000178 ) ) ;
#7136 = CARTESIAN_POINT ( 'NONE',  ( -5.700000000000000178, 0.000000000000000000, -0.7500000000000013323 ) ) ;
#7137 = DIRECTION ( 'NONE',  ( 1.000000000000000000, 0.000000000000000000, 0.000000000000000000 ) ) ;
#7138 =( GEOMETRIC_REPRESENTATION_CONTEXT ( 3 ) GLOBAL_UNCERTAINTY_ASSIGNED_CONTEXT ( ( #3648 ) ) GLOBAL_UNIT_ASSIGNED_CONTEXT ( ( #5108, #101, #6418 ) ) REPRESENTATION_CONTEXT ( 'NONE', 'WORKASPACE' ) );
#7139 = ORIENTED_EDGE ( 'NONE', *, *, #6109, .T. ) ;
#7140 = EDGE_CURVE ( 'NONE', #1239, #4048, #6831, .T. ) ;
#7141 = DIRECTION ( 'NONE',  ( -1.000000000000000000, 0.000000000000000000, -0.000000000000000000 ) ) ;
#7142 = CARTESIAN_POINT ( 'NONE',  ( -7.500000000000000000, 0.000000000000000000, 1.149999999999998579 ) ) ;
#7143 = DIRECTION ( 'NONE',  ( 0.000000000000000000, 1.000000000000000000, 0.000000000000000000 ) ) ;
#7144 = CARTESIAN_POINT ( 'NONE',  ( -6.999999999999999112, 1.899999999999996358, -6.500000000000000888 ) ) ;
#7145 =( LENGTH_UNIT ( ) NAMED_UNIT ( * ) SI_UNIT ( .MILLI., .METRE. ) );
#7146 = VERTEX_POINT ( 'NONE', #8682 ) ;
#7147 = LINE ( 'NONE', #6550, #6201 ) ;
#7148 = CARTESIAN_POINT ( 'NONE',  ( 7.500000000000000000, 3.343074902771997259, -1.149999999999999467 ) ) ;
#7149 = EDGE_CURVE ( 'NONE', #469, #4469, #5696, .T. ) ;
#7150 = SHAPE_REPRESENTATION ( 'SAM-M8Q-0-10_9', ( #2096 ), #6860 ) ;
#7151 = LINE ( 'NONE', #797, #4708 ) ;
#7152 = CARTESIAN_POINT ( 'NONE',  ( -7.300000000000000711, 1.899999999999999911, -6.200000000000001066 ) ) ;
#7153 = DIRECTION ( 'NONE',  ( -1.000000000000000000, 0.000000000000000000, 0.000000000000000000 ) ) ;
#7154 = ORIENTED_EDGE ( 'NONE', *, *, #2866, .F. ) ;
#7155 = LINE ( 'NONE', #5175, #4394 ) ;
#7156 = ORIENTED_EDGE ( 'NONE', *, *, #1226, .F. ) ;
#7157 = UNCERTAINTY_MEASURE_WITH_UNIT (LENGTH_MEASURE( 1.000000000000000082E-05 ), #5766, 'distance_accuracy_value', 'NONE');
#7158 = ORIENTED_EDGE ( 'NONE', *, *, #8343, .T. ) ;
#7159 = DIRECTION ( 'NONE',  ( -1.204669080539449837E-16, -0.000000000000000000, 1.000000000000000000 ) ) ;
#7160 = ADVANCED_FACE ( 'NONE', ( #7902 ), #5829, .F. ) ;
#7161 = CARTESIAN_POINT ( 'NONE',  ( -5.500000000000000000, 0.000000000000000000, -4.500000000000001776 ) ) ;
#7162 = CARTESIAN_POINT ( 'NONE',  ( -7.650000000000002132, 1.000000000000000000, -7.650000000000002132 ) ) ;
#7163 =( NAMED_UNIT ( * ) PLANE_ANGLE_UNIT ( ) SI_UNIT ( $, .RADIAN. ) );
#7164 = VERTEX_POINT ( 'NONE', #125 ) ;
#7165 = CARTESIAN_POINT ( 'NONE',  ( 5.700000000000000178, 1.000000000000000000, -0.7499999999999998890 ) ) ;
#7166 = PLANE ( 'NONE',  #2920 ) ;
#7167 = AXIS2_PLACEMENT_3D ( 'NONE', #466, #4146, #4698 ) ;
#7168 = VECTOR ( 'NONE', #523, 1000.000000000000000 ) ;
#7169 = ORIENTED_EDGE ( 'NONE', *, *, #815, .T. ) ;
#7170 = ORIENTED_EDGE ( 'NONE', *, *, #1226, .T. ) ;
#7171 = CARTESIAN_POINT ( 'NONE',  ( 6.431209111802003164, 6.800000000000001599, -6.902465552834629037 ) ) ;
#7172 = DIRECTION ( 'NONE',  ( 0.000000000000000000, -0.000000000000000000, -1.000000000000000000 ) ) ;
#7173 = VECTOR ( 'NONE', #1031, 1000.000000000000000 ) ;
#7174 = CARTESIAN_POINT ( 'NONE',  ( -7.499999999999996447, 2.399999999999999467, 6.878679656440356283 ) ) ;
#7175 = ORIENTED_EDGE ( 'NONE', *, *, #5861, .T. ) ;
#7176 = EDGE_CURVE ( 'NONE', #6010, #1109, #3706, .T. ) ;
#7177 = DIRECTION ( 'NONE',  ( 0.000000000000000000, -0.000000000000000000, 1.000000000000000000 ) ) ;
#7178 = PRODUCT_CONTEXT ( 'NONE', #6575, 'mechanical' ) ;
#7179 = EDGE_LOOP ( 'NONE', ( #8769, #4236 ) ) ;
#7180 = EDGE_LOOP ( 'NONE', ( #5476, #952, #5221 ) ) ;
#7181 = MECHANICAL_DESIGN_GEOMETRIC_PRESENTATION_REPRESENTATION (  '', ( #6006 ), #2886 ) ;
#7182 = DIRECTION ( 'NONE',  ( 1.000000000000000000, 0.000000000000000000, 1.301042606982605321E-16 ) ) ;
#7183 = EDGE_CURVE ( 'NONE', #8482, #7695, #903, .T. ) ;
#7184 = LINE ( 'NONE', #3543, #6359 ) ;
#7185 = LINE ( 'NONE', #1360, #3484 ) ;
#7186 = EDGE_CURVE ( 'NONE', #6069, #6122, #7215, .T. ) ;
#7187 = VECTOR ( 'NONE', #2090, 1000.000000000000000 ) ;
#7188 = ORIENTED_EDGE ( 'NONE', *, *, #8687, .F. ) ;
#7189 = CARTESIAN_POINT ( 'NONE',  ( 5.700000000000000178, 1.000000000000000000, -1.149999999999999467 ) ) ;
#7190 = PRODUCT_DEFINITION_SHAPE ( 'NONE', 'NONE',  #3438 ) ;
#7191 = EDGE_CURVE ( 'NONE', #507, #497, #5379, .T. ) ;
#7192 = ORIENTED_EDGE ( 'NONE', *, *, #1722, .T. ) ;
#7193 = LINE ( 'NONE', #3692, #5066 ) ;
#7194 = DIRECTION ( 'NONE',  ( 0.000000000000000000, 1.000000000000000000, -0.000000000000000000 ) ) ;
#7195 = EDGE_CURVE ( 'NONE', #2871, #1127, #7944, .T. ) ;
#7196 = CARTESIAN_POINT ( 'NONE',  ( -2.192497726581800266E-15, 3.343074902771997259, 4.550000000000001599 ) ) ;
#7197 = VERTEX_POINT ( 'NONE', #3610 ) ;
#7198 = LINE ( 'NONE', #8540, #2314 ) ;
#7199 = AXIS2_PLACEMENT_3D ( 'NONE', #7586, #6067, #6899 ) ;
#7200 = SHAPE_REPRESENTATION ( 'SAM-M8Q-0-10_14', ( #2096 ), #473 ) ;
#7201 = PRESENTATION_LAYER_ASSIGNMENT (  '', '', ( #394 ) ) ;
#7202 = EDGE_CURVE ( 'NONE', #5189, #5573, #3656, .T. ) ;
#7203 = ORIENTED_EDGE ( 'NONE', *, *, #650, .F. ) ;
#7204 = EDGE_CURVE ( 'NONE', #2717, #3896, #717, .T. ) ;
#7205 = ORIENTED_EDGE ( 'NONE', *, *, #2695, .T. ) ;
#7206 = CLOSED_SHELL ( 'NONE', ( #2124, #3528, #2646, #3377, #7471, #4198, #1588, #1590, #9040, #2648, #6210, #7756, #1567, #2300, #7026, #1621, #4231, #7509, #8673, #6398, #7839, #7342, #3948, #3539, #2978, #7481, #4618, #2753, #2012, #2015, #2899, #2499, #7681, #4754, #6258, #600, #8994, #8430, #741, #8186, #6115, #5864, #3251, #3723, #5125, #5497, #7307, #652, #7882, #213, #756, #4644, #3357, #5277, #5142, #9048, #2283, #371, #1779, #8877, #893, #2972, #6165, #7762, #6394, #6960, #4606, #7568, #2150, #653, #936, #5311, #4835, #8016, #1192, #1997, #4216, #2013, #8499, #3604, #5924, #2589, #340, #6245, #3054, #6966, #7950, #5031, #929, #6717, #2552, #6757, #4323, #7002 ) ) ;
#7207 = CARTESIAN_POINT ( 'NONE',  ( 4.549999999999999822, 1.000000000000000000, -7.499999999999998224 ) ) ;
#7208 = AXIS2_PLACEMENT_3D ( 'NONE', #520, #4752, #6140 ) ;
#7209 = LINE ( 'NONE', #8548, #4755 ) ;
#7210 = CARTESIAN_POINT ( 'NONE',  ( -3.049999999999998934, 1.000000000000000000, -7.500000000000000000 ) ) ;
#7211 = AXIS2_PLACEMENT_3D ( 'NONE', #685, #558, #3531 ) ;
#7212 = PLANE ( 'NONE',  #1308 ) ;
#7213 = AXIS2_PLACEMENT_3D ( 'NONE', #1429, #5629, #4227 ) ;
#7214 = EDGE_LOOP ( 'NONE', ( #4093, #2263, #3389, #6694 ) ) ;
#7215 = LINE ( 'NONE', #4257, #4571 ) ;
#7216 = CARTESIAN_POINT ( 'NONE',  ( 0.000000000000000000, 0.000000000000000000, 0.000000000000000000 ) ) ;
#7217 = ITEM_DEFINED_TRANSFORMATION ( 'NONE', 'NONE', #3752,  #2096 ) ;
#7218 = CIRCLE ( 'NONE', #6199, 0.4000000000000000777 ) ;
#7219 = APPLICATION_CONTEXT ( 'automotive_design' ) ;
#7220 = VERTEX_POINT ( 'NONE', #4436 ) ;
#7221 = ADVANCED_BREP_SHAPE_REPRESENTATION ( '', ( #5411, #2096 ), #1233 ) ;
#7222 = ORIENTED_EDGE ( 'NONE', *, *, #1662, .T. ) ;
#7223 = EDGE_CURVE ( 'NONE', #3965, #6010, #5089, .T. ) ;
#7224 = DIRECTION ( 'NONE',  ( -1.000000000000000000, 0.000000000000000000, 0.000000000000000000 ) ) ;
#7225 = CARTESIAN_POINT ( 'NONE',  ( -4.549999999999998934, 1.000000000000000000, -5.700000000000001066 ) ) ;
#7226 = FACE_OUTER_BOUND ( 'NONE', #6027, .T. ) ;
#7227 = ORIENTED_EDGE ( 'NONE', *, *, #3028, .T. ) ;
#7228 = EDGE_CURVE ( 'NONE', #7448, #4954, #7650, .T. ) ;
#7229 = EDGE_CURVE ( 'NONE', #8229, #2241, #5743, .T. ) ;
#7230 = AXIS2_PLACEMENT_3D ( 'NONE', #1095, #6162, #1047 ) ;
#7231 = DIRECTION ( 'NONE',  ( -0.7071067811865474617, 0.000000000000000000, -0.7071067811865474617 ) ) ;
#7232 = EDGE_CURVE ( 'NONE', #3655, #2545, #8551, .T. ) ;
#7233 = AXIS2_PLACEMENT_3D ( 'NONE', #7162, #854, #1597 ) ;
#7234 = DIRECTION ( 'NONE',  ( 0.000000000000000000, 1.000000000000000000, -0.000000000000000000 ) ) ;
#7235 = PRODUCT_CONTEXT ( 'NONE', #4810, 'mechanical' ) ;
#7236 = ORIENTED_EDGE ( 'NONE', *, *, #2101, .F. ) ;
#7237 = EDGE_CURVE ( 'NONE', #3044, #6591, #209, .T. ) ;
#7238 = ORIENTED_EDGE ( 'NONE', *, *, #510, .T. ) ;
#7239 = VECTOR ( 'NONE', #5455, 1000.000000000000000 ) ;
#7240 = EDGE_CURVE ( 'NONE', #4098, #4413, #7816, .T. ) ;
#7241 = CARTESIAN_POINT ( 'NONE',  ( -1.900000000000000133, 0.5000000000000000000, 1.899999999999999689 ) ) ;
#7242 = VECTOR ( 'NONE', #8549, 1000.000000000000000 ) ;
#7243 = ADVANCED_FACE ( 'NONE', ( #3040 ), #5874, .T. ) ;
#7244 = CARTESIAN_POINT ( 'NONE',  ( 4.749999999999999112, 5.799999999999999822, -3.750000000000000888 ) ) ;
#7245 = AXIS2_PLACEMENT_3D ( 'NONE', #8275, #5602, #625 ) ;
#7246 = DIRECTION ( 'NONE',  ( 0.000000000000000000, -1.000000000000000000, -0.000000000000000000 ) ) ;
#7247 =( NAMED_UNIT ( * ) SI_UNIT ( $, .STERADIAN. ) SOLID_ANGLE_UNIT ( ) );
#7248 = ORIENTED_EDGE ( 'NONE', *, *, #7460, .F. ) ;
#7249 = CARTESIAN_POINT ( 'NONE',  ( 2.650000000000000355, 3.343074902771997259, 5.700000000000000178 ) ) ;
#7250 = CARTESIAN_POINT ( 'NONE',  ( 2.192497726581800660E-15, 1.000000000000000000, -4.550000000000002487 ) ) ;
#7251 = PLANE ( 'NONE',  #3221 ) ;
#7252 = PRESENTATION_STYLE_ASSIGNMENT (( #8536 ) ) ;
#7253 = CARTESIAN_POINT ( 'NONE',  ( -7.499999999999999112, 0.000000000000000000, -2.650000000000001243 ) ) ;
#7254 = VERTEX_POINT ( 'NONE', #726 ) ;
#7255 = LINE ( 'NONE', #8026, #4876 ) ;
#7256 = AXIS2_PLACEMENT_3D ( 'NONE', #7589, #546, #8364 ) ;
#7257 = ORIENTED_EDGE ( 'NONE', *, *, #6225, .T. ) ;
#7258 = ORIENTED_EDGE ( 'NONE', *, *, #5555, .F. ) ;
#7259 = PLANE ( 'NONE',  #8598 ) ;
#7260 = CARTESIAN_POINT ( 'NONE',  ( 3.050000000000002043, 1.000000000000000000, -7.499999999999999112 ) ) ;
#7261 = CARTESIAN_POINT ( 'NONE',  ( 7.500000000000000000, 1.000000000000000000, 1.150000000000000133 ) ) ;
#7262 = CARTESIAN_POINT ( 'NONE',  ( -5.700000000000001066, 3.343074902771997259, 3.049999999999998934 ) ) ;
#7263 = FACE_OUTER_BOUND ( 'NONE', #5423, .T. ) ;
#7264 = ORIENTED_EDGE ( 'NONE', *, *, #5318, .T. ) ;
#7265 = DIRECTION ( 'NONE',  ( -1.734723475976806848E-16, 0.000000000000000000, 1.000000000000000000 ) ) ;
#7266 = SHAPE_REPRESENTATION ( 'SAM-M8Q-0-10_10', ( #2096 ), #39 ) ;
#7267 = DIRECTION ( 'NONE',  ( 0.000000000000000000, -1.000000000000000000, 0.000000000000000000 ) ) ;
#7268 = EDGE_LOOP ( 'NONE', ( #4399, #8550, #4327, #8219 ) ) ;
#7269 = ORIENTED_EDGE ( 'NONE', *, *, #3065, .F. ) ;
#7270 = DIRECTION ( 'NONE',  ( 0.000000000000000000, 0.000000000000000000, 1.000000000000000000 ) ) ;
#7271 = DIRECTION ( 'NONE',  ( 1.000000000000000000, 0.000000000000000000, -0.000000000000000000 ) ) ;
#7272 = CARTESIAN_POINT ( 'NONE',  ( 0.000000000000000000, 1.000000000000000000, 7.500000000000000000 ) ) ;
#7273 = VERTEX_POINT ( 'NONE', #8597 ) ;
#7274 = PRODUCT_DEFINITION_SHAPE ( 'NONE', 'NONE',  #3448 ) ;
#7275 = COLOUR_RGB ( '',1.000000000000000000, 0.8117647058823529438, 0.5019607843137254832 ) ;
#7276 = APPLICATION_PROTOCOL_DEFINITION ( 'draft international standard', 'automotive_design', 1998, #5803 ) ;
#7277 = ORIENTED_EDGE ( 'NONE', *, *, #7904, .F. ) ;
#7278 = ORIENTED_EDGE ( 'NONE', *, *, #4899, .T. ) ;
#7279 = CARTESIAN_POINT ( 'NONE',  ( 1.150000000000000355, 1.000000000000000000, -5.700000000000000178 ) ) ;
#7280 = VECTOR ( 'NONE', #2508, 1000.000000000000000 ) ;
#7281 = EDGE_CURVE ( 'NONE', #4921, #9057, #2861, .T. ) ;
#7282 = EDGE_CURVE ( 'NONE', #5510, #4921, #1469, .T. ) ;
#7283 = STYLED_ITEM ( 'NONE', ( #8227 ), #9096 ) ;
#7284 = FACE_BOUND ( 'NONE', #5892, .T. ) ;
#7285 = SURFACE_STYLE_USAGE ( .BOTH. , #1760 ) ;
#7286 = CARTESIAN_POINT ( 'NONE',  ( 0.000000000000000000, 1.000000000000000000, 7.500000000000000000 ) ) ;
#7287 = ORIENTED_EDGE ( 'NONE', *, *, #5984, .F. ) ;
#7288 = CARTESIAN_POINT ( 'NONE',  ( -4.500000000000000888, 1.000000000000000000, -5.500000000000000000 ) ) ;
#7289 = PLANE ( 'NONE',  #3080 ) ;
#7290 = ORIENTED_EDGE ( 'NONE', *, *, #7228, .F. ) ;
#7291 = CARTESIAN_POINT ( 'NONE',  ( -1.385369442620366585E-16, 3.343074902771997259, 1.149999999999999467 ) ) ;
#7292 = CARTESIAN_POINT ( 'NONE',  ( -4.750000000000000888, 6.799999999999999822, 3.750000000000000000 ) ) ;
#7293 = AXIS2_PLACEMENT_3D ( 'NONE', #8855, #280, #5941 ) ;
#7294 = VERTEX_POINT ( 'NONE', #772 ) ;
#7295 = PRODUCT_DEFINITION_SHAPE ( 'NONE', 'NONE',  #437 ) ;
#7296 = CARTESIAN_POINT ( 'NONE',  ( -3.050000000000001155, 0.000000000000000000, 5.699999999999999289 ) ) ;
#7297 = EDGE_LOOP ( 'NONE', ( #5214, #6952, #8235, #5659 ) ) ;
#7298 = ORIENTED_EDGE ( 'NONE', *, *, #3554, .F. ) ;
#7299 = CARTESIAN_POINT ( 'NONE',  ( -6.999999999999999112, 6.299999999999999822, 6.000000000000000000 ) ) ;
#7300 = DIRECTION ( 'NONE',  ( 0.000000000000000000, -0.000000000000000000, 1.000000000000000000 ) ) ;
#7301 = FACE_OUTER_BOUND ( 'NONE', #4480, .T. ) ;
#7302 = PLANE ( 'NONE',  #8116 ) ;
#7303 =( NAMED_UNIT ( * ) SI_UNIT ( $, .STERADIAN. ) SOLID_ANGLE_UNIT ( ) );
#7304 = VERTEX_POINT ( 'NONE', #5230 ) ;
#7305 = LINE ( 'NONE', #3283, #2199 ) ;
#7306 = CARTESIAN_POINT ( 'NONE',  ( -0.7499999999999993339, 0.000000000000000000, -7.500000000000000000 ) ) ;
#7307 = ADVANCED_FACE ( 'NONE', ( #5335 ), #1093, .F. ) ;
#7308 = ORIENTED_EDGE ( 'NONE', *, *, #1988, .F. ) ;
#7309 = ORIENTED_EDGE ( 'NONE', *, *, #7684, .T. ) ;
#7310 = DIRECTION ( 'NONE',  ( 0.000000000000000000, -0.000000000000000000, 1.000000000000000000 ) ) ;
#7311 = PLANE ( 'NONE',  #5600 ) ;
#7312 = LINE ( 'NONE', #955, #8312 ) ;
#7313 = ORIENTED_EDGE ( 'NONE', *, *, #4125, .F. ) ;
#7314 = VECTOR ( 'NONE', #4935, 1000.000000000000000 ) ;
#7315 = VECTOR ( 'NONE', #6303, 1000.000000000000000 ) ;
#7316 = ADVANCED_FACE ( 'NONE', ( #6112 ), #7487, .T. ) ;
#7317 = PLANE ( 'NONE',  #378 ) ;
#7318 = CARTESIAN_POINT ( 'NONE',  ( 0.000000000000000000, 1.000000000000000000, -3.049999999999999378 ) ) ;
#7319 = APPLICATION_PROTOCOL_DEFINITION ( 'draft international standard', 'automotive_design', 1998, #996 ) ;
#7320 = ORIENTED_EDGE ( 'NONE', *, *, #7999, .F. ) ;
#7321 = VERTEX_POINT ( 'NONE', #1781 ) ;
#7322 = VECTOR ( 'NONE', #20, 1000.000000000000000 ) ;
#7323 = CARTESIAN_POINT ( 'NONE',  ( -7.500000000000000000, 0.000000000000000000, 1.149999999999998579 ) ) ;
#7324 = DIRECTION ( 'NONE',  ( -1.000000000000000000, 0.000000000000000000, -4.818676322157799347E-16 ) ) ;
#7325 = CARTESIAN_POINT ( 'NONE',  ( -5.699999999999999289, 3.343074902771997259, -2.650000000000001243 ) ) ;
#7326 = LINE ( 'NONE', #420, #6033 ) ;
#7327 = VERTEX_POINT ( 'NONE', #8777 ) ;
#7328 = EDGE_CURVE ( 'NONE', #4746, #236, #3926, .T. ) ;
#7329 = EDGE_CURVE ( 'NONE', #1270, #2717, #4148, .T. ) ;
#7330 = ADVANCED_BREP_SHAPE_REPRESENTATION ( '', ( #2839, #2096 ), #768 ) ;
#7331 = PLANE ( 'NONE',  #1452 ) ;
#7332 = VERTEX_POINT ( 'NONE', #2389 ) ;
#7333 = AXIS2_PLACEMENT_3D ( 'NONE', #3096, #7449, #8734 ) ;
#7334 = APPLICATION_CONTEXT ( 'automotive_design' ) ;
#7335 = CARTESIAN_POINT ( 'NONE',  ( 6.000000000000000000, 6.800000000000000711, 7.292893218813452094 ) ) ;
#7336 = CARTESIAN_POINT ( 'NONE',  ( 4.549999999999999822, 1.000000000000000000, -7.499999999999998224 ) ) ;
#7337 = EDGE_CURVE ( 'NONE', #3849, #3112, #4625, .T. ) ;
#7338 = DIRECTION ( 'NONE',  ( -1.000000000000000000, 0.000000000000000000, -2.409338161078899674E-16 ) ) ;
#7339 = ORIENTED_EDGE ( 'NONE', *, *, #4583, .T. ) ;
#7340 = LINE ( 'NONE', #4662, #7373 ) ;
#7341 = ORIENTED_EDGE ( 'NONE', *, *, #2808, .T. ) ;
#7342 = ADVANCED_FACE ( 'NONE', ( #298 ), #392, .F. ) ;
#7343 = ORIENTED_EDGE ( 'NONE', *, *, #7003, .F. ) ;
#7344 = CARTESIAN_POINT ( 'NONE',  ( -7.500000000000001776, 1.000000000000000000, 3.049999999999998490 ) ) ;
#7345 = EDGE_CURVE ( 'NONE', #2871, #1754, #3229, .T. ) ;
#7346 = PRODUCT ( 'SAM-M8Q-0-10_15', 'SAM-M8Q-0-10_15', '', ( #6026 ) ) ;
#7347 = CARTESIAN_POINT ( 'NONE',  ( 0.000000000000000000, 1.000000000000000000, 0.000000000000000000 ) ) ;
#7348 = PLANE ( 'NONE',  #1025 ) ;
#7349 = DIRECTION ( 'NONE',  ( -0.000000000000000000, 0.000000000000000000, 1.000000000000000000 ) ) ;
#7350 = DIRECTION ( 'NONE',  ( 0.000000000000000000, 1.000000000000000000, 0.000000000000000000 ) ) ;
#7351 = VECTOR ( 'NONE', #2911, 1000.000000000000000 ) ;
#7352 = EDGE_LOOP ( 'NONE', ( #4753, #7278, #3449, #589 ) ) ;
#7353 = DIRECTION ( 'NONE',  ( 0.000000000000000000, -0.000000000000000000, 1.000000000000000000 ) ) ;
#7354 = DIRECTION ( 'NONE',  ( 0.000000000000000000, 1.000000000000000000, 0.000000000000000000 ) ) ;
#7355 = VERTEX_POINT ( 'NONE', #3838 ) ;
#7356 = VECTOR ( 'NONE', #5804, 1000.000000000000000 ) ;
#7357 = ORIENTED_EDGE ( 'NONE', *, *, #1533, .F. ) ;
#7358 = DIRECTION ( 'NONE',  ( -2.409338161078899674E-16, 0.000000000000000000, 1.000000000000000000 ) ) ;
#7359 = VECTOR ( 'NONE', #3386, 1000.000000000000000 ) ;
#7360 = AXIS2_PLACEMENT_3D ( 'NONE', #7597, #8289, #1203 ) ;
#7361 = CARTESIAN_POINT ( 'NONE',  ( 6.999999999999999112, 1.899999999999999467, 6.585786437626903300 ) ) ;
#7362 = DIRECTION ( 'NONE',  ( 0.000000000000000000, -0.000000000000000000, -1.000000000000000000 ) ) ;
#7363 = DIRECTION ( 'NONE',  ( 0.000000000000000000, 0.000000000000000000, 1.000000000000000000 ) ) ;
#7364 = ORIENTED_EDGE ( 'NONE', *, *, #3144, .F. ) ;
#7365 = CIRCLE ( 'NONE', #2633, 0.9999999999999991118 ) ;
#7366 = AXIS2_PLACEMENT_3D ( 'NONE', #2228, #2320, #2932 ) ;
#7367 = LINE ( 'NONE', #6627, #2450 ) ;
#7368 = LINE ( 'NONE', #2966, #6341 ) ;
#7369 = APPLICATION_PROTOCOL_DEFINITION ( 'draft international standard', 'automotive_design', 1998, #1476 ) ;
#7370 = VERTEX_POINT ( 'NONE', #5275 ) ;
#7371 = EDGE_LOOP ( 'NONE', ( #4661, #2667, #4840, #5661 ) ) ;
#7372 = CARTESIAN_POINT ( 'NONE',  ( -7.500000000000000000, 0.000000000000000000, -2.650000000000001688 ) ) ;
#7373 = VECTOR ( 'NONE', #8917, 1000.000000000000000 ) ;
#7374 = PRODUCT ( 'SAM-M8Q-0-10_20', 'SAM-M8Q-0-10_20', '', ( #5978 ) ) ;
#7375 = FACE_BOUND ( 'NONE', #1659, .T. ) ;
#7376 = LINE ( 'NONE', #6683, #2029 ) ;
#7377 = CARTESIAN_POINT ( 'NONE',  ( 4.550000000000000711, 1.000000000000000000, -5.699999999999998401 ) ) ;
#7378 = SHAPE_REPRESENTATION_RELATIONSHIP ( 'NONE' , 'NONE' ,  #808, #1146 ) ;
#7379 = AXIS2_PLACEMENT_3D ( 'NONE', #1857, #7528, #6144 ) ;
#7380 = LINE ( 'NONE', #6039, #7063 ) ;
#7381 = ORIENTED_EDGE ( 'NONE', *, *, #7738, .F. ) ;
#7382 = UNCERTAINTY_MEASURE_WITH_UNIT (LENGTH_MEASURE( 1.000000000000000082E-05 ), #7708, 'distance_accuracy_value', 'NONE');
#7383 = VECTOR ( 'NONE', #3037, 1000.000000000000000 ) ;
#7384 = CARTESIAN_POINT ( 'NONE',  ( -7.500000000000001776, 0.000000000000000000, 3.049999999999998490 ) ) ;
#7385 = AXIS2_PLACEMENT_3D ( 'NONE', #4905, #2760, #1967 ) ;
#7386 = ORIENTED_EDGE ( 'NONE', *, *, #5436, .F. ) ;
#7387 = LINE ( 'NONE', #4515, #6931 ) ;
#7388 = CARTESIAN_POINT ( 'NONE',  ( 7.500000000000000000, 0.000000000000000000, -1.149999999999999467 ) ) ;
#7389 = PLANE ( 'NONE',  #366 ) ;
#7390 = ORIENTED_EDGE ( 'NONE', *, *, #5965, .T. ) ;
#7391 = PLANE ( 'NONE',  #1743 ) ;
#7392 = ORIENTED_EDGE ( 'NONE', *, *, #359, .F. ) ;
#7393 = EDGE_CURVE ( 'NONE', #334, #2359, #6064, .T. ) ;
#7394 = ORIENTED_EDGE ( 'NONE', *, *, #8873, .T. ) ;
#7395 = CARTESIAN_POINT ( 'NONE',  ( 2.650000000000000355, 3.343074902771997259, 0.000000000000000000 ) ) ;
#7396 = PLANE ( 'NONE',  #7936 ) ;
#7397 = CARTESIAN_POINT ( 'NONE',  ( -7.500000000000001776, 1.000000000000000000, 3.049999999999998490 ) ) ;
#7398 = EDGE_CURVE ( 'NONE', #6212, #8045, #4672, .T. ) ;
#7399 = DIRECTION ( 'NONE',  ( -1.204669080539449837E-16, 0.000000000000000000, 1.000000000000000000 ) ) ;
#7400 = VECTOR ( 'NONE', #2729, 1000.000000000000000 ) ;
#7401 = EDGE_LOOP ( 'NONE', ( #834, #8003, #7320, #2251 ) ) ;
#7402 = DIRECTION ( 'NONE',  ( 1.000000000000000000, 0.000000000000000000, 0.000000000000000000 ) ) ;
#7403 =( NAMED_UNIT ( * ) PLANE_ANGLE_UNIT ( ) SI_UNIT ( $, .RADIAN. ) );
#7404 = FACE_OUTER_BOUND ( 'NONE', #4974, .T. ) ;
#7405 = VERTEX_POINT ( 'NONE', #1045 ) ;
#7406 = ORIENTED_EDGE ( 'NONE', *, *, #6666, .T. ) ;
#7407 = CARTESIAN_POINT ( 'NONE',  ( 7.499999999999999112, 1.000000000000000000, 4.549999999999999822 ) ) ;
#7408 = PLANE ( 'NONE',  #6582 ) ;
#7409 = DIRECTION ( 'NONE',  ( 6.023345402697249184E-17, 0.000000000000000000, -1.000000000000000000 ) ) ;
#7410 = ORIENTED_EDGE ( 'NONE', *, *, #7626, .T. ) ;
#7411 = LINE ( 'NONE', #6123, #3368 ) ;
#7412 = FACE_OUTER_BOUND ( 'NONE', #3762, .T. ) ;
#7413 = APPLICATION_PROTOCOL_DEFINITION ( 'draft international standard', 'automotive_design', 1998, #8940 ) ;
#7414 = VERTEX_POINT ( 'NONE', #2532 ) ;
#7415 = ORIENTED_EDGE ( 'NONE', *, *, #6044, .T. ) ;
#7416 = DIRECTION ( 'NONE',  ( 0.7071067811865474617, 0.000000000000000000, -0.7071067811865474617 ) ) ;
#7417 = FACE_OUTER_BOUND ( 'NONE', #2777, .T. ) ;
#7418 = VECTOR ( 'NONE', #4681, 1000.000000000000000 ) ;
#7419 = CARTESIAN_POINT ( 'NONE',  ( 3.100000000000000977, 0.5000000000000000000, -3.100000000000000977 ) ) ;
#7420 = CARTESIAN_POINT ( 'NONE',  ( -7.299999999999999822, 1.800000000000000266, -7.299999999999999822 ) ) ;
#7421 = VECTOR ( 'NONE', #4823, 1000.000000000000000 ) ;
#7422 = LINE ( 'NONE', #2367, #1879 ) ;
#7423 = VERTEX_POINT ( 'NONE', #1688 ) ;
#7424 = EDGE_CURVE ( 'NONE', #7915, #8497, #3881, .T. ) ;
#7425 =( GEOMETRIC_REPRESENTATION_CONTEXT ( 3 ) GLOBAL_UNCERTAINTY_ASSIGNED_CONTEXT ( ( #1283 ) ) GLOBAL_UNIT_ASSIGNED_CONTEXT ( ( #5641, #6462, #2937 ) ) REPRESENTATION_CONTEXT ( 'NONE', 'WORKASPACE' ) );
#7426 = LINE ( 'NONE', #7384, #3984 ) ;
#7427 = COLOUR_RGB ( '',1.000000000000000000, 0.8117647058823529438, 0.5019607843137254832 ) ;
#7428 = FACE_OUTER_BOUND ( 'NONE', #1022, .T. ) ;
#7429 = CARTESIAN_POINT ( 'NONE',  ( -1.149999999999999689, 0.000000000000000000, 5.700000000000000178 ) ) ;
#7430 = DIRECTION ( 'NONE',  ( 1.000000000000000000, -0.000000000000000000, -0.000000000000000000 ) ) ;
#7431 = ORIENTED_EDGE ( 'NONE', *, *, #4468, .T. ) ;
#7432 = EDGE_CURVE ( 'NONE', #5551, #3233, #1646, .T. ) ;
#7433 = DIRECTION ( 'NONE',  ( 0.000000000000000000, 0.000000000000000000, 1.000000000000000000 ) ) ;
#7434 = ORIENTED_EDGE ( 'NONE', *, *, #2293, .F. ) ;
#7435 = EDGE_LOOP ( 'NONE', ( #3460, #4486, #770, #6830 ) ) ;
#7436 = DIRECTION ( 'NONE',  ( -0.000000000000000000, 1.000000000000000000, 0.000000000000000000 ) ) ;
#7437 = FACE_OUTER_BOUND ( 'NONE', #7046, .T. ) ;
#7438 = LINE ( 'NONE', #2384, #3710 ) ;
#7439 = CARTESIAN_POINT ( 'NONE',  ( 5.699999999999999289, 0.000000000000000000, 4.549999999999999822 ) ) ;
#7440 = PRODUCT_DEFINITION_FORMATION_WITH_SPECIFIED_SOURCE ( 'ANY', '', #5896, .NOT_KNOWN. ) ;
#7441 = LINE ( 'NONE', #3788, #8684 ) ;
#7442 = ORIENTED_EDGE ( 'NONE', *, *, #8992, .F. ) ;
#7443 = CARTESIAN_POINT ( 'NONE',  ( -5.700000000000001066, 3.343074902771997259, 2.649999999999999467 ) ) ;
#7444 = CARTESIAN_POINT ( 'NONE',  ( 6.999999999999998224, 6.800000000000000711, -6.585786437626904188 ) ) ;
#7445 = ORIENTED_EDGE ( 'NONE', *, *, #6774, .T. ) ;
#7446 = ADVANCED_FACE ( 'NONE', ( #1135 ), #3177, .T. ) ;
#7447 = PRODUCT_DEFINITION_SHAPE ( 'NONE', 'NONE',  #2360 ) ;
#7448 = VERTEX_POINT ( 'NONE', #444 ) ;
#7449 = DIRECTION ( 'NONE',  ( 0.000000000000000000, 1.000000000000000000, 0.000000000000000000 ) ) ;
#7450 = PLANE ( 'NONE',  #1986 ) ;
#7451 = FACE_OUTER_BOUND ( 'NONE', #3272, .T. ) ;
#7452 = FILL_AREA_STYLE ('',( #6021 ) ) ;
#7453 = ORIENTED_EDGE ( 'NONE', *, *, #2786, .T. ) ;
#7454 = PLANE ( 'NONE',  #8066 ) ;
#7455 = DIRECTION ( 'NONE',  ( -0.000000000000000000, 1.000000000000000000, -0.000000000000000000 ) ) ;
#7456 = APPLICATION_PROTOCOL_DEFINITION ( 'draft international standard', 'automotive_design', 1998, #8620 ) ;
#7457 = ORIENTED_EDGE ( 'NONE', *, *, #3658, .F. ) ;
#7458 = ORIENTED_EDGE ( 'NONE', *, *, #2381, .F. ) ;
#7459 = LINE ( 'NONE', #5297, #7940 ) ;
#7460 = EDGE_CURVE ( 'NONE', #5622, #5039, #7305, .T. ) ;
#7461 = VECTOR ( 'NONE', #3204, 1000.000000000000000 ) ;
#7462 = PLANE ( 'NONE',  #126 ) ;
#7463 = DIRECTION ( 'NONE',  ( -0.000000000000000000, -1.000000000000000000, -0.000000000000000000 ) ) ;
#7464 = DIRECTION ( 'NONE',  ( 0.000000000000000000, 1.000000000000000000, 0.000000000000000000 ) ) ;
#7465 =( NAMED_UNIT ( * ) SI_UNIT ( $, .STERADIAN. ) SOLID_ANGLE_UNIT ( ) );
#7466 = CARTESIAN_POINT ( 'NONE',  ( 7.500000000000000000, 0.000000000000000000, -1.149999999999999467 ) ) ;
#7467 = VERTEX_POINT ( 'NONE', #3790 ) ;
#7468 =( GEOMETRIC_REPRESENTATION_CONTEXT ( 3 ) GLOBAL_UNCERTAINTY_ASSIGNED_CONTEXT ( ( #1427 ) ) GLOBAL_UNIT_ASSIGNED_CONTEXT ( ( #3258, #6138, #6087 ) ) REPRESENTATION_CONTEXT ( 'NONE', 'WORKASPACE' ) );
#7469 = ADVANCED_FACE ( 'NONE', ( #258 ), #3089, .T. ) ;
#7470 = CARTESIAN_POINT ( 'NONE',  ( 0.000000000000000000, 0.000000000000000000, 0.000000000000000000 ) ) ;
#7471 = ADVANCED_FACE ( 'NONE', ( #994 ), #7585, .F. ) ;
#7472 = CARTESIAN_POINT ( 'NONE',  ( 7.500000000000000000, 1.000000000000000000, -1.149999999999999467 ) ) ;
#7473 = DIRECTION ( 'NONE',  ( -1.000000000000000000, -0.000000000000000000, -0.000000000000000000 ) ) ;
#7474 = LINE ( 'NONE', #1768, #7173 ) ;
#7475 = EDGE_LOOP ( 'NONE', ( #1676, #1680, #3077, #9031 ) ) ;
#7476 = LINE ( 'NONE', #2572, #3388 ) ;
#7477 = ORIENTED_EDGE ( 'NONE', *, *, #630, .F. ) ;
#7478 = EDGE_LOOP ( 'NONE', ( #5922, #297, #1350, #591 ) ) ;
#7479 = CARTESIAN_POINT ( 'NONE',  ( -7.500000000000001776, 1.000000000000000000, 0.000000000000000000 ) ) ;
#7480 = VECTOR ( 'NONE', #3988, 1000.000000000000000 ) ;
#7481 = ADVANCED_FACE ( 'NONE', ( #6854 ), #8320, .F. ) ;
#7482 = CARTESIAN_POINT ( 'NONE',  ( 0.000000000000000000, 1.000000000000000000, 7.750000000000000000 ) ) ;
#7483 = DIRECTION ( 'NONE',  ( 1.000000000000000000, 0.000000000000000000, -0.000000000000000000 ) ) ;
#7484 = CARTESIAN_POINT ( 'NONE',  ( -4.549999999999998934, 0.000000000000000000, 7.499999999999999112 ) ) ;
#7485 = CARTESIAN_POINT ( 'NONE',  ( 5.700000000000000178, 3.343074902771997259, -4.549999999999999822 ) ) ;
#7486 = VERTEX_POINT ( 'NONE', #8928 ) ;
#7487 = PLANE ( 'NONE',  #1756 ) ;
#7488 = CARTESIAN_POINT ( 'NONE',  ( 6.000000000000001776, 6.299999999999999822, -7.499999999999999112 ) ) ;
#7489 = EDGE_CURVE ( 'NONE', #7723, #8348, #3465, .T. ) ;
#7490 = VECTOR ( 'NONE', #7596, 1000.000000000000000 ) ;
#7491 = EDGE_LOOP ( 'NONE', ( #532, #2995, #7086, #9025 ) ) ;
#7492 = VERTEX_POINT ( 'NONE', #4814 ) ;
#7493 = PLANE ( 'NONE',  #528 ) ;
#7494 = VECTOR ( 'NONE', #5410, 1000.000000000000000 ) ;
#7495 = CARTESIAN_POINT ( 'NONE',  ( 6.878679656440357171, 2.107106781186547373, 7.499999999999999112 ) ) ;
#7496 = PLANE ( 'NONE',  #2194 ) ;
#7497 = DIRECTION ( 'NONE',  ( -1.000000000000000000, 0.000000000000000000, 0.000000000000000000 ) ) ;
#7498 = EDGE_LOOP ( 'NONE', ( #135, #1691, #2860, #7205 ) ) ;
#7499 = LINE ( 'NONE', #6909, #6014 ) ;
#7500 = DIRECTION ( 'NONE',  ( 1.000000000000000000, 0.000000000000000000, 0.000000000000000000 ) ) ;
#7501 = CONTEXT_DEPENDENT_SHAPE_REPRESENTATION ( #8783, #7105 ) ;
#7502 = VERTEX_POINT ( 'NONE', #1923 ) ;
#7503 = VECTOR ( 'NONE', #4863, 1000.000000000000000 ) ;
#7504 =( BOUNDED_CURVE ( )  B_SPLINE_CURVE ( 3, ( #4552, #321, #1667, #5250 ),
 .UNSPECIFIED., .F., .T. ) 
 B_SPLINE_CURVE_WITH_KNOTS ( ( 4, 4 ),
 ( 0.000000000000000000, 1.000000000000000000 ),
 .UNSPECIFIED. ) 
 CURVE ( )  GEOMETRIC_REPRESENTATION_ITEM ( )  RATIONAL_B_SPLINE_CURVE ( ( 1.000000000000000000, 0.8047378541243654926, 0.8047378541243654926, 1.000000000000000000 ) ) 
 REPRESENTATION_ITEM ( '' )  );
#7505 = ORIENTED_EDGE ( 'NONE', *, *, #998, .T. ) ;
#7506 = VECTOR ( 'NONE', #8987, 1000.000000000000000 ) ;
#7507 = EDGE_CURVE ( 'NONE', #4336, #2653, #3418, .T. ) ;
#7508 = DIRECTION ( 'NONE',  ( -1.000000000000000000, 0.000000000000000000, 0.000000000000000000 ) ) ;
#7509 = ADVANCED_FACE ( 'NONE', ( #6296 ), #9062, .F. ) ;
#7510 = AXIS2_PLACEMENT_3D ( 'NONE', #1187, #4027, #6157 ) ;
#7511 = CARTESIAN_POINT ( 'NONE',  ( 7.500000000000000000, 0.000000000000000000, -3.049999999999999378 ) ) ;
#7512 = VECTOR ( 'NONE', #5678, 1000.000000000000114 ) ;
#7513 = VECTOR ( 'NONE', #6724, 1000.000000000000000 ) ;
#7514 = EDGE_CURVE ( 'NONE', #256, #4173, #9102, .T. ) ;
#7515 = PLANE ( 'NONE',  #3090 ) ;
#7516 = CARTESIAN_POINT ( 'NONE',  ( 7.500000000000000000, 0.000000000000000000, 0.7500000000000006661 ) ) ;
#7517 = VECTOR ( 'NONE', #5977, 1000.000000000000000 ) ;
#7518 = EDGE_CURVE ( 'NONE', #1833, #8377, #2016, .T. ) ;
#7519 = DIRECTION ( 'NONE',  ( 0.000000000000000000, 0.000000000000000000, 1.000000000000000000 ) ) ;
#7520 =( NAMED_UNIT ( * ) SI_UNIT ( $, .STERADIAN. ) SOLID_ANGLE_UNIT ( ) );
#7521 = PLANE ( 'NONE',  #6776 ) ;
#7522 = ORIENTED_EDGE ( 'NONE', *, *, #7345, .F. ) ;
#7523 = STYLED_ITEM ( 'NONE', ( #2530 ), #6092 ) ;
#7524 = APPLICATION_CONTEXT ( 'automotive_design' ) ;
#7525 = CIRCLE ( 'NONE', #4268, 0.4999999999999995559 ) ;
#7526 = EDGE_CURVE ( 'NONE', #8045, #6433, #4770, .T. ) ;
#7527 = CARTESIAN_POINT ( 'NONE',  ( 0.000000000000000000, 0.000000000000000000, 2.650000000000000799 ) ) ;
#7528 = DIRECTION ( 'NONE',  ( 1.000000000000000000, 0.000000000000000000, 0.000000000000000000 ) ) ;
#7529 = PLANE ( 'NONE',  #962 ) ;
#7530 = CARTESIAN_POINT ( 'NONE',  ( 6.000000000000000000, 6.800000000000000711, -6.999999999999999112 ) ) ;
#7531 = VECTOR ( 'NONE', #6091, 1000.000000000000000 ) ;
#7532 = EDGE_LOOP ( 'NONE', ( #182, #3326, #3897, #2773 ) ) ;
#7533 = LINE ( 'NONE', #8124, #6792 ) ;
#7534 = COLOUR_RGB ( '',1.000000000000000000, 1.000000000000000000, 1.000000000000000000 ) ;
#7535 = EDGE_LOOP ( 'NONE', ( #6227, #3270, #1525, #128 ) ) ;
#7536 = VECTOR ( 'NONE', #1551, 1000.000000000000000 ) ;
#7537 = EDGE_LOOP ( 'NONE', ( #7024, #1372, #8004, #961 ) ) ;
#7538 = FACE_OUTER_BOUND ( 'NONE', #4611, .T. ) ;
#7539 = CARTESIAN_POINT ( 'NONE',  ( -1.149999999999999689, 3.343074902771997259, 5.700000000000000178 ) ) ;
#7540 = CARTESIAN_POINT ( 'NONE',  ( -1.149999999999999023, 0.000000000000000000, -7.500000000000000000 ) ) ;
#7541 = COLOUR_RGB ( '',1.000000000000000000, 0.8117647058823529438, 0.5019607843137254832 ) ;
#7542 = PLANE ( 'NONE',  #7510 ) ;
#7543 = ORIENTED_EDGE ( 'NONE', *, *, #5608, .F. ) ;
#7544 = DIRECTION ( 'NONE',  ( -1.000000000000000000, 0.000000000000000000, -5.782411586589354681E-16 ) ) ;
#7545 = CARTESIAN_POINT ( 'NONE',  ( 6.757359312880714342, 6.799999999999999822, -7.292893218813449430 ) ) ;
#7546 = ORIENTED_EDGE ( 'NONE', *, *, #3640, .F. ) ;
#7547 = ORIENTED_EDGE ( 'NONE', *, *, #4923, .F. ) ;
#7548 = FACE_OUTER_BOUND ( 'NONE', #1786, .T. ) ;
#7549 = PLANE ( 'NONE',  #3331 ) ;
#7550 = CARTESIAN_POINT ( 'NONE',  ( 5.699999999999999289, 1.000000000000000000, 3.050000000000001599 ) ) ;
#7551 = CARTESIAN_POINT ( 'NONE',  ( 7.500000000000000000, 1.000000000000000000, -0.7499999999999997780 ) ) ;
#7552 = UNCERTAINTY_MEASURE_WITH_UNIT (LENGTH_MEASURE( 1.000000000000000082E-05 ), #2065, 'distance_accuracy_value', 'NONE');
#7553 = PRODUCT_DEFINITION_CONTEXT ( 'detailed design', #3731, 'design' ) ;
#7554 = VERTEX_POINT ( 'NONE', #1235 ) ;
#7555 = CARTESIAN_POINT ( 'NONE',  ( 2.650000000000000355, 3.343074902771997259, 7.500000000000000000 ) ) ;
#7556 = CARTESIAN_POINT ( 'NONE',  ( -4.750000000000000888, 5.799999999999999822, 3.750000000000000000 ) ) ;
#7557 = ITEM_DEFINED_TRANSFORMATION ( 'NONE', 'NONE', #6868,  #2096 ) ;
#7558 = VERTEX_POINT ( 'NONE', #7673 ) ;
#7559 = AXIS2_PLACEMENT_3D ( 'NONE', #2157, #1596, #4251 ) ;
#7560 = VERTEX_POINT ( 'NONE', #587 ) ;
#7561 = DIRECTION ( 'NONE',  ( 1.000000000000000000, 0.000000000000000000, -0.000000000000000000 ) ) ;
#7562 = VERTEX_POINT ( 'NONE', #6252 ) ;
#7563 = DIRECTION ( 'NONE',  ( 0.000000000000000000, -0.000000000000000000, 1.000000000000000000 ) ) ;
#7564 = SURFACE_SIDE_STYLE ('',( #4005 ) ) ;
#7565 = CARTESIAN_POINT ( 'NONE',  ( 0.000000000000000000, 0.000000000000000000, 0.000000000000000000 ) ) ;
#7566 = LINE ( 'NONE', #8254, #4557 ) ;
#7567 = VERTEX_POINT ( 'NONE', #4724 ) ;
#7568 = ADVANCED_FACE ( 'NONE', ( #5557 ), #492, .F. ) ;
#7569 = EDGE_CURVE ( 'NONE', #7951, #3719, #7719, .T. ) ;
#7570 = CARTESIAN_POINT ( 'NONE',  ( -6.000000000000000000, 6.800000000000000711, 6.999999999999999112 ) ) ;
#7571 = PLANE ( 'NONE',  #6344 ) ;
#7572 = VECTOR ( 'NONE', #4429, 1000.000000000000000 ) ;
#7573 = CARTESIAN_POINT ( 'NONE',  ( 7.500000000000000000, 1.000000000000000000, -2.649999999999999911 ) ) ;
#7574 = CARTESIAN_POINT ( 'NONE',  ( 5.700000000000000178, 1.000000000000000000, -1.149999999999999467 ) ) ;
#7575 = SHAPE_REPRESENTATION_RELATIONSHIP ( 'NONE' , 'NONE' ,  #7150, #8647 ) ;
#7576 = VERTEX_POINT ( 'NONE', #8357 ) ;
#7577 = DIRECTION ( 'NONE',  ( -1.000000000000000000, 0.000000000000000000, 0.000000000000000000 ) ) ;
#7578 =( GEOMETRIC_REPRESENTATION_CONTEXT ( 3 ) GLOBAL_UNCERTAINTY_ASSIGNED_CONTEXT ( ( #7693 ) ) GLOBAL_UNIT_ASSIGNED_CONTEXT ( ( #4587, #2354, #356 ) ) REPRESENTATION_CONTEXT ( 'NONE', 'WORKASPACE' ) );
#7579 = ORIENTED_EDGE ( 'NONE', *, *, #4479, .T. ) ;
#7580 = ORIENTED_EDGE ( 'NONE', *, *, #1492, .F. ) ;
#7581 = DIRECTION ( 'NONE',  ( 0.000000000000000000, 1.000000000000000000, 0.000000000000000000 ) ) ;
#7582 = PRODUCT_RELATED_PRODUCT_CATEGORY ( 'part', '', ( #4485 ) ) ;
#7583 = CARTESIAN_POINT ( 'NONE',  ( 7.500000000000000000, 3.343074902771997259, -2.649999999999999911 ) ) ;
#7584 = FACE_OUTER_BOUND ( 'NONE', #2728, .T. ) ;
#7585 = PLANE ( 'NONE',  #7245 ) ;
#7586 = CARTESIAN_POINT ( 'NONE',  ( -6.000000000000000000, 34.81320343559642794, -7.500000000000000000 ) ) ;
#7587 = VERTEX_POINT ( 'NONE', #8974 ) ;
#7588 = ORIENTED_EDGE ( 'NONE', *, *, #2794, .T. ) ;
#7589 = CARTESIAN_POINT ( 'NONE',  ( -3.750000000000001332, 5.799999999999999822, 4.750000000000000000 ) ) ;
#7590 =( GEOMETRIC_REPRESENTATION_CONTEXT ( 3 ) GLOBAL_UNCERTAINTY_ASSIGNED_CONTEXT ( ( #7157 ) ) GLOBAL_UNIT_ASSIGNED_CONTEXT ( ( #5766, #8576, #5160 ) ) REPRESENTATION_CONTEXT ( 'NONE', 'WORKASPACE' ) );
#7591 = LINE ( 'NONE', #1241, #1188 ) ;
#7592 = DIRECTION ( 'NONE',  ( 0.000000000000000000, 1.000000000000000000, -0.000000000000000000 ) ) ;
#7593 = EDGE_CURVE ( 'NONE', #7678, #6958, #1369, .T. ) ;
#7594 = CARTESIAN_POINT ( 'NONE',  ( 7.499999999999999112, 0.000000000000000000, 4.549999999999999822 ) ) ;
#7595 = ORIENTED_EDGE ( 'NONE', *, *, #1934, .F. ) ;
#7596 = DIRECTION ( 'NONE',  ( -1.000000000000000000, -0.000000000000000000, 0.000000000000000000 ) ) ;
#7597 = CARTESIAN_POINT ( 'NONE',  ( 0.000000000000000000, 1.000000000000000000, 0.000000000000000000 ) ) ;
#7598 = EDGE_LOOP ( 'NONE', ( #1763, #9065, #5756, #6259 ) ) ;
#7599 = ORIENTED_EDGE ( 'NONE', *, *, #7489, .F. ) ;
#7600 = FACE_OUTER_BOUND ( 'NONE', #8514, .T. ) ;
#7601 = PRESENTATION_STYLE_ASSIGNMENT (( #1939 ) ) ;
#7602 = EDGE_CURVE ( 'NONE', #8071, #8495, #2581, .T. ) ;
#7603 = ORIENTED_EDGE ( 'NONE', *, *, #2144, .T. ) ;
#7604 = FACE_OUTER_BOUND ( 'NONE', #615, .T. ) ;
#7605 = CARTESIAN_POINT ( 'NONE',  ( -7.299999999999999822, 1.800000000000000266, -7.299999999999999822 ) ) ;
#7606 = DIRECTION ( 'NONE',  ( 0.000000000000000000, 0.000000000000000000, 1.000000000000000000 ) ) ;
#7607 = EDGE_CURVE ( 'NONE', #3699, #8628, #669, .T. ) ;
#7608 = EDGE_LOOP ( 'NONE', ( #8270, #5818, #5097, #3029 ) ) ;
#7609 = DIRECTION ( 'NONE',  ( 4.818676322157799347E-16, 0.000000000000000000, 1.000000000000000000 ) ) ;
#7610 = PRODUCT_DEFINITION_CONTEXT ( 'detailed design', #4497, 'design' ) ;
#7611 = CARTESIAN_POINT ( 'NONE',  ( 5.500000000000000000, 1.000000000000000000, 0.000000000000000000 ) ) ;
#7612 = CARTESIAN_POINT ( 'NONE',  ( 4.898587196589413692E-17, 5.799999999999999822, 0.3999999999999999667 ) ) ;
#7613 = CARTESIAN_POINT ( 'NONE',  ( 7.500000000000000000, 0.000000000000000000, -4.549999999999999822 ) ) ;
#7614 = VECTOR ( 'NONE', #5808, 1000.000000000000000 ) ;
#7615 = AXIS2_PLACEMENT_3D ( 'NONE', #4679, #7310, #5283 ) ;
#7616 = ORIENTED_EDGE ( 'NONE', *, *, #1546, .T. ) ;
#7617 = LINE ( 'NONE', #6243, #3683 ) ;
#7618 = EDGE_CURVE ( 'NONE', #497, #212, #4029, .T. ) ;
#7619 = ORIENTED_EDGE ( 'NONE', *, *, #7866, .T. ) ;
#7620 = ORIENTED_EDGE ( 'NONE', *, *, #4631, .T. ) ;
#7621 = CARTESIAN_POINT ( 'NONE',  ( 5.699999999999999289, 0.000000000000000000, 3.050000000000001599 ) ) ;
#7622 = AXIS2_PLACEMENT_3D ( 'NONE', #7927, #4376, #3557 ) ;
#7623 = CARTESIAN_POINT ( 'NONE',  ( 7.499999999999999112, 0.000000000000000000, 3.050000000000001599 ) ) ;
#7624 = PLANE ( 'NONE',  #423 ) ;
#7625 = EDGE_CURVE ( 'NONE', #7486, #3880, #539, .T. ) ;
#7626 = EDGE_CURVE ( 'NONE', #7146, #4353, #9020, .T. ) ;
#7627 = LINE ( 'NONE', #1276, #8674 ) ;
#7628 = EDGE_CURVE ( 'NONE', #4949, #6655, #5076, .T. ) ;
#7629 = CARTESIAN_POINT ( 'NONE',  ( -7.500000000000000000, 0.000000000000000000, -0.7500000000000015543 ) ) ;
#7630 = ORIENTED_EDGE ( 'NONE', *, *, #655, .T. ) ;
#7631 = PLANE ( 'NONE',  #830 ) ;
#7632 = ADVANCED_FACE ( 'NONE', ( #8586 ), #799, .F. ) ;
#7633 = ORIENTED_EDGE ( 'NONE', *, *, #6720, .T. ) ;
#7634 = EDGE_CURVE ( 'NONE', #7669, #4503, #1585, .T. ) ;
#7635 = VECTOR ( 'NONE', #2394, 1000.000000000000000 ) ;
#7636 = VERTEX_POINT ( 'NONE', #6466 ) ;
#7637 = CARTESIAN_POINT ( 'NONE',  ( -0.7500000000000002220, 0.000000000000000000, 7.500000000000000000 ) ) ;
#7638 = CARTESIAN_POINT ( 'NONE',  ( -7.499999999999998224, 0.000000000000000000, -3.050000000000002487 ) ) ;
#7639 = CARTESIAN_POINT ( 'NONE',  ( -6.500000000000000888, 1.899999999999996358, -6.999999999999999112 ) ) ;
#7640 = FILL_AREA_STYLE ('',( #1976 ) ) ;
#7641 = EDGE_LOOP ( 'NONE', ( #2106, #6050, #4293, #5607 ) ) ;
#7642 = CIRCLE ( 'NONE', #9115, 0.5000000000000004441 ) ;
#7643 = DIRECTION ( 'NONE',  ( 0.000000000000000000, 0.000000000000000000, 1.000000000000000000 ) ) ;
#7644 = CONTEXT_DEPENDENT_SHAPE_REPRESENTATION ( #5152, #5 ) ;
#7645 = ORIENTED_EDGE ( 'NONE', *, *, #3631, .F. ) ;
#7646 = ORIENTED_EDGE ( 'NONE', *, *, #1129, .F. ) ;
#7647 = FACE_BOUND ( 'NONE', #8686, .T. ) ;
#7648 = CARTESIAN_POINT ( 'NONE',  ( 0.000000000000000000, 1.000000000000000000, 5.700000000000000178 ) ) ;
#7649 = ORIENTED_EDGE ( 'NONE', *, *, #7634, .F. ) ;
#7650 = LINE ( 'NONE', #2207, #5905 ) ;
#7651 = DIRECTION ( 'NONE',  ( -5.782411586589354681E-16, -0.000000000000000000, 1.000000000000000000 ) ) ;
#7652 = FACE_OUTER_BOUND ( 'NONE', #8383, .T. ) ;
#7653 = VECTOR ( 'NONE', #6653, 1000.000000000000000 ) ;
#7654 = DIRECTION ( 'NONE',  ( 0.000000000000000000, 0.000000000000000000, 1.000000000000000000 ) ) ;
#7655 = CIRCLE ( 'NONE', #3518, 1.499999999999999556 ) ;
#7656 = VERTEX_POINT ( 'NONE', #4242 ) ;
#7657 = PRESENTATION_LAYER_ASSIGNMENT (  '', '', ( #2469 ) ) ;
#7658 = VECTOR ( 'NONE', #9011, 1000.000000000000000 ) ;
#7659 = VECTOR ( 'NONE', #5624, 1000.000000000000000 ) ;
#7660 = VECTOR ( 'NONE', #7177, 1000.000000000000000 ) ;
#7661 = CARTESIAN_POINT ( 'NONE',  ( 4.549999999999999822, 0.000000000000000000, -7.499999999999998224 ) ) ;
#7662 = LINE ( 'NONE', #5634, #5434 ) ;
#7663 = CARTESIAN_POINT ( 'NONE',  ( -1.149999999999999689, 1.000000000000000000, 5.700000000000000178 ) ) ;
#7664 = AXIS2_PLACEMENT_3D ( 'NONE', #8489, #2887, #4944 ) ;
#7665 = ORIENTED_EDGE ( 'NONE', *, *, #3232, .F. ) ;
#7666 = AXIS2_PLACEMENT_3D ( 'NONE', #7922, #4414, #747 ) ;
#7667 = CARTESIAN_POINT ( 'NONE',  ( 5.699999999999999289, 3.343074902771997259, 0.000000000000000000 ) ) ;
#7668 = EDGE_LOOP ( 'NONE', ( #7778, #1645, #8813, #6278 ) ) ;
#7669 = VERTEX_POINT ( 'NONE', #1539 ) ;
#7670 = DIRECTION ( 'NONE',  ( 0.000000000000000000, 1.000000000000000000, 0.000000000000000000 ) ) ;
#7671 = DIRECTION ( 'NONE',  ( 0.000000000000000000, 0.000000000000000000, 1.000000000000000000 ) ) ;
#7672 = VECTOR ( 'NONE', #1925, 1000.000000000000000 ) ;
#7673 = CARTESIAN_POINT ( 'NONE',  ( -7.749999999999998224, 1.899999999999999911, 7.750000000000000000 ) ) ;
#7674 = EDGE_LOOP ( 'NONE', ( #2948, #2692, #8558, #4070 ) ) ;
#7675 =( REPRESENTATION_RELATIONSHIP ('NONE','NONE', #464, #6018 ) REPRESENTATION_RELATIONSHIP_WITH_TRANSFORMATION ( #3708 )SHAPE_REPRESENTATION_RELATIONSHIP( ) );
#7676 = DIRECTION ( 'NONE',  ( 0.000000000000000000, 0.000000000000000000, 1.000000000000000000 ) ) ;
#7677 = AXIS2_PLACEMENT_3D ( 'NONE', #6395, #5786, #7077 ) ;
#7678 = VERTEX_POINT ( 'NONE', #3695 ) ;
#7679 = PRODUCT_DEFINITION ( 'UNKNOWN', '', #4484, #8938 ) ;
#7680 = AXIS2_PLACEMENT_3D ( 'NONE', #1242, #7030, #6955 ) ;
#7681 = ADVANCED_FACE ( 'NONE', ( #8491 ), #2849, .F. ) ;
#7682 = ORIENTED_EDGE ( 'NONE', *, *, #5494, .F. ) ;
#7683 = DIRECTION ( 'NONE',  ( -0.000000000000000000, -1.000000000000000000, -0.000000000000000000 ) ) ;
#7684 = EDGE_CURVE ( 'NONE', #4775, #2545, #6338, .T. ) ;
#7685 = CARTESIAN_POINT ( 'NONE',  ( 5.500000000000000000, 0.000000000000000000, -4.500000000000001776 ) ) ;
#7686 = LINE ( 'NONE', #6905, #6794 ) ;
#7687 = DIRECTION ( 'NONE',  ( 0.000000000000000000, 0.000000000000000000, -1.000000000000000000 ) ) ;
#7688 = VECTOR ( 'NONE', #346, 1000.000000000000000 ) ;
#7689 = PRODUCT_DEFINITION ( 'UNKNOWN', '', #3895, #4784 ) ;
#7690 = ORIENTED_EDGE ( 'NONE', *, *, #1854, .F. ) ;
#7691 = CARTESIAN_POINT ( 'NONE',  ( -7.499999999999998224, 1.000000000000000000, -4.550000000000000711 ) ) ;
#7692 = ITEM_DEFINED_TRANSFORMATION ( 'NONE', 'NONE', #2565,  #2096 ) ;
#7693 = UNCERTAINTY_MEASURE_WITH_UNIT (LENGTH_MEASURE( 1.000000000000000082E-05 ), #4587, 'distance_accuracy_value', 'NONE');
#7694 = ORIENTED_EDGE ( 'NONE', *, *, #878, .T. ) ;
#7695 = VERTEX_POINT ( 'NONE', #7760 ) ;
#7696 = FACE_BOUND ( 'NONE', #7535, .T. ) ;
#7697 = APPLICATION_CONTEXT ( 'automotive_design' ) ;
#7698 = CARTESIAN_POINT ( 'NONE',  ( 0.7500000000000002220, 0.000000000000000000, 7.500000000000000000 ) ) ;
#7699 = PRODUCT_RELATED_PRODUCT_CATEGORY ( 'part', '', ( #3235 ) ) ;
#7700 = ORIENTED_EDGE ( 'NONE', *, *, #4926, .T. ) ;
#7701 = PRESENTATION_STYLE_ASSIGNMENT (( #4883 ) ) ;
#7702 = AXIS2_PLACEMENT_3D ( 'NONE', #3224, #8879, #5959 ) ;
#7703 = CARTESIAN_POINT ( 'NONE',  ( 0.000000000000000000, 0.000000000000000000, 0.000000000000000000 ) ) ;
#7704 = ORIENTED_EDGE ( 'NONE', *, *, #5832, .T. ) ;
#7705 = DIRECTION ( 'NONE',  ( 1.204669080539449837E-16, 0.000000000000000000, -1.000000000000000000 ) ) ;
#7706 = DIRECTION ( 'NONE',  ( 1.000000000000000000, 0.000000000000000000, 5.782411586589354681E-16 ) ) ;
#7707 = DIRECTION ( 'NONE',  ( 1.000000000000000000, 0.000000000000000000, 5.782411586589355667E-16 ) ) ;
#7708 =( LENGTH_UNIT ( ) NAMED_UNIT ( * ) SI_UNIT ( .MILLI., .METRE. ) );
#7709 = ORIENTED_EDGE ( 'NONE', *, *, #3722, .T. ) ;
#7710 = EDGE_CURVE ( 'NONE', #491, #7423, #3642, .T. ) ;
#7711 = LINE ( 'NONE', #1363, #8248 ) ;
#7712 = EDGE_LOOP ( 'NONE', ( #916, #7906, #5080, #7766 ) ) ;
#7713 = ORIENTED_EDGE ( 'NONE', *, *, #8622, .F. ) ;
#7714 = CARTESIAN_POINT ( 'NONE',  ( 3.049999999999999822, 3.343074902771997259, 5.700000000000000178 ) ) ;
#7715 = CARTESIAN_POINT ( 'NONE',  ( -3.750000000000001332, 5.799999999999999822, 4.750000000000000000 ) ) ;
#7716 = DIRECTION ( 'NONE',  ( 0.000000000000000000, -0.000000000000000000, -1.000000000000000000 ) ) ;
#7717 = EDGE_CURVE ( 'NONE', #8332, #3420, #5644, .T. ) ;
#7718 = VECTOR ( 'NONE', #8786, 1000.000000000000000 ) ;
#7719 = LINE ( 'NONE', #1190, #2805 ) ;
#7720 = ORIENTED_EDGE ( 'NONE', *, *, #3276, .F. ) ;
#7721 = CARTESIAN_POINT ( 'NONE',  ( -4.517509052022938429E-17, 0.000000000000000000, 0.7500000000000002220 ) ) ;
#7722 = VECTOR ( 'NONE', #5914, 1000.000000000000000 ) ;
#7723 = VERTEX_POINT ( 'NONE', #2102 ) ;
#7724 = MECHANICAL_DESIGN_GEOMETRIC_PRESENTATION_REPRESENTATION (  '', ( #4622 ), #2234 ) ;
#7725 = ORIENTED_EDGE ( 'NONE', *, *, #4332, .F. ) ;
#7726 = DIRECTION ( 'NONE',  ( 0.000000000000000000, -1.000000000000000000, 0.000000000000000000 ) ) ;
#7727 = CARTESIAN_POINT ( 'NONE',  ( 7.500000000000000000, 6.299999999999999822, -6.000000000000000000 ) ) ;
#7728 = CARTESIAN_POINT ( 'NONE',  ( 1.385369442620367571E-16, 3.343074902771997259, -1.150000000000000133 ) ) ;
#7729 =( NAMED_UNIT ( * ) PLANE_ANGLE_UNIT ( ) SI_UNIT ( $, .RADIAN. ) );
#7730 = ORIENTED_EDGE ( 'NONE', *, *, #8570, .F. ) ;
#7731 = DIRECTION ( 'NONE',  ( -5.782411586589360597E-16, 0.000000000000000000, 1.000000000000000000 ) ) ;
#7732 = EDGE_CURVE ( 'NONE', #8100, #6451, #4423, .T. ) ;
#7733 = VERTEX_POINT ( 'NONE', #7253 ) ;
#7734 = ORIENTED_EDGE ( 'NONE', *, *, #6920, .T. ) ;
#7735 = CARTESIAN_POINT ( 'NONE',  ( 2.650000000000001243, 1.000000000000000000, 0.000000000000000000 ) ) ;
#7736 = LINE ( 'NONE', #7648, #3734 ) ;
#7737 = ORIENTED_EDGE ( 'NONE', *, *, #3099, .F. ) ;
#7738 = EDGE_CURVE ( 'NONE', #9063, #5245, #5117, .T. ) ;
#7739 = AXIS2_PLACEMENT_3D ( 'NONE', #6834, #4839, #8299 ) ;
#7740 = SURFACE_SIDE_STYLE ('',( #8425 ) ) ;
#7741 = LINE ( 'NONE', #2174, #511 ) ;
#7742 = APPLICATION_PROTOCOL_DEFINITION ( 'draft international standard', 'automotive_design', 1998, #2121 ) ;
#7743 = VERTEX_POINT ( 'NONE', #1405 ) ;
#7744 = EDGE_CURVE ( 'NONE', #5930, #4629, #2196, .T. ) ;
#7745 = EDGE_CURVE ( 'NONE', #2660, #6595, #4988, .T. ) ;
#7746 = DIRECTION ( 'NONE',  ( 0.000000000000000000, 0.000000000000000000, 1.000000000000000000 ) ) ;
#7747 = CARTESIAN_POINT ( 'NONE',  ( 4.549999999999999822, 1.000000000000000000, 7.500000000000000000 ) ) ;
#7748 = CARTESIAN_POINT ( 'NONE',  ( -7.500000000000000000, 2.399999999999999467, -6.000000000000000000 ) ) ;
#7749 = ORIENTED_EDGE ( 'NONE', *, *, #328, .T. ) ;
#7750 = FACE_OUTER_BOUND ( 'NONE', #284, .T. ) ;
#7751 = ADVANCED_FACE ( 'NONE', ( #1498 ), #5816, .F. ) ;
#7752 = FILL_AREA_STYLE ('',( #4329 ) ) ;
#7753 = EDGE_CURVE ( 'NONE', #4256, #3018, #154, .T. ) ;
#7754 = PLANE ( 'NONE',  #6345 ) ;
#7755 = LINE ( 'NONE', #1403, #5171 ) ;
#7756 = ADVANCED_FACE ( 'NONE', ( #7804 ), #4290, .F. ) ;
#7757 = VECTOR ( 'NONE', #2455, 1000.000000000000000 ) ;
#7758 = AXIS2_PLACEMENT_3D ( 'NONE', #377, #4105, #6925 ) ;
#7759 = DIRECTION ( 'NONE',  ( 0.000000000000000000, 0.000000000000000000, 1.000000000000000000 ) ) ;
#7760 = CARTESIAN_POINT ( 'NONE',  ( -2.649999999999999467, 0.000000000000000000, -7.500000000000000000 ) ) ;
#7761 = ORIENTED_EDGE ( 'NONE', *, *, #5836, .F. ) ;
#7762 = ADVANCED_FACE ( 'NONE', ( #7112 ), #755, .F. ) ;
#7763 = DIRECTION ( 'NONE',  ( 0.000000000000000000, 1.000000000000000000, 0.000000000000000000 ) ) ;
#7764 = VERTEX_POINT ( 'NONE', #3777 ) ;
#7765 = AXIS2_PLACEMENT_3D ( 'NONE', #7794, #4325, #4234 ) ;
#7766 = ORIENTED_EDGE ( 'NONE', *, *, #6171, .F. ) ;
#7767 = CARTESIAN_POINT ( 'NONE',  ( -0.7500000000000002220, 1.000000000000000000, 7.500000000000000000 ) ) ;
#7768 = CARTESIAN_POINT ( 'NONE',  ( -4.500000000000001776, 0.000000000000000000, -5.500000000000000000 ) ) ;
#7769 = DIRECTION ( 'NONE',  ( 1.000000000000000000, 0.000000000000000000, -0.000000000000000000 ) ) ;
#7770 = PRODUCT_DEFINITION_SHAPE ( 'NONE', 'NONE',  #9160 ) ;
#7771 = DIRECTION ( 'NONE',  ( 0.000000000000000000, -0.000000000000000000, -1.000000000000000000 ) ) ;
#7772 = EDGE_CURVE ( 'NONE', #1134, #2443, #3118, .T. ) ;
#7773 = ORIENTED_EDGE ( 'NONE', *, *, #202, .F. ) ;
#7774 = CARTESIAN_POINT ( 'NONE',  ( -3.049999999999998934, 1.000000000000000000, 0.000000000000000000 ) ) ;
#7775 = CONTEXT_DEPENDENT_SHAPE_REPRESENTATION ( #4725, #6970 ) ;
#7776 = ORIENTED_EDGE ( 'NONE', *, *, #3554, .T. ) ;
#7777 = ORIENTED_EDGE ( 'NONE', *, *, #1619, .F. ) ;
#7778 = ORIENTED_EDGE ( 'NONE', *, *, #7281, .T. ) ;
#7779 = DIRECTION ( 'NONE',  ( -0.000000000000000000, 1.000000000000000000, 0.000000000000000000 ) ) ;
#7780 = PLANE ( 'NONE',  #4712 ) ;
#7781 = VECTOR ( 'NONE', #8020, 1000.000000000000000 ) ;
#7782 = CARTESIAN_POINT ( 'NONE',  ( -6.000000000000001776, 1.899999999999999245, 6.999999999999999112 ) ) ;
#7783 = ORIENTED_EDGE ( 'NONE', *, *, #2144, .F. ) ;
#7784 = FACE_OUTER_BOUND ( 'NONE', #4927, .T. ) ;
#7785 = CARTESIAN_POINT ( 'NONE',  ( -2.649999999999999467, 1.000000000000000000, -7.500000000000000000 ) ) ;
#7786 = ORIENTED_EDGE ( 'NONE', *, *, #2372, .F. ) ;
#7787 = EDGE_CURVE ( 'NONE', #236, #447, #8717, .T. ) ;
#7788 = EDGE_CURVE ( 'NONE', #8649, #3100, #5951, .T. ) ;
#7789 = PLANE ( 'NONE',  #4547 ) ;
#7790 = EDGE_CURVE ( 'NONE', #3092, #6646, #1814, .T. ) ;
#7791 = EDGE_CURVE ( 'NONE', #7294, #3650, #8795, .T. ) ;
#7792 = CARTESIAN_POINT ( 'NONE',  ( -2.650000000000000355, 1.000000000000000000, 7.500000000000000000 ) ) ;
#7793 = CARTESIAN_POINT ( 'NONE',  ( -0.7500000000000002220, 1.000000000000000000, 7.500000000000000000 ) ) ;
#7794 = CARTESIAN_POINT ( 'NONE',  ( -7.500000000000000000, 3.343074902771997259, 0.000000000000000000 ) ) ;
#7795 = ORIENTED_EDGE ( 'NONE', *, *, #6601, .T. ) ;
#7796 = CARTESIAN_POINT ( 'NONE',  ( 7.500000000000000000, 1.000000000000000000, 0.7500000000000006661 ) ) ;
#7797 = CLOSED_SHELL ( 'NONE', ( #2069, #4155, #220, #7111, #1864, #5262, #6556, #8200, #351, #1975 ) ) ;
#7798 = AXIS2_PLACEMENT_3D ( 'NONE', #5004, #598, #681 ) ;
#7799 = SURFACE_SIDE_STYLE ('',( #9144 ) ) ;
#7800 = LINE ( 'NONE', #5034, #8685 ) ;
#7801 = VECTOR ( 'NONE', #5515, 1000.000000000000000 ) ;
#7802 = LINE ( 'NONE', #3639, #8839 ) ;
#7803 = AXIS2_PLACEMENT_3D ( 'NONE', #6639, #8709, #6729 ) ;
#7804 = FACE_OUTER_BOUND ( 'NONE', #7712, .T. ) ;
#7805 = ORIENTED_EDGE ( 'NONE', *, *, #8385, .F. ) ;
#7806 = LINE ( 'NONE', #5646, #5593 ) ;
#7807 = ORIENTED_EDGE ( 'NONE', *, *, #68, .T. ) ;
#7808 = VECTOR ( 'NONE', #8131, 1000.000000000000000 ) ;
#7809 = APPLICATION_CONTEXT ( 'automotive_design' ) ;
#7810 = UNCERTAINTY_MEASURE_WITH_UNIT (LENGTH_MEASURE( 1.000000000000000082E-05 ), #5989, 'distance_accuracy_value', 'NONE');
#7811 = ORIENTED_EDGE ( 'NONE', *, *, #2461, .T. ) ;
#7812 = CARTESIAN_POINT ( 'NONE',  ( -4.549999999999999822, 1.000000000000000000, 5.699999999999999289 ) ) ;
#7813 = LINE ( 'NONE', #6476, #4593 ) ;
#7814 = LINE ( 'NONE', #899, #416 ) ;
#7815 = VERTEX_POINT ( 'NONE', #5363 ) ;
#7816 = LINE ( 'NONE', #2954, #5758 ) ;
#7817 = DIRECTION ( 'NONE',  ( 0.000000000000000000, 1.000000000000000000, -0.000000000000000000 ) ) ;
#7818 = ITEM_DEFINED_TRANSFORMATION ( 'NONE', 'NONE', #5392,  #2096 ) ;
#7819 = ORIENTED_EDGE ( 'NONE', *, *, #3499, .T. ) ;
#7820 = AXIS2_PLACEMENT_3D ( 'NONE', #8457, #4132, #7769 ) ;
#7821 = ORIENTED_EDGE ( 'NONE', *, *, #1896, .F. ) ;
#7822 = AXIS2_PLACEMENT_3D ( 'NONE', #4792, #1255, #2698 ) ;
#7823 = DIRECTION ( 'NONE',  ( 0.000000000000000000, 1.000000000000000000, 0.000000000000000000 ) ) ;
#7824 = PLANE ( 'NONE',  #3674 ) ;
#7825 = CARTESIAN_POINT ( 'NONE',  ( 6.999999999999999112, 6.800000000000000711, 6.000000000000000000 ) ) ;
#7826 = ORIENTED_EDGE ( 'NONE', *, *, #1343, .T. ) ;
#7827 =( GEOMETRIC_REPRESENTATION_CONTEXT ( 3 ) GLOBAL_UNCERTAINTY_ASSIGNED_CONTEXT ( ( #3525 ) ) GLOBAL_UNIT_ASSIGNED_CONTEXT ( ( #3977, #5226, #2578 ) ) REPRESENTATION_CONTEXT ( 'NONE', 'WORKASPACE' ) );
#7828 = EDGE_CURVE ( 'NONE', #5637, #5936, #8170, .T. ) ;
#7829 = DIRECTION ( 'NONE',  ( 0.000000000000000000, 0.000000000000000000, 1.000000000000000000 ) ) ;
#7830 = DIRECTION ( 'NONE',  ( 0.000000000000000000, -1.000000000000000000, 0.000000000000000000 ) ) ;
#7831 = SHAPE_DEFINITION_REPRESENTATION ( #8659, #808 ) ;
#7832 = VERTEX_POINT ( 'NONE', #2519 ) ;
#7833 = DIRECTION ( 'NONE',  ( -0.000000000000000000, 0.000000000000000000, -1.000000000000000000 ) ) ;
#7834 = DIRECTION ( 'NONE',  ( -1.000000000000000000, 0.000000000000000000, -0.000000000000000000 ) ) ;
#7835 = CARTESIAN_POINT ( 'NONE',  ( 7.500000000000000000, 2.399999999999999467, 6.000000000000000888 ) ) ;
#7836 = DIRECTION ( 'NONE',  ( -1.000000000000000000, 0.000000000000000000, -0.000000000000000000 ) ) ;
#7837 = ORIENTED_EDGE ( 'NONE', *, *, #1808, .T. ) ;
#7838 = DIRECTION ( 'NONE',  ( 0.000000000000000000, 1.000000000000000000, -0.000000000000000000 ) ) ;
#7839 = ADVANCED_FACE ( 'NONE', ( #5319 ), #7389, .F. ) ;
#7840 = EDGE_CURVE ( 'NONE', #7847, #8333, #5261, .T. ) ;
#7841 =( NAMED_UNIT ( * ) SI_UNIT ( $, .STERADIAN. ) SOLID_ANGLE_UNIT ( ) );
#7842 = LINE ( 'NONE', #6421, #7070 ) ;
#7843 = DIRECTION ( 'NONE',  ( 0.000000000000000000, -1.000000000000000000, 0.000000000000000000 ) ) ;
#7844 = CARTESIAN_POINT ( 'NONE',  ( 7.499999999999999112, 3.343074902771997259, 4.549999999999999822 ) ) ;
#7845 = VERTEX_POINT ( 'NONE', #6000 ) ;
#7846 = FACE_OUTER_BOUND ( 'NONE', #2240, .T. ) ;
#7847 = VERTEX_POINT ( 'NONE', #8069 ) ;
#7848 = EDGE_LOOP ( 'NONE', ( #7595, #8708, #300, #8073 ) ) ;
#7849 = CARTESIAN_POINT ( 'NONE',  ( 0.000000000000000000, 1.000000000000000000, 0.000000000000000000 ) ) ;
#7850 = EDGE_CURVE ( 'NONE', #385, #3937, #3073, .T. ) ;
#7851 = DIRECTION ( 'NONE',  ( -1.000000000000000000, 0.000000000000000000, 0.000000000000000000 ) ) ;
#7852 = DIRECTION ( 'NONE',  ( 0.000000000000000000, 0.000000000000000000, 1.000000000000000000 ) ) ;
#7853 = VECTOR ( 'NONE', #4965, 1000.000000000000000 ) ;
#7854 = DIRECTION ( 'NONE',  ( 0.000000000000000000, 0.000000000000000000, 1.000000000000000000 ) ) ;
#7855 = ORIENTED_EDGE ( 'NONE', *, *, #4284, .F. ) ;
#7856 = DIRECTION ( 'NONE',  ( 1.000000000000000000, 0.000000000000000000, 0.000000000000000000 ) ) ;
#7857 = VECTOR ( 'NONE', #8770, 1000.000000000000000 ) ;
#7858 = CARTESIAN_POINT ( 'NONE',  ( 0.000000000000000000, 3.343074902771997259, -5.700000000000000178 ) ) ;
#7859 = EDGE_LOOP ( 'NONE', ( #6853, #3830, #4424, #8329 ) ) ;
#7860 = MECHANICAL_DESIGN_GEOMETRIC_PRESENTATION_REPRESENTATION (  '', ( #3441 ), #6989 ) ;
#7861 = EDGE_CURVE ( 'NONE', #8336, #2115, #196, .T. ) ;
#7862 = EDGE_LOOP ( 'NONE', ( #1531, #7264, #1345, #8101 ) ) ;
#7863 = VECTOR ( 'NONE', #8276, 1000.000000000000000 ) ;
#7864 = CARTESIAN_POINT ( 'NONE',  ( 1.150000000000000355, 0.000000000000000000, -7.500000000000000000 ) ) ;
#7865 = DIRECTION ( 'NONE',  ( -0.000000000000000000, 1.000000000000000000, 0.000000000000000000 ) ) ;
#7866 = EDGE_CURVE ( 'NONE', #7733, #7562, #7474, .T. ) ;
#7867 = CARTESIAN_POINT ( 'NONE',  ( 0.000000000000000000, 0.000000000000000000, 7.499999999999999112 ) ) ;
#7868 = ORIENTED_EDGE ( 'NONE', *, *, #1714, .F. ) ;
#7869 = FILL_AREA_STYLE_COLOUR ( '', #1366 ) ;
#7870 = SHAPE_DEFINITION_REPRESENTATION ( #2308, #6750 ) ;
#7871 = ORIENTED_EDGE ( 'NONE', *, *, #3450, .F. ) ;
#7872 = ORIENTED_EDGE ( 'NONE', *, *, #8343, .F. ) ;
#7873 = ADVANCED_FACE ( 'NONE', ( #6738 ), #5217, .F. ) ;
#7874 = CARTESIAN_POINT ( 'NONE',  ( 0.000000000000000000, 1.000000000000000000, 0.000000000000000000 ) ) ;
#7875 = PRODUCT_DEFINITION_FORMATION_WITH_SPECIFIED_SOURCE ( 'ANY', '', #2546, .NOT_KNOWN. ) ;
#7876 = LINE ( 'NONE', #97, #2659 ) ;
#7877 = EDGE_CURVE ( 'NONE', #7832, #7733, #8021, .T. ) ;
#7878 = CARTESIAN_POINT ( 'NONE',  ( -7.500000000000000000, 6.592893218813452805, -6.000000000000000888 ) ) ;
#7879 = LINE ( 'NONE', #5674, #7314 ) ;
#7880 = ORIENTED_EDGE ( 'NONE', *, *, #3627, .F. ) ;
#7881 = DIRECTION ( 'NONE',  ( 0.000000000000000000, 1.000000000000000000, -0.000000000000000000 ) ) ;
#7882 = ADVANCED_FACE ( 'NONE', ( #287 ), #3027, .F. ) ;
#7883 = LINE ( 'NONE', #6331, #7956 ) ;
#7884 = LINE ( 'NONE', #2192, #1582 ) ;
#7885 = CARTESIAN_POINT ( 'NONE',  ( 3.749999999999999112, -7.635028842544401506, -4.750000000000000000 ) ) ;
#7886 = EDGE_CURVE ( 'NONE', #3937, #2368, #2330, .T. ) ;
#7887 = CARTESIAN_POINT ( 'NONE',  ( 1.150000000000000577, 1.000000000000000000, -7.500000000000000000 ) ) ;
#7888 = CARTESIAN_POINT ( 'NONE',  ( 4.549999999999999822, 0.000000000000000000, -7.499999999999998224 ) ) ;
#7889 = ORIENTED_EDGE ( 'NONE', *, *, #2864, .T. ) ;
#7890 = DIRECTION ( 'NONE',  ( 0.000000000000000000, -0.000000000000000000, -1.000000000000000000 ) ) ;
#7891 = ADVANCED_FACE ( 'NONE', ( #3209 ), #5172, .F. ) ;
#7892 = ORIENTED_EDGE ( 'NONE', *, *, #1856, .F. ) ;
#7893 = ADVANCED_FACE ( 'NONE', ( #1675 ), #4517, .T. ) ;
#7894 = EDGE_CURVE ( 'NONE', #1845, #4723, #3269, .T. ) ;
#7895 = EDGE_LOOP ( 'NONE', ( #5058, #3304, #6858, #8577 ) ) ;
#7896 = CARTESIAN_POINT ( 'NONE',  ( 4.898587196589413692E-17, 6.799999999999999822, 0.3999999999999999667 ) ) ;
#7897 = CARTESIAN_POINT ( 'NONE',  ( 4.549999999999999822, 0.000000000000000000, 0.000000000000000000 ) ) ;
#7898 = DIRECTION ( 'NONE',  ( -0.000000000000000000, -1.000000000000000000, -0.000000000000000000 ) ) ;
#7899 = LINE ( 'NONE', #5740, #1443 ) ;
#7900 = EDGE_LOOP ( 'NONE', ( #1201, #5367, #2743, #1819 ) ) ;
#7901 = EDGE_CURVE ( 'NONE', #2599, #4272, #8345, .T. ) ;
#7902 = FACE_OUTER_BOUND ( 'NONE', #4179, .T. ) ;
#7903 = DIRECTION ( 'NONE',  ( 0.000000000000000000, -0.000000000000000000, 1.000000000000000000 ) ) ;
#7904 = EDGE_CURVE ( 'NONE', #6916, #9078, #3407, .T. ) ;
#7905 = VECTOR ( 'NONE', #1073, 1000.000000000000000 ) ;
#7906 = ORIENTED_EDGE ( 'NONE', *, *, #6280, .T. ) ;
#7907 = VERTEX_POINT ( 'NONE', #7613 ) ;
#7908 = LINE ( 'NONE', #778, #8948 ) ;
#7909 = DIRECTION ( 'NONE',  ( 0.000000000000000000, 0.000000000000000000, -1.000000000000000000 ) ) ;
#7910 = CARTESIAN_POINT ( 'NONE',  ( -7.499999999999996447, 2.107106781186546929, 6.000000000000001776 ) ) ;
#7911 = EDGE_LOOP ( 'NONE', ( #7103, #1006, #5749, #8656 ) ) ;
#7912 = CARTESIAN_POINT ( 'NONE',  ( -7.500000000000001776, 0.000000000000000000, 4.549999999999998934 ) ) ;
#7913 =( LENGTH_UNIT ( ) NAMED_UNIT ( * ) SI_UNIT ( .MILLI., .METRE. ) );
#7914 = ORIENTED_EDGE ( 'NONE', *, *, #2567, .T. ) ;
#7915 = VERTEX_POINT ( 'NONE', #1176 ) ;
#7916 = VECTOR ( 'NONE', #8913, 1000.000000000000000 ) ;
#7917 = CARTESIAN_POINT ( 'NONE',  ( -7.749999999999998224, 1.000000000000000000, 7.750000000000000000 ) ) ;
#7918 = CARTESIAN_POINT ( 'NONE',  ( 0.000000000000000000, 0.000000000000000000, -1.149999999999999467 ) ) ;
#7919 = LINE ( 'NONE', #3110, #5561 ) ;
#7920 = VECTOR ( 'NONE', #4045, 1000.000000000000000 ) ;
#7921 = ORIENTED_EDGE ( 'NONE', *, *, #8965, .T. ) ;
#7922 = CARTESIAN_POINT ( 'NONE',  ( 6.999999999999999112, 2.399999999999999467, 5.999999999999999112 ) ) ;
#7923 = LINE ( 'NONE', #2809, #987 ) ;
#7924 = CARTESIAN_POINT ( 'NONE',  ( 0.7500000000000002220, 1.000000000000000000, 7.500000000000000000 ) ) ;
#7925 = CARTESIAN_POINT ( 'NONE',  ( 4.749999999999999112, -7.635028842544401506, 4.750000000000000000 ) ) ;
#7926 = FACE_OUTER_BOUND ( 'NONE', #7859, .T. ) ;
#7927 = CARTESIAN_POINT ( 'NONE',  ( 4.336808689942023258E-15, 3.343074902771997259, -7.500000000000001776 ) ) ;
#7928 =( LENGTH_UNIT ( ) NAMED_UNIT ( * ) SI_UNIT ( .MILLI., .METRE. ) );
#7929 = VERTEX_POINT ( 'NONE', #7663 ) ;
#7930 = DIRECTION ( 'NONE',  ( 0.000000000000000000, 0.000000000000000000, -1.000000000000000000 ) ) ;
#7931 = AXIS2_PLACEMENT_3D ( 'NONE', #2104, #7763, #4246 ) ;
#7932 = AXIS2_PLACEMENT_3D ( 'NONE', #6866, #6719, #3189 ) ;
#7933 = ORIENTED_EDGE ( 'NONE', *, *, #5702, .F. ) ;
#7934 = VERTEX_POINT ( 'NONE', #8262 ) ;
#7935 = DIRECTION ( 'NONE',  ( -1.000000000000000000, -0.000000000000000000, 0.000000000000000000 ) ) ;
#7936 = AXIS2_PLACEMENT_3D ( 'NONE', #1040, #4474, #3785 ) ;
#7937 = LINE ( 'NONE', #2287, #1436 ) ;
#7938 = PLANE ( 'NONE',  #7559 ) ;
#7939 = DIRECTION ( 'NONE',  ( 1.000000000000000000, 0.000000000000000000, -0.000000000000000000 ) ) ;
#7940 = VECTOR ( 'NONE', #8103, 1000.000000000000000 ) ;
#7941 = DIRECTION ( 'NONE',  ( 1.000000000000000000, -0.000000000000000000, 1.204669080539449837E-16 ) ) ;
#7942 = VECTOR ( 'NONE', #5889, 1000.000000000000000 ) ;
#7943 = ORIENTED_EDGE ( 'NONE', *, *, #6368, .T. ) ;
#7944 = LINE ( 'NONE', #7165, #6055 ) ;
#7945 = FACE_OUTER_BOUND ( 'NONE', #4361, .T. ) ;
#7946 = VECTOR ( 'NONE', #6093, 1000.000000000000000 ) ;
#7947 = VECTOR ( 'NONE', #438, 1000.000000000000000 ) ;
#7948 = VERTEX_POINT ( 'NONE', #6976 ) ;
#7949 = EDGE_CURVE ( 'NONE', #7097, #6482, #6197, .T. ) ;
#7950 = ADVANCED_FACE ( 'NONE', ( #1955 ), #1859, .F. ) ;
#7951 = VERTEX_POINT ( 'NONE', #3355 ) ;
#7952 = DIRECTION ( 'NONE',  ( -1.000000000000000000, 0.000000000000000000, 0.000000000000000000 ) ) ;
#7953 = CARTESIAN_POINT ( 'NONE',  ( 4.549999999999999822, 0.000000000000000000, 5.700000000000000178 ) ) ;
#7954 = LINE ( 'NONE', #4637, #7418 ) ;
#7955 = EDGE_LOOP ( 'NONE', ( #5219, #2375, #448, #3005 ) ) ;
#7956 = VECTOR ( 'NONE', #2060, 1000.000000000000000 ) ;
#7957 = AXIS2_PLACEMENT_3D ( 'NONE', #847, #2376, #6564 ) ;
#7958 = CARTESIAN_POINT ( 'NONE',  ( 5.699999999999999289, 3.343074902771997259, 4.549999999999999822 ) ) ;
#7959 = AXIS2_PLACEMENT_3D ( 'NONE', #2158, #3653, #2340 ) ;
#7960 = CARTESIAN_POINT ( 'NONE',  ( -4.549999999999998934, 0.000000000000000000, -5.700000000000001066 ) ) ;
#7961 = SHAPE_DEFINITION_REPRESENTATION ( #999, #2408 ) ;
#7962 = ORIENTED_EDGE ( 'NONE', *, *, #8168, .T. ) ;
#7963 = ORIENTED_EDGE ( 'NONE', *, *, #1934, .T. ) ;
#7964 = VECTOR ( 'NONE', #563, 1000.000000000000000 ) ;
#7965 = DIRECTION ( 'NONE',  ( 0.000000000000000000, -1.000000000000000000, -0.000000000000000000 ) ) ;
#7966 =( GEOMETRIC_REPRESENTATION_CONTEXT ( 3 ) GLOBAL_UNCERTAINTY_ASSIGNED_CONTEXT ( ( #1381 ) ) GLOBAL_UNIT_ASSIGNED_CONTEXT ( ( #1777, #487, #3225 ) ) REPRESENTATION_CONTEXT ( 'NONE', 'WORKASPACE' ) );
#7967 = FACE_BOUND ( 'NONE', #5244, .T. ) ;
#7968 = VECTOR ( 'NONE', #8182, 1000.000000000000000 ) ;
#7969 = LINE ( 'NONE', #7325, #2737 ) ;
#7970 = SHAPE_REPRESENTATION_RELATIONSHIP ( 'NONE' , 'NONE' ,  #4499, #1578 ) ;
#7971 = ORIENTED_EDGE ( 'NONE', *, *, #6554, .T. ) ;
#7972 = CARTESIAN_POINT ( 'NONE',  ( 7.500000000000000000, 0.000000000000000000, 2.650000000000000799 ) ) ;
#7973 = PLANE ( 'NONE',  #6641 ) ;
#7974 = VERTEX_POINT ( 'NONE', #2053 ) ;
#7975 = APPLICATION_CONTEXT ( 'automotive_design' ) ;
#7976 = CARTESIAN_POINT ( 'NONE',  ( 7.649999999999998579, 1.000000000000000000, 7.649999999999998579 ) ) ;
#7977 = EDGE_CURVE ( 'NONE', #385, #6056, #1265, .T. ) ;
#7978 = CARTESIAN_POINT ( 'NONE',  ( -3.050000000000001155, 1.000000000000000000, 7.499999999999999112 ) ) ;
#7979 = CARTESIAN_POINT ( 'NONE',  ( -1.899999999999999467, 0.5000000000000000000, -3.100000000000000977 ) ) ;
#7980 = ORIENTED_EDGE ( 'NONE', *, *, #2372, .T. ) ;
#7981 = PLANE ( 'NONE',  #8380 ) ;
#7982 = VECTOR ( 'NONE', #898, 1000.000000000000000 ) ;
#7983 = VERTEX_POINT ( 'NONE', #9008 ) ;
#7984 = ORIENTED_EDGE ( 'NONE', *, *, #5595, .F. ) ;
#7985 = LINE ( 'NONE', #4995, #3436 ) ;
#7986 = EDGE_CURVE ( 'NONE', #3310, #6127, #6095, .T. ) ;
#7987 = CARTESIAN_POINT ( 'NONE',  ( 7.500000000000000000, 0.000000000000000000, -3.049999999999999378 ) ) ;
#7988 = CARTESIAN_POINT ( 'NONE',  ( 2.650000000000000355, 1.000000000000000000, 5.700000000000000178 ) ) ;
#7989 = LINE ( 'NONE', #6477, #7383 ) ;
#7990 = ORIENTED_EDGE ( 'NONE', *, *, #81, .F. ) ;
#7991 = CARTESIAN_POINT ( 'NONE',  ( 5.700000000000000178, 1.000000000000000000, 0.000000000000000000 ) ) ;
#7992 = LINE ( 'NONE', #395, #393 ) ;
#7993 = ORIENTED_EDGE ( 'NONE', *, *, #5709, .F. ) ;
#7994 = ORIENTED_EDGE ( 'NONE', *, *, #2838, .T. ) ;
#7995 = CARTESIAN_POINT ( 'NONE',  ( 3.100000000000001421, 0.5000000000000000000, -3.100000000000000977 ) ) ;
#7996 = CYLINDRICAL_SURFACE ( 'NONE', #1454, 0.5000000000000004441 ) ;
#7997 = LINE ( 'NONE', #6763, #3869 ) ;
#7998 = VERTEX_POINT ( 'NONE', #7574 ) ;
#7999 = EDGE_CURVE ( 'NONE', #8244, #5531, #2570, .T. ) ;
#8000 = DIRECTION ( 'NONE',  ( 0.000000000000000000, 0.000000000000000000, -1.000000000000000000 ) ) ;
#8001 = SHAPE_DEFINITION_REPRESENTATION ( #8107, #4314 ) ;
#8002 = EDGE_CURVE ( 'NONE', #4469, #5510, #8390, .T. ) ;
#8003 = ORIENTED_EDGE ( 'NONE', *, *, #8924, .F. ) ;
#8004 = ORIENTED_EDGE ( 'NONE', *, *, #1438, .T. ) ;
#8005 = DIRECTION ( 'NONE',  ( 0.7071067811865475727, 0.000000000000000000, -0.7071067811865475727 ) ) ;
#8006 = EDGE_CURVE ( 'NONE', #2306, #2571, #8053, .T. ) ;
#8007 = VECTOR ( 'NONE', #2533, 1000.000000000000000 ) ;
#8008 = DIRECTION ( 'NONE',  ( 0.000000000000000000, 0.000000000000000000, 1.000000000000000000 ) ) ;
#8009 = DIRECTION ( 'NONE',  ( -0.000000000000000000, -1.000000000000000000, -0.000000000000000000 ) ) ;
#8010 = EDGE_CURVE ( 'NONE', #2600, #2237, #4707, .T. ) ;
#8011 = LINE ( 'NONE', #5107, #3767 ) ;
#8012 =( NAMED_UNIT ( * ) PLANE_ANGLE_UNIT ( ) SI_UNIT ( $, .RADIAN. ) );
#8013 = EDGE_LOOP ( 'NONE', ( #7868, #1330, #6549, #6537 ) ) ;
#8014 = DIRECTION ( 'NONE',  ( -0.000000000000000000, 1.000000000000000000, 0.000000000000000000 ) ) ;
#8015 = ORIENTED_EDGE ( 'NONE', *, *, #6827, .F. ) ;
#8016 = ADVANCED_FACE ( 'NONE', ( #2665 ), #3964, .F. ) ;
#8017 = LINE ( 'NONE', #8805, #7082 ) ;
#8018 = VERTEX_POINT ( 'NONE', #7530 ) ;
#8019 = DIRECTION ( 'NONE',  ( -1.000000000000000000, -0.000000000000000000, -0.000000000000000000 ) ) ;
#8020 = DIRECTION ( 'NONE',  ( 0.000000000000000000, -0.000000000000000000, -1.000000000000000000 ) ) ;
#8021 = LINE ( 'NONE', #3865, #5570 ) ;
#8022 =( LENGTH_UNIT ( ) NAMED_UNIT ( * ) SI_UNIT ( .MILLI., .METRE. ) );
#8023 = AXIS2_PLACEMENT_3D ( 'NONE', #8339, #565, #2658 ) ;
#8024 = ORIENTED_EDGE ( 'NONE', *, *, #8151, .T. ) ;
#8025 = PRODUCT_DEFINITION_SHAPE ( 'NONE', 'NONE',  #9149 ) ;
#8026 = CARTESIAN_POINT ( 'NONE',  ( -1.900000000000000133, 0.5000000000000000000, 1.899999999999999689 ) ) ;
#8027 = VERTEX_POINT ( 'NONE', #573 ) ;
#8028 = EDGE_CURVE ( 'NONE', #5541, #7560, #6241, .T. ) ;
#8029 = ORIENTED_EDGE ( 'NONE', *, *, #1129, .T. ) ;
#8030 = LINE ( 'NONE', #3783, #5942 ) ;
#8031 = EDGE_CURVE ( 'NONE', #197, #8723, #6841, .T. ) ;
#8032 = CARTESIAN_POINT ( 'NONE',  ( 3.100000000000000977, 0.5000000000000000000, 0.000000000000000000 ) ) ;
#8033 = CARTESIAN_POINT ( 'NONE',  ( 0.000000000000000000, 0.000000000000000000, -5.700000000000000178 ) ) ;
#8034 = SURFACE_STYLE_USAGE ( .BOTH. , #390 ) ;
#8035 = EDGE_CURVE ( 'NONE', #2443, #8887, #2710, .T. ) ;
#8036 = VERTEX_POINT ( 'NONE', #4064 ) ;
#8037 = DIRECTION ( 'NONE',  ( 1.000000000000000000, 0.000000000000000000, -0.000000000000000000 ) ) ;
#8038 = PLANE ( 'NONE',  #6926 ) ;
#8039 = ORIENTED_EDGE ( 'NONE', *, *, #170, .T. ) ;
#8040 = VERTEX_POINT ( 'NONE', #6885 ) ;
#8041 = CARTESIAN_POINT ( 'NONE',  ( -7.499999999999998224, 1.000000000000000000, -3.050000000000002487 ) ) ;
#8042 = FACE_OUTER_BOUND ( 'NONE', #4937, .T. ) ;
#8043 = DIRECTION ( 'NONE',  ( 0.000000000000000000, 0.000000000000000000, 1.000000000000000000 ) ) ;
#8044 = CARTESIAN_POINT ( 'NONE',  ( -7.500000000000000000, 0.000000000000000000, 0.7499999999999988898 ) ) ;
#8045 = VERTEX_POINT ( 'NONE', #3588 ) ;
#8046 = AXIS2_PLACEMENT_3D ( 'NONE', #5507, #6788, #8215 ) ;
#8047 = VECTOR ( 'NONE', #450, 1000.000000000000000 ) ;
#8048 = FACE_OUTER_BOUND ( 'NONE', #3440, .T. ) ;
#8049 = CARTESIAN_POINT ( 'NONE',  ( 4.549999999999999822, 0.000000000000000000, 7.500000000000000000 ) ) ;
#8050 = APPLICATION_PROTOCOL_DEFINITION ( 'draft international standard', 'automotive_design', 1998, #1648 ) ;
#8051 = ORIENTED_EDGE ( 'NONE', *, *, #8570, .T. ) ;
#8052 = VERTEX_POINT ( 'NONE', #2091 ) ;
#8053 = CIRCLE ( 'NONE', #8788, 0.9999999999999995559 ) ;
#8054 = DIRECTION ( 'NONE',  ( 1.301042606982605321E-16, 0.000000000000000000, -1.000000000000000000 ) ) ;
#8055 = CARTESIAN_POINT ( 'NONE',  ( -7.500000000000000000, 1.000000000000000000, 0.7499999999999988898 ) ) ;
#8056 = FACE_BOUND ( 'NONE', #3362, .T. ) ;
#8057 =( LENGTH_UNIT ( ) NAMED_UNIT ( * ) SI_UNIT ( .MILLI., .METRE. ) );
#8058 = DIRECTION ( 'NONE',  ( 0.000000000000000000, -0.000000000000000000, -1.000000000000000000 ) ) ;
#8059 = CARTESIAN_POINT ( 'NONE',  ( 7.500000000000000000, 1.000000000000000000, -2.649999999999999911 ) ) ;
#8060 = ORIENTED_EDGE ( 'NONE', *, *, #5613, .F. ) ;
#8061 = ADVANCED_FACE ( 'NONE', ( #7102 ), #3686, .T. ) ;
#8062 = ADVANCED_FACE ( 'NONE', ( #8575 ), #8615, .F. ) ;
#8063 = EDGE_CURVE ( 'NONE', #5722, #2826, #2187, .T. ) ;
#8064 = DIRECTION ( 'NONE',  ( -1.000000000000000000, -0.000000000000000000, -0.000000000000000000 ) ) ;
#8065 = VERTEX_POINT ( 'NONE', #1441 ) ;
#8066 = AXIS2_PLACEMENT_3D ( 'NONE', #1154, #3296, #6765 ) ;
#8067 = CARTESIAN_POINT ( 'NONE',  ( 6.878679656440357171, 6.592893218813452805, 7.500000000000000888 ) ) ;
#8068 = CARTESIAN_POINT ( 'NONE',  ( 0.000000000000000000, 1.000000000000000000, 0.000000000000000000 ) ) ;
#8069 = CARTESIAN_POINT ( 'NONE',  ( -4.750000000000000888, 6.800000000000002487, 3.750000000000000000 ) ) ;
#8070 =( NAMED_UNIT ( * ) PLANE_ANGLE_UNIT ( ) SI_UNIT ( $, .RADIAN. ) );
#8071 = VERTEX_POINT ( 'NONE', #2800 ) ;
#8072 = CARTESIAN_POINT ( 'NONE',  ( 6.878679656440357171, 2.107106781186546485, -7.500000000000000888 ) ) ;
#8073 = ORIENTED_EDGE ( 'NONE', *, *, #7732, .F. ) ;
#8074 = ORIENTED_EDGE ( 'NONE', *, *, #1388, .F. ) ;
#8075 = DIRECTION ( 'NONE',  ( -0.000000000000000000, -1.000000000000000000, 0.000000000000000000 ) ) ;
#8076 = LINE ( 'NONE', #4574, #8997 ) ;
#8077 = DIRECTION ( 'NONE',  ( -1.000000000000000000, -0.000000000000000000, 0.000000000000000000 ) ) ;
#8078 = EDGE_LOOP ( 'NONE', ( #1599, #4877, #8039, #9033 ) ) ;
#8079 = CARTESIAN_POINT ( 'NONE',  ( 1.150000000000000577, 0.000000000000000000, -7.500000000000000000 ) ) ;
#8080 = MECHANICAL_DESIGN_GEOMETRIC_PRESENTATION_REPRESENTATION (  '', ( #4395 ), #3662 ) ;
#8081 = CARTESIAN_POINT ( 'NONE',  ( -7.499999999999998224, 1.000000000000000000, -4.550000000000000711 ) ) ;
#8082 = ORIENTED_EDGE ( 'NONE', *, *, #62, .T. ) ;
#8083 = CLOSED_SHELL ( 'NONE', ( #1698, #2863, #1526, #6551, #5427, #5606 ) ) ;
#8084 = AXIS2_PLACEMENT_3D ( 'NONE', #2507, #8848, #2451 ) ;
#8085 = VERTEX_POINT ( 'NONE', #5026 ) ;
#8086 = DIRECTION ( 'NONE',  ( -0.000000000000000000, 0.000000000000000000, 1.000000000000000000 ) ) ;
#8087 = VECTOR ( 'NONE', #5876, 1000.000000000000000 ) ;
#8088 = MECHANICAL_DESIGN_GEOMETRIC_PRESENTATION_REPRESENTATION (  '', ( #6481 ), #2474 ) ;
#8089 = DIRECTION ( 'NONE',  ( 0.000000000000000000, -1.000000000000000000, 0.000000000000000000 ) ) ;
#8090 = PLANE ( 'NONE',  #3236 ) ;
#8091 = CARTESIAN_POINT ( 'NONE',  ( 2.650000000000000355, 0.000000000000000000, 7.500000000000000000 ) ) ;
#8092 = VERTEX_POINT ( 'NONE', #6458 ) ;
#8093 = VECTOR ( 'NONE', #8762, 1000.000000000000000 ) ;
#8094 = VECTOR ( 'NONE', #5810, 1000.000000000000000 ) ;
#8095 = EDGE_CURVE ( 'NONE', #1468, #786, #6504, .T. ) ;
#8096 = CARTESIAN_POINT ( 'NONE',  ( -6.585786437626901524, 6.800000000000000711, 6.999999999999998224 ) ) ;
#8097 = PRESENTATION_STYLE_ASSIGNMENT (( #1700 ) ) ;
#8098 = SHAPE_DEFINITION_REPRESENTATION ( #2407, #4673 ) ;
#8099 = ADVANCED_BREP_SHAPE_REPRESENTATION ( '', ( #8435, #2096 ), #6402 ) ;
#8100 = VERTEX_POINT ( 'NONE', #6323 ) ;
#8101 = ORIENTED_EDGE ( 'NONE', *, *, #1730, .T. ) ;
#8102 = AXIS2_PLACEMENT_3D ( 'NONE', #2110, #4953, #1414 ) ;
#8103 = DIRECTION ( 'NONE',  ( -1.000000000000000000, 0.000000000000000000, -0.000000000000000000 ) ) ;
#8104 = LINE ( 'NONE', #8798, #7280 ) ;
#8105 = VECTOR ( 'NONE', #8975, 1000.000000000000000 ) ;
#8106 = EDGE_CURVE ( 'NONE', #8394, #7915, #745, .T. ) ;
#8107 = PRODUCT_DEFINITION_SHAPE ( 'NONE', 'NONE',  #3043 ) ;
#8108 = CARTESIAN_POINT ( 'NONE',  ( 5.700000000000000178, 1.000000000000000000, -3.049999999999999378 ) ) ;
#8109 = CARTESIAN_POINT ( 'NONE',  ( 1.149999999999999911, 0.000000000000000000, 5.700000000000000178 ) ) ;
#8110 = LINE ( 'NONE', #5306, #5103 ) ;
#8111 = SHAPE_REPRESENTATION_RELATIONSHIP ( 'NONE' , 'NONE' ,  #2064, #6455 ) ;
#8112 = AXIS2_PLACEMENT_3D ( 'NONE', #5938, #1759, #6682 ) ;
#8113 = FACE_OUTER_BOUND ( 'NONE', #6936, .T. ) ;
#8114 = EDGE_LOOP ( 'NONE', ( #8441, #6340, #3842, #6407 ) ) ;
#8115 = UNCERTAINTY_MEASURE_WITH_UNIT (LENGTH_MEASURE( 1.000000000000000082E-05 ), #6467, 'distance_accuracy_value', 'NONE');
#8116 = AXIS2_PLACEMENT_3D ( 'NONE', #1506, #1548, #7939 ) ;
#8117 = FACE_OUTER_BOUND ( 'NONE', #6440, .T. ) ;
#8118 = AXIS2_PLACEMENT_3D ( 'NONE', #2063, #2723, #6159 ) ;
#8119 = LINE ( 'NONE', #7976, #7061 ) ;
#8120 = FACE_OUTER_BOUND ( 'NONE', #5496, .T. ) ;
#8121 = DIRECTION ( 'NONE',  ( 1.000000000000000000, 0.000000000000000000, 1.204669080539449837E-16 ) ) ;
#8122 = EDGE_CURVE ( 'NONE', #6306, #3061, #4418, .T. ) ;
#8123 = VERTEX_POINT ( 'NONE', #4978 ) ;
#8124 = CARTESIAN_POINT ( 'NONE',  ( 4.549999999999999822, 0.000000000000000000, 0.000000000000000000 ) ) ;
#8125 = ORIENTED_EDGE ( 'NONE', *, *, #621, .T. ) ;
#8126 = ORIENTED_EDGE ( 'NONE', *, *, #190, .T. ) ;
#8127 = DIRECTION ( 'NONE',  ( 0.000000000000000000, -1.000000000000000000, -0.000000000000000000 ) ) ;
#8128 = PLANE ( 'NONE',  #4710 ) ;
#8129 = CARTESIAN_POINT ( 'NONE',  ( 9.035018104045881788E-17, 3.343074902771997259, -0.7500000000000006661 ) ) ;
#8130 = FACE_OUTER_BOUND ( 'NONE', #8150, .T. ) ;
#8131 = DIRECTION ( 'NONE',  ( -1.000000000000000000, -0.000000000000000000, 0.000000000000000000 ) ) ;
#8132 = VECTOR ( 'NONE', #5372, 1000.000000000000000 ) ;
#8133 = ORIENTED_EDGE ( 'NONE', *, *, #4992, .T. ) ;
#8134 = DIRECTION ( 'NONE',  ( 0.000000000000000000, -0.000000000000000000, 1.000000000000000000 ) ) ;
#8135 = CARTESIAN_POINT ( 'NONE',  ( 7.000000000000001776, 1.899999999999999245, 6.585786437626905077 ) ) ;
#8136 = CARTESIAN_POINT ( 'NONE',  ( 5.700000000000000178, 0.000000000000000000, -3.049999999999999378 ) ) ;
#8137 = EDGE_LOOP ( 'NONE', ( #4021, #7734, #4466, #5464 ) ) ;
#8138 = EDGE_CURVE ( 'NONE', #9056, #8210, #53, .T. ) ;
#8139 = VERTEX_POINT ( 'NONE', #1486 ) ;
#8140 =( NAMED_UNIT ( * ) PLANE_ANGLE_UNIT ( ) SI_UNIT ( $, .RADIAN. ) );
#8141 = LINE ( 'NONE', #953, #8047 ) ;
#8142 = DIRECTION ( 'NONE',  ( -0.000000000000000000, 0.000000000000000000, 1.000000000000000000 ) ) ;
#8143 = EDGE_LOOP ( 'NONE', ( #6631, #6167, #3589, #7980 ) ) ;
#8144 = CARTESIAN_POINT ( 'NONE',  ( 2.650000000000001243, 0.000000000000000000, -5.700000000000000178 ) ) ;
#8145 = DIRECTION ( 'NONE',  ( 0.7071067811865474617, 0.000000000000000000, 0.7071067811865474617 ) ) ;
#8146 = APPLICATION_PROTOCOL_DEFINITION ( 'draft international standard', 'automotive_design', 1998, #227 ) ;
#8147 = EDGE_LOOP ( 'NONE', ( #3872, #1852, #8519, #631 ) ) ;
#8148 = EDGE_CURVE ( 'NONE', #6204, #3751, #4367, .T. ) ;
#8149 = SHAPE_REPRESENTATION ( 'SAM-M8Q-0-10_22', ( #2096 ), #6402 ) ;
#8150 = EDGE_LOOP ( 'NONE', ( #4338, #5393, #3403, #592 ) ) ;
#8151 = EDGE_CURVE ( 'NONE', #3430, #3761, #7879, .T. ) ;
#8152 = DIRECTION ( 'NONE',  ( 0.000000000000000000, -0.000000000000000000, -1.000000000000000000 ) ) ;
#8153 = FILL_AREA_STYLE ('',( #318 ) ) ;
#8154 = MECHANICAL_DESIGN_GEOMETRIC_PRESENTATION_REPRESENTATION (  '', ( #2981 ), #164 ) ;
#8155 = DIRECTION ( 'NONE',  ( 0.000000000000000000, 0.000000000000000000, 1.000000000000000000 ) ) ;
#8156 = SURFACE_STYLE_FILL_AREA ( #4453 ) ;
#8157 = DIRECTION ( 'NONE',  ( -1.000000000000000000, 0.000000000000000000, -0.000000000000000000 ) ) ;
#8158 =( LENGTH_UNIT ( ) NAMED_UNIT ( * ) SI_UNIT ( .MILLI., .METRE. ) );
#8159 = AXIS2_PLACEMENT_3D ( 'NONE', #72, #6429, #2898 ) ;
#8160 = DIRECTION ( 'NONE',  ( 1.204669080539449837E-16, 0.000000000000000000, -1.000000000000000000 ) ) ;
#8161 = EDGE_LOOP ( 'NONE', ( #5267, #1935, #969, #6888 ) ) ;
#8162 = APPLICATION_CONTEXT ( 'automotive_design' ) ;
#8163 = EDGE_CURVE ( 'NONE', #9063, #8454, #2973, .T. ) ;
#8164 = VECTOR ( 'NONE', #4834, 1000.000000000000000 ) ;
#8165 = CARTESIAN_POINT ( 'NONE',  ( 6.999999999999999112, 6.800000000000000711, -6.000000000000000000 ) ) ;
#8166 = ADVANCED_FACE ( 'NONE', ( #700 ), #3495, .T. ) ;
#8167 = DIRECTION ( 'NONE',  ( 1.000000000000000000, 0.000000000000000000, 1.204669080539449837E-16 ) ) ;
#8168 = EDGE_CURVE ( 'NONE', #6506, #2258, #7185, .T. ) ;
#8169 = CARTESIAN_POINT ( 'NONE',  ( 6.000000000000000000, 34.81320343559642794, 6.000000000000000000 ) ) ;
#8170 = LINE ( 'NONE', #8869, #4368 ) ;
#8171 = VERTEX_POINT ( 'NONE', #6371 ) ;
#8172 = CARTESIAN_POINT ( 'NONE',  ( -7.500000000000000000, 34.81320343559642794, -6.000000000000000000 ) ) ;
#8173 = VERTEX_POINT ( 'NONE', #9135 ) ;
#8174 = ORIENTED_EDGE ( 'NONE', *, *, #5374, .F. ) ;
#8175 = CARTESIAN_POINT ( 'NONE',  ( 7.500000000000000000, 3.343074902771997259, -4.549999999999998934 ) ) ;
#8176 = DIRECTION ( 'NONE',  ( -1.000000000000000000, 0.000000000000000000, 1.224646799147353207E-16 ) ) ;
#8177 = CARTESIAN_POINT ( 'NONE',  ( 0.000000000000000000, 0.000000000000000000, -7.500000000000000000 ) ) ;
#8178 = CARTESIAN_POINT ( 'NONE',  ( -5.700000000000001066, 1.000000000000000000, 2.649999999999999467 ) ) ;
#8179 = AXIS2_PLACEMENT_3D ( 'NONE', #4315, #47, #5670 ) ;
#8180 = CARTESIAN_POINT ( 'NONE',  ( 0.000000000000000000, 6.799999999999999822, 0.000000000000000000 ) ) ;
#8181 = ORIENTED_EDGE ( 'NONE', *, *, #1616, .F. ) ;
#8182 = DIRECTION ( 'NONE',  ( 1.000000000000000000, 0.000000000000000000, 0.000000000000000000 ) ) ;
#8183 = CARTESIAN_POINT ( 'NONE',  ( -7.500000000000000000, 3.343074902771997259, 0.7499999999999988898 ) ) ;
#8184 = EDGE_LOOP ( 'NONE', ( #3014, #2377, #6236, #2111 ) ) ;
#8185 = VERTEX_POINT ( 'NONE', #5720 ) ;
#8186 = ADVANCED_FACE ( 'NONE', ( #833 ), #11, .F. ) ;
#8187 = EDGE_CURVE ( 'NONE', #7405, #5266, #8438, .T. ) ;
#8188 = EDGE_CURVE ( 'NONE', #8611, #3751, #4455, .T. ) ;
#8189 = ORIENTED_EDGE ( 'NONE', *, *, #478, .F. ) ;
#8190 = CARTESIAN_POINT ( 'NONE',  ( 7.500000000000000000, 0.000000000000000000, -3.049999999999999378 ) ) ;
#8191 = CARTESIAN_POINT ( 'NONE',  ( 7.500000000000000000, 2.399999999999999467, 6.878679656440354506 ) ) ;
#8192 = CARTESIAN_POINT ( 'NONE',  ( -7.499999999999999112, 1.000000000000000000, -2.650000000000001243 ) ) ;
#8193 = EDGE_CURVE ( 'NONE', #7273, #8765, #3200, .T. ) ;
#8194 = CARTESIAN_POINT ( 'NONE',  ( 0.000000000000000000, 0.000000000000000000, 1.150000000000000133 ) ) ;
#8195 = UNCERTAINTY_MEASURE_WITH_UNIT (LENGTH_MEASURE( 1.000000000000000082E-05 ), #4815, 'distance_accuracy_value', 'NONE');
#8196 = EDGE_LOOP ( 'NONE', ( #2505, #8945, #7139, #2632 ) ) ;
#8197 = EDGE_CURVE ( 'NONE', #6506, #7983, #923, .T. ) ;
#8198 = CARTESIAN_POINT ( 'NONE',  ( -4.750000000000000888, 5.799999999999998934, -4.750000000000000000 ) ) ;
#8199 = ITEM_DEFINED_TRANSFORMATION ( 'NONE', 'NONE', #3605,  #2096 ) ;
#8200 = ADVANCED_FACE ( 'NONE', ( #8756 ), #3059, .F. ) ;
#8201 = ORIENTED_EDGE ( 'NONE', *, *, #7986, .T. ) ;
#8202 = ORIENTED_EDGE ( 'NONE', *, *, #68, .F. ) ;
#8203 = PLANE ( 'NONE',  #1576 ) ;
#8204 = AXIS2_PLACEMENT_3D ( 'NONE', #5883, #8603, #5834 ) ;
#8205 = DIRECTION ( 'NONE',  ( 0.000000000000000000, 0.000000000000000000, 1.000000000000000000 ) ) ;
#8206 = CARTESIAN_POINT ( 'NONE',  ( 0.000000000000000000, 0.000000000000000000, 0.000000000000000000 ) ) ;
#8207 =( NAMED_UNIT ( * ) SI_UNIT ( $, .STERADIAN. ) SOLID_ANGLE_UNIT ( ) );
#8208 = CARTESIAN_POINT ( 'NONE',  ( 0.000000000000000000, 1.000000000000000000, -4.550000000000000711 ) ) ;
#8209 = DIRECTION ( 'NONE',  ( -1.000000000000000000, -0.000000000000000000, 0.000000000000000000 ) ) ;
#8210 = VERTEX_POINT ( 'NONE', #5899 ) ;
#8211 = AXIS2_PLACEMENT_3D ( 'NONE', #1992, #7464, #1113 ) ;
#8212 = PLANE ( 'NONE',  #5700 ) ;
#8213 = PLANE ( 'NONE',  #2782 ) ;
#8214 = DIRECTION ( 'NONE',  ( 0.000000000000000000, 0.000000000000000000, -1.000000000000000000 ) ) ;
#8215 = DIRECTION ( 'NONE',  ( 1.000000000000000000, 0.000000000000000000, -0.000000000000000000 ) ) ;
#8216 = VERTEX_POINT ( 'NONE', #3904 ) ;
#8217 = LINE ( 'NONE', #5365, #8547 ) ;
#8218 = ORIENTED_EDGE ( 'NONE', *, *, #6290, .T. ) ;
#8219 = ORIENTED_EDGE ( 'NONE', *, *, #8296, .F. ) ;
#8220 = CARTESIAN_POINT ( 'NONE',  ( 5.700000000000000178, 1.000000000000000000, -2.649999999999999911 ) ) ;
#8221 = VECTOR ( 'NONE', #8086, 1000.000000000000000 ) ;
#8222 = LINE ( 'NONE', #7539, #4409 ) ;
#8223 = LINE ( 'NONE', #1869, #9029 ) ;
#8224 = DIRECTION ( 'NONE',  ( -1.000000000000000000, 0.000000000000000000, -0.000000000000000000 ) ) ;
#8225 = EDGE_LOOP ( 'NONE', ( #3248, #7837, #4020, #5413 ) ) ;
#8226 = CARTESIAN_POINT ( 'NONE',  ( 0.000000000000000000, 0.000000000000000000, -2.650000000000001688 ) ) ;
#8227 = PRESENTATION_STYLE_ASSIGNMENT (( #4771 ) ) ;
#8228 = DIRECTION ( 'NONE',  ( -0.000000000000000000, -1.000000000000000000, -0.000000000000000000 ) ) ;
#8229 = VERTEX_POINT ( 'NONE', #3857 ) ;
#8230 = EDGE_LOOP ( 'NONE', ( #7645, #7298, #3137, #6836 ) ) ;
#8231 = DIRECTION ( 'NONE',  ( 0.000000000000000000, -1.000000000000000000, 0.000000000000000000 ) ) ;
#8232 = PLANE ( 'NONE',  #2132 ) ;
#8233 = CARTESIAN_POINT ( 'NONE',  ( 0.000000000000000000, 1.000000000000000000, -7.500000000000000000 ) ) ;
#8234 = CARTESIAN_POINT ( 'NONE',  ( 5.700000000000000178, 0.000000000000000000, -2.649999999999999911 ) ) ;
#8235 = ORIENTED_EDGE ( 'NONE', *, *, #9128, .T. ) ;
#8236 = PRODUCT_DEFINITION ( 'UNKNOWN', '', #1514, #4294 ) ;
#8237 = CARTESIAN_POINT ( 'NONE',  ( 7.500000000000000000, 0.000000000000000000, 1.150000000000000133 ) ) ;
#8239 = EDGE_CURVE ( 'NONE', #4790, #4723, #7504, .T. ) ;
#8238 = FACE_OUTER_BOUND ( 'NONE', #8991, .T. ) ;
#8240 = CLOSED_SHELL ( 'NONE', ( #609, #5699, #2402, #7751, #6846, #1860 ) ) ;
#8241 = EDGE_CURVE ( 'NONE', #4353, #680, #8706, .T. ) ;
#8242 = VERTEX_POINT ( 'NONE', #5206 ) ;
#8243 = VECTOR ( 'NONE', #5571, 1000.000000000000000 ) ;
#8244 = VERTEX_POINT ( 'NONE', #6590 ) ;
#8245 = VECTOR ( 'NONE', #6137, 1000.000000000000000 ) ;
#8246 = CARTESIAN_POINT ( 'NONE',  ( -4.549999999999998934, 3.343074902771997259, 0.000000000000000000 ) ) ;
#8247 = VECTOR ( 'NONE', #6883, 1000.000000000000000 ) ;
#8248 = VECTOR ( 'NONE', #4195, 1000.000000000000000 ) ;
#8249 = EDGE_LOOP ( 'NONE', ( #6460, #5511, #7192, #1862 ) ) ;
#8250 = CARTESIAN_POINT ( 'NONE',  ( 4.749999999999999112, 6.799999999999999822, 0.000000000000000000 ) ) ;
#8251 = DIRECTION ( 'NONE',  ( -1.000000000000000000, -0.000000000000000000, -0.000000000000000000 ) ) ;
#8252 = CARTESIAN_POINT ( 'NONE',  ( -5.699999999999999289, 0.000000000000000000, -2.650000000000001243 ) ) ;
#8253 = DIRECTION ( 'NONE',  ( 1.000000000000000000, 0.000000000000000000, 0.000000000000000000 ) ) ;
#8254 = CARTESIAN_POINT ( 'NONE',  ( 0.000000000000000000, 1.000000000000000000, 3.049999999999998934 ) ) ;
#8255 = EDGE_LOOP ( 'NONE', ( #8793, #4354, #2079, #3435 ) ) ;
#8256 = CIRCLE ( 'NONE', #2642, 0.4999999999999995559 ) ;
#8257 = COLOUR_RGB ( '',0.2509803921568627416, 0.2509803921568627416, 0.2509803921568627416 ) ;
#8258 = PRODUCT_DEFINITION ( 'UNKNOWN', '', #1520, #9088 ) ;
#8259 = CARTESIAN_POINT ( 'NONE',  ( 6.965625522395147762, 6.799999999999999822, -6.263546149689363851 ) ) ;
#8260 = DIRECTION ( 'NONE',  ( 0.7071067811865474617, 0.000000000000000000, -0.7071067811865474617 ) ) ;
#8261 = PLANE ( 'NONE',  #3193 ) ;
#8262 = CARTESIAN_POINT ( 'NONE',  ( -6.000000000000000888, 2.399999999999999467, 7.500000000000000000 ) ) ;
#8263 = VECTOR ( 'NONE', #5112, 1000.000000000000000 ) ;
#8264 =( NAMED_UNIT ( * ) SI_UNIT ( $, .STERADIAN. ) SOLID_ANGLE_UNIT ( ) );
#8265 = EDGE_LOOP ( 'NONE', ( #6152, #3614, #7807, #9107 ) ) ;
#8266 = LINE ( 'NONE', #4569, #3985 ) ;
#8267 = CIRCLE ( 'NONE', #4882, 0.5000000000000004441 ) ;
#8268 = ORIENTED_EDGE ( 'NONE', *, *, #2707, .F. ) ;
#8269 = VECTOR ( 'NONE', #4890, 1000.000000000000000 ) ;
#8270 = ORIENTED_EDGE ( 'NONE', *, *, #2594, .F. ) ;
#8271 = CARTESIAN_POINT ( 'NONE',  ( 4.517509052022938429E-17, 0.000000000000000000, -0.7500000000000002220 ) ) ;
#8272 = LINE ( 'NONE', #1324, #5153 ) ;
#8273 = PLANE ( 'NONE',  #3093 ) ;
#8274 = CARTESIAN_POINT ( 'NONE',  ( 5.700000000000000178, 1.000000000000000000, 0.7500000000000005551 ) ) ;
#8275 = CARTESIAN_POINT ( 'NONE',  ( -7.650000000000002132, 1.000000000000000000, 7.649999999999998579 ) ) ;
#8276 = DIRECTION ( 'NONE',  ( 0.000000000000000000, 0.000000000000000000, 1.000000000000000000 ) ) ;
#8277 = CARTESIAN_POINT ( 'NONE',  ( 0.7500000000000008882, 1.000000000000000000, 0.000000000000000000 ) ) ;
#8278 = ORIENTED_EDGE ( 'NONE', *, *, #2520, .T. ) ;
#8279 = EDGE_CURVE ( 'NONE', #8377, #4570, #7969, .T. ) ;
#8280 = ORIENTED_EDGE ( 'NONE', *, *, #5992, .F. ) ;
#8281 = DIRECTION ( 'NONE',  ( -0.000000000000000000, -1.000000000000000000, 0.000000000000000000 ) ) ;
#8282 = CARTESIAN_POINT ( 'NONE',  ( 4.549999999999999822, 1.000000000000000000, 7.500000000000000000 ) ) ;
#8283 = DIRECTION ( 'NONE',  ( 0.000000000000000000, -0.000000000000000000, 1.000000000000000000 ) ) ;
#8284 = LINE ( 'NONE', #1287, #2697 ) ;
#8285 = PRODUCT_DEFINITION_CONTEXT ( 'detailed design', #702, 'design' ) ;
#8286 = ORIENTED_EDGE ( 'NONE', *, *, #7717, .F. ) ;
#8287 = APPLICATION_CONTEXT ( 'automotive_design' ) ;
#8288 = CARTESIAN_POINT ( 'NONE',  ( 6.999999999999999112, 1.899999999999999689, -6.000000000000000000 ) ) ;
#8289 = DIRECTION ( 'NONE',  ( 0.000000000000000000, 1.000000000000000000, 0.000000000000000000 ) ) ;
#8290 = VERTEX_POINT ( 'NONE', #3725 ) ;
#8291 = ORIENTED_EDGE ( 'NONE', *, *, #1220, .F. ) ;
#8292 =( GEOMETRIC_REPRESENTATION_CONTEXT ( 3 ) GLOBAL_UNCERTAINTY_ASSIGNED_CONTEXT ( ( #4177 ) ) GLOBAL_UNIT_ASSIGNED_CONTEXT ( ( #2231, #5770, #7841 ) ) REPRESENTATION_CONTEXT ( 'NONE', 'WORKASPACE' ) );
#8293 = DIRECTION ( 'NONE',  ( 0.000000000000000000, 0.000000000000000000, -1.000000000000000000 ) ) ;
#8294 = EDGE_CURVE ( 'NONE', #1635, #7951, #8110, .T. ) ;
#8295 = ORIENTED_EDGE ( 'NONE', *, *, #4608, .F. ) ;
#8296 = EDGE_CURVE ( 'NONE', #9105, #1109, #6684, .T. ) ;
#8297 = LINE ( 'NONE', #3902, #419 ) ;
#8298 = DIRECTION ( 'NONE',  ( 1.000000000000000000, 0.000000000000000000, 1.204669080539449837E-16 ) ) ;
#8299 = DIRECTION ( 'NONE',  ( 1.000000000000000000, 0.000000000000000000, 0.000000000000000000 ) ) ;
#8300 = ORIENTED_EDGE ( 'NONE', *, *, #7460, .T. ) ;
#8301 = EDGE_CURVE ( 'NONE', #3987, #7567, #8011, .T. ) ;
#8302 = FACE_OUTER_BOUND ( 'NONE', #9067, .T. ) ;
#8303 = EDGE_CURVE ( 'NONE', #3718, #5532, #3813, .T. ) ;
#8304 = CARTESIAN_POINT ( 'NONE',  ( -5.700000000000000178, 1.000000000000000000, 0.7499999999999991118 ) ) ;
#8305 = VECTOR ( 'NONE', #6953, 1000.000000000000000 ) ;
#8306 = LINE ( 'NONE', #572, #5721 ) ;
#8307 = DIRECTION ( 'NONE',  ( 0.7071067811865474617, 0.000000000000000000, -0.7071067811865474617 ) ) ;
#8308 = EDGE_CURVE ( 'NONE', #3112, #8348, #7919, .T. ) ;
#8309 =( LENGTH_UNIT ( ) NAMED_UNIT ( * ) SI_UNIT ( .MILLI., .METRE. ) );
#8310 = ORIENTED_EDGE ( 'NONE', *, *, #2823, .T. ) ;
#8311 = PLANE ( 'NONE',  #5747 ) ;
#8312 = VECTOR ( 'NONE', #3797, 1000.000000000000000 ) ;
#8313 = EDGE_LOOP ( 'NONE', ( #6891, #4513, #5508, #5948 ) ) ;
#8314 = PRESENTATION_LAYER_ASSIGNMENT (  '', '', ( #7283 ) ) ;
#8315 = ORIENTED_EDGE ( 'NONE', *, *, #8002, .T. ) ;
#8316 = LINE ( 'NONE', #4809, #5738 ) ;
#8317 = PLANE ( 'NONE',  #8392 ) ;
#8318 =( NAMED_UNIT ( * ) PLANE_ANGLE_UNIT ( ) SI_UNIT ( $, .RADIAN. ) );
#8319 =( NAMED_UNIT ( * ) PLANE_ANGLE_UNIT ( ) SI_UNIT ( $, .RADIAN. ) );
#8320 = PLANE ( 'NONE',  #7385 ) ;
#8321 = VERTEX_POINT ( 'NONE', #7377 ) ;
#8322 = CARTESIAN_POINT ( 'NONE',  ( -3.050000000000001155, 0.000000000000000000, 7.499999999999999112 ) ) ;
#8323 = ORIENTED_EDGE ( 'NONE', *, *, #2290, .T. ) ;
#8324 = VERTEX_POINT ( 'NONE', #1710 ) ;
#8325 = CARTESIAN_POINT ( 'NONE',  ( 0.000000000000000000, 1.000000000000000000, 0.000000000000000000 ) ) ;
#8326 = AXIS2_PLACEMENT_3D ( 'NONE', #2148, #2278, #1032 ) ;
#8327 = LINE ( 'NONE', #4824, #6825 ) ;
#8328 = DIRECTION ( 'NONE',  ( -1.000000000000000000, -0.000000000000000000, -0.000000000000000000 ) ) ;
#8329 = ORIENTED_EDGE ( 'NONE', *, *, #7229, .T. ) ;
#8330 = DIRECTION ( 'NONE',  ( 1.000000000000000000, 0.000000000000000000, -0.000000000000000000 ) ) ;
#8331 = PRODUCT_DEFINITION_FORMATION_WITH_SPECIFIED_SOURCE ( 'ANY', '', #335, .NOT_KNOWN. ) ;
#8332 = VERTEX_POINT ( 'NONE', #1761 ) ;
#8333 = VERTEX_POINT ( 'NONE', #4600 ) ;
#8334 = DIRECTION ( 'NONE',  ( -1.000000000000000000, 0.000000000000000000, 0.000000000000000000 ) ) ;
#8335 = DIRECTION ( 'NONE',  ( 0.000000000000000000, -0.000000000000000000, -1.000000000000000000 ) ) ;
#8336 = VERTEX_POINT ( 'NONE', #5940 ) ;
#8337 = FACE_BOUND ( 'NONE', #4438, .T. ) ;
#8338 = CYLINDRICAL_SURFACE ( 'NONE', #7167, 1.499999999999999556 ) ;
#8339 = CARTESIAN_POINT ( 'NONE',  ( 0.000000000000000000, 0.000000000000000000, 0.000000000000000000 ) ) ;
#8340 = ORIENTED_EDGE ( 'NONE', *, *, #5198, .F. ) ;
#8341 = PRODUCT_DEFINITION_CONTEXT ( 'detailed design', #4042, 'design' ) ;
#8342 = CARTESIAN_POINT ( 'NONE',  ( 3.050000000000002043, 0.000000000000000000, -5.699999999999999289 ) ) ;
#8343 = EDGE_CURVE ( 'NONE', #2600, #1712, #1569, .T. ) ;
#8344 = CARTESIAN_POINT ( 'NONE',  ( 0.7500000000000008882, 3.343074902771997259, -5.700000000000000178 ) ) ;
#8345 = LINE ( 'NONE', #4802, #6445 ) ;
#8346 = AXIS2_PLACEMENT_3D ( 'NONE', #3630, #5765, #7836 ) ;
#8347 = VECTOR ( 'NONE', #8365, 1000.000000000000000 ) ;
#8348 = VERTEX_POINT ( 'NONE', #187 ) ;
#8349 = CARTESIAN_POINT ( 'NONE',  ( 5.700000000000000178, 0.000000000000000000, -1.149999999999999467 ) ) ;
#8350 = EDGE_CURVE ( 'NONE', #1946, #5088, #4412, .T. ) ;
#8351 = ORIENTED_EDGE ( 'NONE', *, *, #4163, .F. ) ;
#8352 = ORIENTED_EDGE ( 'NONE', *, *, #2686, .T. ) ;
#8353 = VECTOR ( 'NONE', #4610, 1000.000000000000000 ) ;
#8354 = DIRECTION ( 'NONE',  ( 1.000000000000000000, 0.000000000000000000, 0.000000000000000000 ) ) ;
#8355 = PLANE ( 'NONE',  #2803 ) ;
#8356 = DIRECTION ( 'NONE',  ( 0.000000000000000000, 0.000000000000000000, -1.000000000000000000 ) ) ;
#8357 = CARTESIAN_POINT ( 'NONE',  ( -3.750000000000001332, 6.800000000000000711, 4.750000000000000000 ) ) ;
#8358 = ADVANCED_FACE ( 'NONE', ( #881 ), #3017, .F. ) ;
#8359 = ORIENTED_EDGE ( 'NONE', *, *, #496, .F. ) ;
#8360 = CARTESIAN_POINT ( 'NONE',  ( 0.000000000000000000, 1.000000000000000000, 2.649999999999999023 ) ) ;
#8361 = EDGE_LOOP ( 'NONE', ( #7777, #5865, #139, #651 ) ) ;
#8362 = VECTOR ( 'NONE', #2493, 1000.000000000000000 ) ;
#8363 = ORIENTED_EDGE ( 'NONE', *, *, #6805, .T. ) ;
#8364 = DIRECTION ( 'NONE',  ( 0.7071067811865474617, 0.000000000000000000, 0.7071067811865474617 ) ) ;
#8365 = DIRECTION ( 'NONE',  ( -0.000000000000000000, 1.000000000000000000, 0.000000000000000000 ) ) ;
#8366 = FACE_OUTER_BOUND ( 'NONE', #502, .T. ) ;
#8367 = SURFACE_STYLE_USAGE ( .BOTH. , #2685 ) ;
#8368 = ORIENTED_EDGE ( 'NONE', *, *, #62, .F. ) ;
#8369 = AXIS2_PLACEMENT_3D ( 'NONE', #8574, #7143, #789 ) ;
#8370 = PLANE ( 'NONE',  #1727 ) ;
#8371 = CONTEXT_DEPENDENT_SHAPE_REPRESENTATION ( #2298, #1744 ) ;
#8372 = EDGE_LOOP ( 'NONE', ( #8968, #875, #1296, #1011 ) ) ;
#8373 = ORIENTED_EDGE ( 'NONE', *, *, #975, .F. ) ;
#8374 = LINE ( 'NONE', #6965, #7659 ) ;
#8375 = CARTESIAN_POINT ( 'NONE',  ( 0.000000000000000000, 1.000000000000000000, 4.549999999999999822 ) ) ;
#8376 = EDGE_CURVE ( 'NONE', #8495, #7220, #5158, .T. ) ;
#8377 = VERTEX_POINT ( 'NONE', #8252 ) ;
#8378 = CARTESIAN_POINT ( 'NONE',  ( 0.000000000000000000, 1.000000000000000000, -4.550000000000000711 ) ) ;
#8379 = CARTESIAN_POINT ( 'NONE',  ( 7.499999999999999112, 0.000000000000000000, 3.050000000000001599 ) ) ;
#8380 = AXIS2_PLACEMENT_3D ( 'NONE', #4337, #8626, #890 ) ;
#8381 = CARTESIAN_POINT ( 'NONE',  ( 0.000000000000000000, 0.000000000000000000, 0.000000000000000000 ) ) ;
#8382 = VECTOR ( 'NONE', #8251, 1000.000000000000000 ) ;
#8383 = EDGE_LOOP ( 'NONE', ( #1125, #3346, #5562, #682 ) ) ;
#8384 = VECTOR ( 'NONE', #1225, 1000.000000000000000 ) ;
#8385 = EDGE_CURVE ( 'NONE', #8065, #6591, #4057, .T. ) ;
#8386 = VECTOR ( 'NONE', #2961, 1000.000000000000000 ) ;
#8387 = VECTOR ( 'NONE', #7234, 1000.000000000000000 ) ;
#8388 = FACE_OUTER_BOUND ( 'NONE', #8538, .T. ) ;
#8389 = DIRECTION ( 'NONE',  ( -0.000000000000000000, -1.000000000000000000, -0.000000000000000000 ) ) ;
#8390 = LINE ( 'NONE', #4109, #8496 ) ;
#8391 = ORIENTED_EDGE ( 'NONE', *, *, #1613, .F. ) ;
#8392 = AXIS2_PLACEMENT_3D ( 'NONE', #1962, #7670, #9017 ) ;
#8393 = DIRECTION ( 'NONE',  ( -0.000000000000000000, 0.000000000000000000, -1.000000000000000000 ) ) ;
#8394 = VERTEX_POINT ( 'NONE', #564 ) ;
#8395 = DIRECTION ( 'NONE',  ( -1.000000000000000000, 0.000000000000000000, -0.000000000000000000 ) ) ;
#8396 = CARTESIAN_POINT ( 'NONE',  ( -4.500000000000000888, 1.000000000000000000, 5.499999999999998224 ) ) ;
#8397 = DIRECTION ( 'NONE',  ( -0.000000000000000000, -1.000000000000000000, -0.000000000000000000 ) ) ;
#8398 = EDGE_CURVE ( 'NONE', #7423, #2498, #2699, .T. ) ;
#8399 = CARTESIAN_POINT ( 'NONE',  ( 2.650000000000000355, 1.000000000000000000, 7.500000000000000000 ) ) ;
#8400 = VECTOR ( 'NONE', #628, 1000.000000000000000 ) ;
#8401 = AXIS2_PLACEMENT_3D ( 'NONE', #3703, #5869, #5047 ) ;
#8402 = CARTESIAN_POINT ( 'NONE',  ( -4.549999999999998934, 1.000000000000000000, 0.000000000000000000 ) ) ;
#8403 = DIRECTION ( 'NONE',  ( 0.000000000000000000, 0.000000000000000000, -1.000000000000000000 ) ) ;
#8404 = EDGE_LOOP ( 'NONE', ( #5851, #8740, #5070, #3971 ) ) ;
#8405 = DIRECTION ( 'NONE',  ( -1.000000000000000000, -0.000000000000000000, -0.000000000000000000 ) ) ;
#8406 = VECTOR ( 'NONE', #831, 1000.000000000000000 ) ;
#8407 = ORIENTED_EDGE ( 'NONE', *, *, #2707, .T. ) ;
#8408 = EDGE_CURVE ( 'NONE', #6646, #8040, #1257, .T. ) ;
#8409 = VERTEX_POINT ( 'NONE', #1303 ) ;
#8410 = PLANE ( 'NONE',  #7256 ) ;
#8411 = LINE ( 'NONE', #3334, #4082 ) ;
#8412 = FACE_BOUND ( 'NONE', #2957, .T. ) ;
#8413 = LINE ( 'NONE', #9072, #4919 ) ;
#8414 = VECTOR ( 'NONE', #4333, 1000.000000000000000 ) ;
#8415 = ORIENTED_EDGE ( 'NONE', *, *, #8122, .T. ) ;
#8416 = CARTESIAN_POINT ( 'NONE',  ( 0.000000000000000000, 0.000000000000000000, 0.000000000000000000 ) ) ;
#8417 = EDGE_CURVE ( 'NONE', #7332, #6677, #6876, .T. ) ;
#8418 = ITEM_DEFINED_TRANSFORMATION ( 'NONE', 'NONE', #776,  #2096 ) ;
#8419 = UNCERTAINTY_MEASURE_WITH_UNIT (LENGTH_MEASURE( 1.000000000000000082E-05 ), #6994, 'distance_accuracy_value', 'NONE');
#8420 = EDGE_LOOP ( 'NONE', ( #8471, #1293, #2117, #2105 ) ) ;
#8421 = ORIENTED_EDGE ( 'NONE', *, *, #6895, .F. ) ;
#8422 = FACE_BOUND ( 'NONE', #6257, .T. ) ;
#8423 = CARTESIAN_POINT ( 'NONE',  ( 7.500000000000000000, 3.343074902771997259, -3.049999999999999378 ) ) ;
#8424 = VERTEX_POINT ( 'NONE', #1165 ) ;
#8425 = SURFACE_STYLE_FILL_AREA ( #4226 ) ;
#8426 = ADVANCED_BREP_SHAPE_REPRESENTATION ( '', ( #8905, #2096 ), #1951 ) ;
#8427 = AXIS2_PLACEMENT_3D ( 'NONE', #4911, #7726, #7028 ) ;
#8428 = PRODUCT_DEFINITION_SHAPE ( 'NONE', 'NONE',  #9159 ) ;
#8429 = CARTESIAN_POINT ( 'NONE',  ( 0.000000000000000000, 1.000000000000000000, -2.649999999999999911 ) ) ;
#8430 = ADVANCED_FACE ( 'NONE', ( #5398 ), #2512, .F. ) ;
#8431 = DIRECTION ( 'NONE',  ( 1.000000000000000000, 0.000000000000000000, 0.000000000000000000 ) ) ;
#8432 = ORIENTED_EDGE ( 'NONE', *, *, #5072, .T. ) ;
#8433 = EDGE_CURVE ( 'NONE', #1224, #3699, #8953, .T. ) ;
#8434 = ADVANCED_FACE ( 'NONE', ( #6919 ), #8338, .T. ) ;
#8435 = MANIFOLD_SOLID_BREP ( 'Substrate 1', #2915 ) ;
#8436 = DIRECTION ( 'NONE',  ( 0.000000000000000000, 1.000000000000000000, 0.000000000000000000 ) ) ;
#8437 = LINE ( 'NONE', #6196, #5585 ) ;
#8438 = LINE ( 'NONE', #2136, #4081 ) ;
#8439 = ORIENTED_EDGE ( 'NONE', *, *, #8579, .T. ) ;
#8440 = LINE ( 'NONE', #2094, #4127 ) ;
#8441 = ORIENTED_EDGE ( 'NONE', *, *, #4430, .F. ) ;
#8442 = SHAPE_REPRESENTATION ( 'SAM-M8Q-0-10_8', ( #2096 ), #181 ) ;
#8443 = ADVANCED_FACE ( 'NONE', ( #9001 ), #5539, .T. ) ;
#8444 = DIRECTION ( 'NONE',  ( 1.000000000000000000, 0.000000000000000000, -0.000000000000000000 ) ) ;
#8445 = CARTESIAN_POINT ( 'NONE',  ( 0.000000000000000000, 3.343074902771997259, 5.700000000000000178 ) ) ;
#8446 = PLANE ( 'NONE',  #7664 ) ;
#8447 = PRESENTATION_LAYER_ASSIGNMENT (  '', '', ( #2981 ) ) ;
#8448 = CARTESIAN_POINT ( 'NONE',  ( 7.500000000000000000, 2.399999999999999467, 6.000000000000000000 ) ) ;
#8449 = ORIENTED_EDGE ( 'NONE', *, *, #5196, .T. ) ;
#8450 = CARTESIAN_POINT ( 'NONE',  ( 0.7500000000000008882, 1.000000000000000000, -5.700000000000000178 ) ) ;
#8451 = ORIENTED_EDGE ( 'NONE', *, *, #8528, .F. ) ;
#8452 = APPLICATION_CONTEXT ( 'automotive_design' ) ;
#8453 = VECTOR ( 'NONE', #6775, 1000.000000000000000 ) ;
#8454 = VERTEX_POINT ( 'NONE', #4793 ) ;
#8455 = CARTESIAN_POINT ( 'NONE',  ( -3.050000000000001155, 1.000000000000000000, 0.000000000000000000 ) ) ;
#8456 = DIRECTION ( 'NONE',  ( -0.7071067811865473507, 0.000000000000000000, -0.7071067811865477948 ) ) ;
#8457 = CARTESIAN_POINT ( 'NONE',  ( -1.149999999999999245, 1.000000000000000000, -5.700000000000000178 ) ) ;
#8458 = PLANE ( 'NONE',  #8102 ) ;
#8459 = ORIENTED_EDGE ( 'NONE', *, *, #5463, .T. ) ;
#8460 = LINE ( 'NONE', #773, #1873 ) ;
#8461 = EDGE_CURVE ( 'NONE', #7554, #7134, #4363, .T. ) ;
#8462 = VERTEX_POINT ( 'NONE', #4101 ) ;
#8463 = ADVANCED_FACE ( 'NONE', ( #7652 ), #3445, .T. ) ;
#8464 = EDGE_LOOP ( 'NONE', ( #6768, #7819, #8932, #1237 ) ) ;
#8465 = MANIFOLD_SOLID_BREP ( 'Pin 5', #977 ) ;
#8466 = ADVANCED_FACE ( 'NONE', ( #2919 ), #2789, .F. ) ;
#8467 = ORIENTED_EDGE ( 'NONE', *, *, #8516, .T. ) ;
#8468 = DIRECTION ( 'NONE',  ( 0.000000000000000000, 0.000000000000000000, 1.000000000000000000 ) ) ;
#8469 = DIRECTION ( 'NONE',  ( 0.000000000000000000, -0.000000000000000000, 1.000000000000000000 ) ) ;
#8470 = DIRECTION ( 'NONE',  ( 1.000000000000000000, 0.000000000000000000, -0.000000000000000000 ) ) ;
#8471 = ORIENTED_EDGE ( 'NONE', *, *, #4903, .F. ) ;
#8472 = UNCERTAINTY_MEASURE_WITH_UNIT (LENGTH_MEASURE( 1.000000000000000082E-05 ), #3226, 'distance_accuracy_value', 'NONE');
#8473 = PRODUCT_DEFINITION_FORMATION_WITH_SPECIFIED_SOURCE ( 'ANY', '', #2459, .NOT_KNOWN. ) ;
#8474 = LINE ( 'NONE', #822, #6546 ) ;
#8475 = EDGE_CURVE ( 'NONE', #5009, #5387, #7741, .T. ) ;
#8476 = SHAPE_DEFINITION_REPRESENTATION ( #8743, #6509 ) ;
#8477 = EDGE_LOOP ( 'NONE', ( #5286, #3053, #4483, #3866 ) ) ;
#8478 = CARTESIAN_POINT ( 'NONE',  ( 5.700000000000000178, 1.000000000000000000, -0.7499999999999997780 ) ) ;
#8479 = LINE ( 'NONE', #3493, #3392 ) ;
#8480 = CARTESIAN_POINT ( 'NONE',  ( -7.500000000000000000, 1.000000000000000000, -1.150000000000001021 ) ) ;
#8481 = DIRECTION ( 'NONE',  ( 0.000000000000000000, -0.000000000000000000, 1.000000000000000000 ) ) ;
#8482 = VERTEX_POINT ( 'NONE', #7785 ) ;
#8483 = CARTESIAN_POINT ( 'NONE',  ( 7.499999999999999112, 2.399999999999999467, -6.000000000000000888 ) ) ;
#8484 =( REPRESENTATION_RELATIONSHIP ('NONE','NONE', #464, #8943 ) REPRESENTATION_RELATIONSHIP_WITH_TRANSFORMATION ( #8418 )SHAPE_REPRESENTATION_RELATIONSHIP( ) );
#8485 = CARTESIAN_POINT ( 'NONE',  ( -4.750000000000000888, 5.799999999999999822, -4.750000000000000000 ) ) ;
#8486 = FILL_AREA_STYLE ('',( #3552 ) ) ;
#8487 = AXIS2_PLACEMENT_3D ( 'NONE', #4972, #2832, #8518 ) ;
#8488 = VECTOR ( 'NONE', #7779, 1000.000000000000000 ) ;
#8489 = CARTESIAN_POINT ( 'NONE',  ( 7.499999999999999112, 1.000000000000000000, 3.050000000000001599 ) ) ;
#8490 = LINE ( 'NONE', #2146, #3638 ) ;
#8491 = FACE_OUTER_BOUND ( 'NONE', #4592, .T. ) ;
#8492 =( LENGTH_UNIT ( ) NAMED_UNIT ( * ) SI_UNIT ( .MILLI., .METRE. ) );
#8493 = ORIENTED_EDGE ( 'NONE', *, *, #7432, .F. ) ;
#8494 = CARTESIAN_POINT ( 'NONE',  ( 7.500000000000000000, 0.000000000000000000, 0.7500000000000006661 ) ) ;
#8495 = VERTEX_POINT ( 'NONE', #1353 ) ;
#8496 = VECTOR ( 'NONE', #4892, 1000.000000000000000 ) ;
#8497 = VERTEX_POINT ( 'NONE', #7136 ) ;
#8498 = DIRECTION ( 'NONE',  ( 0.000000000000000000, -0.000000000000000000, 1.000000000000000000 ) ) ;
#8499 = ADVANCED_FACE ( 'NONE', ( #1390 ), #2045, .F. ) ;
#8500 = DIRECTION ( 'NONE',  ( -0.000000000000000000, -1.000000000000000000, -0.000000000000000000 ) ) ;
#8501 = DIRECTION ( 'NONE',  ( 0.000000000000000000, -0.000000000000000000, 1.000000000000000000 ) ) ;
#8502 = PRODUCT_DEFINITION_SHAPE ( 'NONE', 'NONE',  #9162 ) ;
#8503 = LINE ( 'NONE', #3654, #3820 ) ;
#8504 = ORIENTED_EDGE ( 'NONE', *, *, #7999, .T. ) ;
#8505 = CARTESIAN_POINT ( 'NONE',  ( 0.000000000000000000, 1.000000000000000000, -3.049999999999999378 ) ) ;
#8506 = DIRECTION ( 'NONE',  ( 0.000000000000000000, -1.000000000000000000, 0.000000000000000000 ) ) ;
#8507 = VECTOR ( 'NONE', #5926, 1000.000000000000000 ) ;
#8508 = VERTEX_POINT ( 'NONE', #7044 ) ;
#8509 = ORIENTED_EDGE ( 'NONE', *, *, #516, .T. ) ;
#8510 = CARTESIAN_POINT ( 'NONE',  ( 4.749999999999998224, 5.799999999999999822, 4.750000000000000000 ) ) ;
#8511 = DIRECTION ( 'NONE',  ( 0.000000000000000000, -1.000000000000000000, 0.000000000000000000 ) ) ;
#8512 = STYLED_ITEM ( 'NONE', ( #8664 ), #3031 ) ;
#8513 = DIRECTION ( 'NONE',  ( -0.000000000000000000, -1.000000000000000000, -0.000000000000000000 ) ) ;
#8514 = EDGE_LOOP ( 'NONE', ( #4009, #7749, #2725, #8729 ) ) ;
#8515 = EDGE_CURVE ( 'NONE', #4173, #5831, #4270, .T. ) ;
#8516 = EDGE_CURVE ( 'NONE', #720, #2804, #5305, .T. ) ;
#8517 = CARTESIAN_POINT ( 'NONE',  ( -0.7499999999999993339, 1.000000000000000000, -7.500000000000000000 ) ) ;
#8518 = DIRECTION ( 'NONE',  ( 0.000000000000000000, 0.000000000000000000, 1.000000000000000000 ) ) ;
#8519 = ORIENTED_EDGE ( 'NONE', *, *, #2210, .F. ) ;
#8520 = CARTESIAN_POINT ( 'NONE',  ( 6.000000000000000000, 2.399999999999999467, -6.999999999999999112 ) ) ;
#8521 = CARTESIAN_POINT ( 'NONE',  ( 2.650000000000000355, 0.000000000000000000, 5.700000000000000178 ) ) ;
#8522 = PRESENTATION_LAYER_ASSIGNMENT (  '', '', ( #6030 ) ) ;
#8523 = FACE_OUTER_BOUND ( 'NONE', #4168, .T. ) ;
#8524 = DIRECTION ( 'NONE',  ( -0.000000000000000000, -1.000000000000000000, 0.000000000000000000 ) ) ;
#8525 =( NAMED_UNIT ( * ) PLANE_ANGLE_UNIT ( ) SI_UNIT ( $, .RADIAN. ) );
#8526 = VERTEX_POINT ( 'NONE', #3675 ) ;
#8527 = DIRECTION ( 'NONE',  ( 0.000000000000000000, 0.000000000000000000, 1.000000000000000000 ) ) ;
#8528 = EDGE_CURVE ( 'NONE', #7723, #3849, #4186, .T. ) ;
#8529 = AXIS2_PLACEMENT_3D ( 'NONE', #8520, #4071, #5552 ) ;
#8530 = AXIS2_PLACEMENT_3D ( 'NONE', #4304, #7731, #1379 ) ;
#8531 = DIRECTION ( 'NONE',  ( -0.000000000000000000, -1.000000000000000000, -0.000000000000000000 ) ) ;
#8532 = PLANE ( 'NONE',  #3974 ) ;
#8533 = AXIS2_PLACEMENT_3D ( 'NONE', #4162, #6982, #3978 ) ;
#8534 = FACE_OUTER_BOUND ( 'NONE', #8196, .T. ) ;
#8535 = AXIS2_PLACEMENT_3D ( 'NONE', #5357, #8160, #5252 ) ;
#8536 = SURFACE_STYLE_USAGE ( .BOTH. , #1538 ) ;
#8537 = DIRECTION ( 'NONE',  ( 0.000000000000000000, 0.000000000000000000, 1.000000000000000000 ) ) ;
#8538 = EDGE_LOOP ( 'NONE', ( #2923, #4646, #345, #3457 ) ) ;
#8539 = ADVANCED_BREP_SHAPE_REPRESENTATION ( '', ( #3031, #2096 ), #5383 ) ;
#8540 = CARTESIAN_POINT ( 'NONE',  ( -1.149999999999999023, 0.000000000000000000, 0.000000000000000000 ) ) ;
#8541 = EDGE_CURVE ( 'NONE', #6572, #8462, #3537, .T. ) ;
#8542 = EDGE_LOOP ( 'NONE', ( #5578, #6288, #2713, #4572 ) ) ;
#8543 = MECHANICAL_DESIGN_GEOMETRIC_PRESENTATION_REPRESENTATION (  '', ( #7523 ), #4560 ) ;
#8544 = PRODUCT_DEFINITION_CONTEXT ( 'detailed design', #7524, 'design' ) ;
#8545 = ORIENTED_EDGE ( 'NONE', *, *, #6437, .T. ) ;
#8546 = FACE_OUTER_BOUND ( 'NONE', #2573, .T. ) ;
#8547 = VECTOR ( 'NONE', #5324, 1000.000000000000000 ) ;
#8548 = CARTESIAN_POINT ( 'NONE',  ( -7.299999999999999822, 1.800000000000000266, -7.299999999999999822 ) ) ;
#8549 = DIRECTION ( 'NONE',  ( 0.000000000000000000, -0.000000000000000000, -1.000000000000000000 ) ) ;
#8550 = ORIENTED_EDGE ( 'NONE', *, *, #3722, .F. ) ;
#8551 = LINE ( 'NONE', #2294, #6645 ) ;
#8552 = AXIS2_PLACEMENT_3D ( 'NONE', #5132, #2903, #7265 ) ;
#8553 = DIRECTION ( 'NONE',  ( 0.000000000000000000, -0.000000000000000000, -1.000000000000000000 ) ) ;
#8554 = CONTEXT_DEPENDENT_SHAPE_REPRESENTATION ( #1804, #6305 ) ;
#8555 = EDGE_CURVE ( 'NONE', #8210, #9117, #4359, .T. ) ;
#8556 = ORIENTED_EDGE ( 'NONE', *, *, #5992, .T. ) ;
#8557 = VECTOR ( 'NONE', #8328, 1000.000000000000000 ) ;
#8558 = ORIENTED_EDGE ( 'NONE', *, *, #369, .F. ) ;
#8559 = VECTOR ( 'NONE', #6211, 1000.000000000000000 ) ;
#8560 = EDGE_CURVE ( 'NONE', #7405, #1433, #4313, .T. ) ;
#8561 = CARTESIAN_POINT ( 'NONE',  ( 0.000000000000000000, 0.000000000000000000, -3.050000000000002043 ) ) ;
#8562 = DIRECTION ( 'NONE',  ( 0.000000000000000000, -0.000000000000000000, -1.000000000000000000 ) ) ;
#8563 = DIRECTION ( 'NONE',  ( -1.000000000000000000, 0.000000000000000000, -0.000000000000000000 ) ) ;
#8564 = EDGE_CURVE ( 'NONE', #2765, #1692, #823, .T. ) ;
#8565 = ORIENTED_EDGE ( 'NONE', *, *, #7772, .F. ) ;
#8566 = B_SPLINE_CURVE_WITH_KNOTS ( 'NONE', 3,
 ( #8165, #2612, #5451, #8259, #1911, #2302, #6533, #3615, #174, #2168, #7131, #5791, #7171, #731, #3007, #85, #132, #2960 ),
 .UNSPECIFIED., .F., .F.,
 ( 4, 1, 1, 2, 2, 2, 1, 1, 2, 2, 4 ),
 ( 0.000000000000000000, 0.1250000000000029698, 0.1875000000000053013, 0.2187500000000053846, 0.2500000000000054956, 0.5000000000000042188, 0.6250000000000035527, 0.6875000000000025535, 0.7187500000000024425, 0.7500000000000022204, 1.000000000000000000 ),
 .UNSPECIFIED. ) ;
#8567 = CARTESIAN_POINT ( 'NONE',  ( 2.650000000000001243, 0.000000000000000000, -7.500000000000000000 ) ) ;
#8568 = DIRECTION ( 'NONE',  ( -0.000000000000000000, 1.000000000000000000, 0.000000000000000000 ) ) ;
#8569 = ORIENTED_EDGE ( 'NONE', *, *, #5879, .T. ) ;
#8570 = EDGE_CURVE ( 'NONE', #5253, #1679, #2741, .T. ) ;
#8571 = PLANE ( 'NONE',  #5145 ) ;
#8572 = VECTOR ( 'NONE', #4668, 1000.000000000000000 ) ;
#8573 = CARTESIAN_POINT ( 'NONE',  ( -5.700000000000001066, 0.000000000000000000, 4.549999999999998934 ) ) ;
#8574 = CARTESIAN_POINT ( 'NONE',  ( -4.500000000000000888, 1.000000000000000000, -4.500000000000001776 ) ) ;
#8575 = FACE_OUTER_BOUND ( 'NONE', #1900, .T. ) ;
#8576 =( NAMED_UNIT ( * ) PLANE_ANGLE_UNIT ( ) SI_UNIT ( $, .RADIAN. ) );
#8577 = ORIENTED_EDGE ( 'NONE', *, *, #7866, .F. ) ;
#8578 = PLANE ( 'NONE',  #7366 ) ;
#8579 = EDGE_CURVE ( 'NONE', #1745, #7695, #648, .T. ) ;
#8580 = EDGE_CURVE ( 'NONE', #3957, #6923, #4930, .T. ) ;
#8581 = EDGE_CURVE ( 'NONE', #7845, #7764, #5146, .T. ) ;
#8582 = FACE_OUTER_BOUND ( 'NONE', #7911, .T. ) ;
#8583 = ADVANCED_FACE ( 'NONE', ( #180 ), #872, .F. ) ;
#8584 = PLANE ( 'NONE',  #3523 ) ;
#8585 =( LENGTH_UNIT ( ) NAMED_UNIT ( * ) SI_UNIT ( .MILLI., .METRE. ) );
#8586 = FACE_OUTER_BOUND ( 'NONE', #458, .T. ) ;
#8587 = SHAPE_REPRESENTATION_RELATIONSHIP ( 'NONE' , 'NONE' ,  #3772, #6903 ) ;
#8588 = EDGE_LOOP ( 'NONE', ( #4157, #2087, #4692 ) ) ;
#8589 = DIRECTION ( 'NONE',  ( 0.000000000000000000, -0.000000000000000000, -1.000000000000000000 ) ) ;
#8590 = ORIENTED_EDGE ( 'NONE', *, *, #7337, .T. ) ;
#8591 = ORIENTED_EDGE ( 'NONE', *, *, #5599, .F. ) ;
#8592 = CARTESIAN_POINT ( 'NONE',  ( -0.7500000000000002220, 0.000000000000000000, 7.500000000000000000 ) ) ;
#8593 = LINE ( 'NONE', #7897, #4012 ) ;
#8594 = CARTESIAN_POINT ( 'NONE',  ( 7.500000000000000000, 1.000000000000000000, 1.150000000000000133 ) ) ;
#8595 = VECTOR ( 'NONE', #7687, 1000.000000000000000 ) ;
#8596 = EDGE_LOOP ( 'NONE', ( #6498, #3115, #8845, #3747 ) ) ;
#8597 = CARTESIAN_POINT ( 'NONE',  ( -0.7500000000000002220, 1.000000000000000000, 7.500000000000000000 ) ) ;
#8598 = AXIS2_PLACEMENT_3D ( 'NONE', #7072, #2286, #2949 ) ;
#8599 = PLANE ( 'NONE',  #1430 ) ;
#8600 = ORIENTED_EDGE ( 'NONE', *, *, #5135, .T. ) ;
#8601 = PRESENTATION_LAYER_ASSIGNMENT (  '', '', ( #3441 ) ) ;
#8602 = EDGE_LOOP ( 'NONE', ( #7855, #7457, #7248, #5838 ) ) ;
#8603 = DIRECTION ( 'NONE',  ( -5.782411586589355667E-16, 0.000000000000000000, 1.000000000000000000 ) ) ;
#8604 = CARTESIAN_POINT ( 'NONE',  ( -5.700000000000001066, 1.000000000000000000, 4.549999999999998934 ) ) ;
#8605 = CARTESIAN_POINT ( 'NONE',  ( -6.000000000000002665, 1.899999999999999689, 7.292893218813450318 ) ) ;
#8606 = ORIENTED_EDGE ( 'NONE', *, *, #8692, .F. ) ;
#8607 =( LENGTH_UNIT ( ) NAMED_UNIT ( * ) SI_UNIT ( .MILLI., .METRE. ) );
#8608 = CARTESIAN_POINT ( 'NONE',  ( -3.049999999999998934, 0.000000000000000000, -5.700000000000000178 ) ) ;
#8609 = APPLICATION_PROTOCOL_DEFINITION ( 'draft international standard', 'automotive_design', 1998, #54 ) ;
#8610 = ORIENTED_EDGE ( 'NONE', *, *, #1434, .F. ) ;
#8611 = VERTEX_POINT ( 'NONE', #221 ) ;
#8612 = CARTESIAN_POINT ( 'NONE',  ( 6.000000000000000000, 1.899999999999999689, 6.999999999999999112 ) ) ;
#8613 = PRODUCT_DEFINITION_FORMATION_WITH_SPECIFIED_SOURCE ( 'ANY', '', #5323, .NOT_KNOWN. ) ;
#8614 = FACE_BOUND ( 'NONE', #2492, .T. ) ;
#8615 = PLANE ( 'NONE',  #7765 ) ;
#8616 = SHAPE_REPRESENTATION_RELATIONSHIP ( 'NONE' , 'NONE' ,  #8943, #255 ) ;
#8617 = ORIENTED_EDGE ( 'NONE', *, *, #8106, .F. ) ;
#8618 = CARTESIAN_POINT ( 'NONE',  ( 7.500000000000000000, 0.000000000000000000, -0.7499999999999997780 ) ) ;
#8619 = DIRECTION ( 'NONE',  ( 0.000000000000000000, 1.000000000000000000, 0.000000000000000000 ) ) ;
#8620 = APPLICATION_CONTEXT ( 'automotive_design' ) ;
#8621 = PLANE ( 'NONE',  #813 ) ;
#8622 = EDGE_CURVE ( 'NONE', #2359, #3655, #7368, .T. ) ;
#8623 = DIRECTION ( 'NONE',  ( 5.782411586589354681E-16, 0.000000000000000000, -1.000000000000000000 ) ) ;
#8624 = EDGE_CURVE ( 'NONE', #605, #8321, #1065, .T. ) ;
#8625 = ORIENTED_EDGE ( 'NONE', *, *, #8138, .F. ) ;
#8626 = DIRECTION ( 'NONE',  ( -1.204669080539449837E-16, 0.000000000000000000, 1.000000000000000000 ) ) ;
#8627 = ORIENTED_EDGE ( 'NONE', *, *, #3758, .T. ) ;
#8628 = VERTEX_POINT ( 'NONE', #6496 ) ;
#8629 = DIRECTION ( 'NONE',  ( 1.000000000000000000, 0.000000000000000000, 5.782411586589360597E-16 ) ) ;
#8630 = VECTOR ( 'NONE', #6489, 1000.000000000000000 ) ;
#8631 = DIRECTION ( 'NONE',  ( 0.000000000000000000, 1.000000000000000000, 0.000000000000000000 ) ) ;
#8632 = DIRECTION ( 'NONE',  ( 0.000000000000000000, 0.000000000000000000, -1.000000000000000000 ) ) ;
#8633 = LINE ( 'NONE', #7262, #1162 ) ;
#8634 = EDGE_LOOP ( 'NONE', ( #2813, #960, #7071, #3316 ) ) ;
#8635 = CARTESIAN_POINT ( 'NONE',  ( 0.000000000000000000, 0.000000000000000000, 5.700000000000000178 ) ) ;
#8636 = DIRECTION ( 'NONE',  ( 0.000000000000000000, -0.000000000000000000, 1.000000000000000000 ) ) ;
#8637 = VECTOR ( 'NONE', #5406, 1000.000000000000000 ) ;
#8638 = ORIENTED_EDGE ( 'NONE', *, *, #5832, .F. ) ;
#8639 = ORIENTED_EDGE ( 'NONE', *, *, #4074, .T. ) ;
#8640 = DIRECTION ( 'NONE',  ( 0.000000000000000000, 1.000000000000000000, 0.000000000000000000 ) ) ;
#8641 = LINE ( 'NONE', #911, #4145 ) ;
#8642 = FACE_OUTER_BOUND ( 'NONE', #1591, .T. ) ;
#8643 = VERTEX_POINT ( 'NONE', #4590 ) ;
#8644 = DIRECTION ( 'NONE',  ( 1.000000000000000000, 0.000000000000000000, -0.000000000000000000 ) ) ;
#8645 = CARTESIAN_POINT ( 'NONE',  ( 0.000000000000000000, -7.635028842544401506, 0.8000000000000000444 ) ) ;
#8646 = APPLICATION_PROTOCOL_DEFINITION ( 'draft international standard', 'automotive_design', 1998, #8452 ) ;
#8647 = ADVANCED_BREP_SHAPE_REPRESENTATION ( '', ( #8737, #2096 ), #6860 ) ;
#8648 = EDGE_LOOP ( 'NONE', ( #6797, #7725, #8916, #7008 ) ) ;
#8649 = VERTEX_POINT ( 'NONE', #1656 ) ;
#8650 = CIRCLE ( 'NONE', #4979, 1.499999999999999556 ) ;
#8651 = EDGE_CURVE ( 'NONE', #8332, #3602, #401, .T. ) ;
#8652 = DIRECTION ( 'NONE',  ( -0.000000000000000000, 0.000000000000000000, -1.000000000000000000 ) ) ;
#8653 = FACE_OUTER_BOUND ( 'NONE', #892, .T. ) ;
#8654 = SURFACE_STYLE_FILL_AREA ( #1805 ) ;
#8655 = DIRECTION ( 'NONE',  ( 1.000000000000000000, 0.000000000000000000, 1.204669080539449837E-16 ) ) ;
#8656 = ORIENTED_EDGE ( 'NONE', *, *, #5849, .F. ) ;
#8657 = CARTESIAN_POINT ( 'NONE',  ( 0.7500000000000002220, 0.000000000000000000, 7.500000000000000000 ) ) ;
#8658 = EDGE_CURVE ( 'NONE', #2538, #6958, #5841, .T. ) ;
#8659 = PRODUCT_DEFINITION_SHAPE ( 'NONE', 'NONE',  #7000 ) ;
#8660 = AXIS2_PLACEMENT_3D ( 'NONE', #4900, #4239, #3550 ) ;
#8661 = DIRECTION ( 'NONE',  ( 0.000000000000000000, 0.000000000000000000, -1.000000000000000000 ) ) ;
#8662 = ORIENTED_EDGE ( 'NONE', *, *, #2129, .T. ) ;
#8663 = LINE ( 'NONE', #3775, #8093 ) ;
#8664 = PRESENTATION_STYLE_ASSIGNMENT (( #4422 ) ) ;
#8665 = DIRECTION ( 'NONE',  ( -1.000000000000000000, 0.000000000000000000, -4.818676322157799347E-16 ) ) ;
#8666 = ORIENTED_EDGE ( 'NONE', *, *, #5441, .T. ) ;
#8667 = DIRECTION ( 'NONE',  ( 1.000000000000000000, 0.000000000000000000, -0.000000000000000000 ) ) ;
#8668 = CIRCLE ( 'NONE', #7798, 1.499999999999999556 ) ;
#8669 = VECTOR ( 'NONE', #1246, 1000.000000000000000 ) ;
#8670 = ORIENTED_EDGE ( 'NONE', *, *, #7078, .F. ) ;
#8671 = ORIENTED_EDGE ( 'NONE', *, *, #8035, .F. ) ;
#8672 = DIRECTION ( 'NONE',  ( 0.000000000000000000, 0.000000000000000000, 1.000000000000000000 ) ) ;
#8673 = ADVANCED_FACE ( 'NONE', ( #7412 ), #914, .F. ) ;
#8674 = VECTOR ( 'NONE', #4118, 1000.000000000000000 ) ;
#8675 = VECTOR ( 'NONE', #3814, 1000.000000000000000 ) ;
#8676 = CARTESIAN_POINT ( 'NONE',  ( 3.049999999999999822, 0.000000000000000000, 0.000000000000000000 ) ) ;
#8677 = DIRECTION ( 'NONE',  ( 0.000000000000000000, 0.000000000000000000, -1.000000000000000000 ) ) ;
#8678 = CARTESIAN_POINT ( 'NONE',  ( -7.500000000000001776, 1.000000000000000000, 4.549999999999998934 ) ) ;
#8679 = AXIS2_PLACEMENT_3D ( 'NONE', #3344, #6083, #5982 ) ;
#8680 = SHAPE_REPRESENTATION ( 'SAM-M8Q-0-10_1', ( #2096 ), #6696 ) ;
#8681 = VERTEX_POINT ( 'NONE', #8049 ) ;
#8682 = CARTESIAN_POINT ( 'NONE',  ( -5.699999999999998401, 0.000000000000000000, -4.550000000000000711 ) ) ;
#8683 = DIRECTION ( 'NONE',  ( 4.818676322157799347E-16, 0.000000000000000000, 1.000000000000000000 ) ) ;
#8684 = VECTOR ( 'NONE', #5376, 1000.000000000000000 ) ;
#8685 = VECTOR ( 'NONE', #4901, 1000.000000000000000 ) ;
#8686 = EDGE_LOOP ( 'NONE', ( #6901, #7821, #2178, #3078, #2292, #363, #3074, #2824 ) ) ;
#8687 = EDGE_CURVE ( 'NONE', #4393, #2055, #311, .T. ) ;
#8688 = PRODUCT_DEFINITION_SHAPE ( 'NONE', 'NONE',  #5388 ) ;
#8689 = VERTEX_POINT ( 'NONE', #7960 ) ;
#8690 = LINE ( 'NONE', #8561, #8630 ) ;
#8691 = DIRECTION ( 'NONE',  ( 1.000000000000000000, -0.000000000000000000, 0.000000000000000000 ) ) ;
#8692 = EDGE_CURVE ( 'NONE', #8689, #5776, #8698, .T. ) ;
#8693 = CARTESIAN_POINT ( 'NONE',  ( -0.7500000000000002220, 1.000000000000000000, 5.700000000000000178 ) ) ;
#8694 = ORIENTED_EDGE ( 'NONE', *, *, #5677, .T. ) ;
#8695 = EDGE_CURVE ( 'NONE', #6813, #7405, #958, .T. ) ;
#8696 = VECTOR ( 'NONE', #4558, 1000.000000000000000 ) ;
#8697 = VECTOR ( 'NONE', #7852, 1000.000000000000000 ) ;
#8698 = LINE ( 'NONE', #8608, #7517 ) ;
#8699 = APPLICATION_PROTOCOL_DEFINITION ( 'draft international standard', 'automotive_design', 1998, #4210 ) ;
#8700 = ORIENTED_EDGE ( 'NONE', *, *, #7398, .T. ) ;
#8701 = ORIENTED_EDGE ( 'NONE', *, *, #6784, .F. ) ;
#8702 = VECTOR ( 'NONE', #7856, 1000.000000000000000 ) ;
#8703 = LINE ( 'NONE', #6500, #7356 ) ;
#8704 = STYLED_ITEM ( 'NONE', ( #710 ), #2908 ) ;
#8705 = CARTESIAN_POINT ( 'NONE',  ( 7.500000000000000000, 1.000000000000000000, -4.549999999999998934 ) ) ;
#8706 = LINE ( 'NONE', #2365, #7757 ) ;
#8707 = EDGE_CURVE ( 'NONE', #3413, #7907, #1009, .T. ) ;
#8708 = ORIENTED_EDGE ( 'NONE', *, *, #2218, .T. ) ;
#8709 = DIRECTION ( 'NONE',  ( 0.000000000000000000, -1.000000000000000000, 0.000000000000000000 ) ) ;
#8710 = ORIENTED_EDGE ( 'NONE', *, *, #8350, .T. ) ;
#8711 = EDGE_CURVE ( 'NONE', #5063, #9095, #3050, .T. ) ;
#8712 = EDGE_CURVE ( 'NONE', #3100, #4456, #8746, .T. ) ;
#8713 = DIRECTION ( 'NONE',  ( -1.000000000000000000, 0.000000000000000000, -2.409338161078899674E-16 ) ) ;
#8714 = ORIENTED_EDGE ( 'NONE', *, *, #1831, .F. ) ;
#8715 = DIRECTION ( 'NONE',  ( -1.000000000000000000, -0.000000000000000000, -5.782411586589355667E-16 ) ) ;
#8716 = LINE ( 'NONE', #1813, #3042 ) ;
#8717 = LINE ( 'NONE', #1723, #3632 ) ;
#8718 =( NAMED_UNIT ( * ) PLANE_ANGLE_UNIT ( ) SI_UNIT ( $, .RADIAN. ) );
#8719 = ORIENTED_EDGE ( 'NONE', *, *, #8398, .F. ) ;
#8720 = LINE ( 'NONE', #2943, #6028 ) ;
#8721 = VECTOR ( 'NONE', #1823, 1000.000000000000000 ) ;
#8722 = EDGE_LOOP ( 'NONE', ( #7341, #7994, #244, #247 ) ) ;
#8723 = VERTEX_POINT ( 'NONE', #7912 ) ;
#8724 = CARTESIAN_POINT ( 'NONE',  ( 7.499999999999999112, 1.000000000000000000, 0.000000000000000000 ) ) ;
#8725 = DIRECTION ( 'NONE',  ( 0.000000000000000000, 0.000000000000000000, 1.000000000000000000 ) ) ;
#8726 = DIRECTION ( 'NONE',  ( 0.000000000000000000, 0.000000000000000000, -1.000000000000000000 ) ) ;
#8727 = DIRECTION ( 'NONE',  ( -0.000000000000000000, 0.000000000000000000, -1.000000000000000000 ) ) ;
#8728 = SURFACE_STYLE_USAGE ( .BOTH. , #946 ) ;
#8729 = ORIENTED_EDGE ( 'NONE', *, *, #1160, .F. ) ;
#8730 = DIRECTION ( 'NONE',  ( 0.000000000000000000, 1.000000000000000000, 0.000000000000000000 ) ) ;
#8731 = LINE ( 'NONE', #905, #982 ) ;
#8732 = ORIENTED_EDGE ( 'NONE', *, *, #4352, .T. ) ;
#8733 = ORIENTED_EDGE ( 'NONE', *, *, #1902, .T. ) ;
#8734 = DIRECTION ( 'NONE',  ( 0.000000000000000000, 0.000000000000000000, -1.000000000000000000 ) ) ;
#8735 = CARTESIAN_POINT ( 'NONE',  ( 6.585786437626904188, 1.899999999999999467, 6.999999999999999112 ) ) ;
#8736 = FACE_OUTER_BOUND ( 'NONE', #6678, .T. ) ;
#8737 = MANIFOLD_SOLID_BREP ( 'Pin 10', #5450 ) ;
#8738 = LINE ( 'NONE', #6818, #1785 ) ;
#8739 = VECTOR ( 'NONE', #2024, 1000.000000000000000 ) ;
#8740 = ORIENTED_EDGE ( 'NONE', *, *, #4470, .F. ) ;
#8741 = EDGE_CURVE ( 'NONE', #728, #2804, #5289, .T. ) ;
#8742 = ADVANCED_FACE ( 'NONE', ( #361 ), #1155, .T. ) ;
#8743 = PRODUCT_DEFINITION_SHAPE ( 'NONE', 'NONE',  #7679 ) ;
#8744 = CARTESIAN_POINT ( 'NONE',  ( 5.700000000000000178, 0.000000000000000000, -4.549999999999999822 ) ) ;
#8745 = VECTOR ( 'NONE', #4052, 1000.000000000000000 ) ;
#8747 = ADVANCED_FACE ( 'NONE', ( #6823 ), #6078, .T. ) ;
#8746 = LINE ( 'NONE', #2446, #5741 ) ;
#8748 = PRODUCT_CONTEXT ( 'NONE', #996, 'mechanical' ) ;
#8749 = ORIENTED_EDGE ( 'NONE', *, *, #2461, .F. ) ;
#8750 = VECTOR ( 'NONE', #5668, 1000.000000000000000 ) ;
#8751 = ORIENTED_EDGE ( 'NONE', *, *, #1612, .F. ) ;
#8752 =( REPRESENTATION_RELATIONSHIP ('NONE','NONE', #464, #2408 ) REPRESENTATION_RELATIONSHIP_WITH_TRANSFORMATION ( #5438 )SHAPE_REPRESENTATION_RELATIONSHIP( ) );
#8753 = DIRECTION ( 'NONE',  ( -1.000000000000000000, -0.000000000000000000, -0.000000000000000000 ) ) ;
#8754 = PLANE ( 'NONE',  #8112 ) ;
#8755 = LINE ( 'NONE', #3903, #5732 ) ;
#8756 = FACE_OUTER_BOUND ( 'NONE', #3782, .T. ) ;
#8757 = FACE_OUTER_BOUND ( 'NONE', #55, .T. ) ;
#8758 = ORIENTED_EDGE ( 'NONE', *, *, #6387, .F. ) ;
#8759 = AXIS2_PLACEMENT_3D ( 'NONE', #2742, #1258, #4147 ) ;
#8760 = LINE ( 'NONE', #191, #268 ) ;
#8761 = ORIENTED_EDGE ( 'NONE', *, *, #3394, .T. ) ;
#8762 = DIRECTION ( 'NONE',  ( 0.000000000000000000, -0.000000000000000000, -1.000000000000000000 ) ) ;
#8763 = CYLINDRICAL_SURFACE ( 'NONE', #226, 1.499999999999999556 ) ;
#8764 = CARTESIAN_POINT ( 'NONE',  ( -6.000000000000000000, 6.299999999999999822, 6.999999999999999112 ) ) ;
#8765 = VERTEX_POINT ( 'NONE', #4092 ) ;
#8766 = PRODUCT ( 'SAM-M8Q-0-10_22', 'SAM-M8Q-0-10_22', '', ( #3341 ) ) ;
#8767 = CARTESIAN_POINT ( 'NONE',  ( 7.292893218813452094, 1.899999999999999467, -6.000000000000001776 ) ) ;
#8768 = ORIENTED_EDGE ( 'NONE', *, *, #4507, .T. ) ;
#8769 = ORIENTED_EDGE ( 'NONE', *, *, #8868, .T. ) ;
#8770 = DIRECTION ( 'NONE',  ( -0.000000000000000000, -1.000000000000000000, -0.000000000000000000 ) ) ;
#8771 = EDGE_CURVE ( 'NONE', #6900, #1940, #1933, .T. ) ;
#8772 = DIRECTION ( 'NONE',  ( -0.000000000000000000, 0.000000000000000000, 1.000000000000000000 ) ) ;
#8773 = CARTESIAN_POINT ( 'NONE',  ( 3.749999999999999112, 6.800000000000001599, -4.750000000000000888 ) ) ;
#8774 = PLANE ( 'NONE',  #5487 ) ;
#8775 = PRESENTATION_STYLE_ASSIGNMENT (( #8034 ) ) ;
#8776 = EDGE_LOOP ( 'NONE', ( #2018, #9113, #6988, #4836 ) ) ;
#8777 = CARTESIAN_POINT ( 'NONE',  ( 6.000000000000000000, 2.399999999999999467, -7.500000000000000000 ) ) ;
#8778 = DIRECTION ( 'NONE',  ( 1.000000000000000000, 0.000000000000000000, 2.409338161078899674E-16 ) ) ;
#8779 = VERTEX_POINT ( 'NONE', #8942 ) ;
#8780 = EDGE_CURVE ( 'NONE', #4932, #4098, #5348, .T. ) ;
#8781 = VERTEX_POINT ( 'NONE', #1796 ) ;
#8782 = DIRECTION ( 'NONE',  ( 0.000000000000000000, 0.000000000000000000, -1.000000000000000000 ) ) ;
#8783 =( REPRESENTATION_RELATIONSHIP ('NONE','NONE', #464, #4314 ) REPRESENTATION_RELATIONSHIP_WITH_TRANSFORMATION ( #4689 )SHAPE_REPRESENTATION_RELATIONSHIP( ) );
#8784 = PLANE ( 'NONE',  #7615 ) ;
#8785 = CARTESIAN_POINT ( 'NONE',  ( 0.000000000000000000, 1.000000000000000000, 7.500000000000000000 ) ) ;
#8786 = DIRECTION ( 'NONE',  ( -0.000000000000000000, 0.000000000000000000, -1.000000000000000000 ) ) ;
#8787 = ORIENTED_EDGE ( 'NONE', *, *, #2585, .T. ) ;
#8788 = AXIS2_PLACEMENT_3D ( 'NONE', #5547, #430, #6930 ) ;
#8789 = AXIS2_PLACEMENT_3D ( 'NONE', #4961, #6142, #6734 ) ;
#8790 = PLANE ( 'NONE',  #2304 ) ;
#8791 = DIRECTION ( 'NONE',  ( 0.000000000000000000, 1.000000000000000000, 0.000000000000000000 ) ) ;
#8792 = APPLICATION_PROTOCOL_DEFINITION ( 'draft international standard', 'automotive_design', 1998, #3562 ) ;
#8793 = ORIENTED_EDGE ( 'NONE', *, *, #6937, .T. ) ;
#8794 = ORIENTED_EDGE ( 'NONE', *, *, #8687, .T. ) ;
#8795 = CIRCLE ( 'NONE', #1543, 0.5000000000000004441 ) ;
#8796 = PLANE ( 'NONE',  #2778 ) ;
#8797 = EDGE_CURVE ( 'NONE', #5033, #8643, #3298, .T. ) ;
#8798 = CARTESIAN_POINT ( 'NONE',  ( 1.385369442620367571E-16, 1.000000000000000000, -1.150000000000000133 ) ) ;
#8799 = LINE ( 'NONE', #7918, #8406 ) ;
#8800 = FACE_OUTER_BOUND ( 'NONE', #7598, .T. ) ;
#8801 = DIRECTION ( 'NONE',  ( 0.000000000000000000, 0.000000000000000000, -1.000000000000000000 ) ) ;
#8802 = CARTESIAN_POINT ( 'NONE',  ( 0.000000000000000000, 1.000000000000000000, -7.500000000000000000 ) ) ;
#8803 = ORIENTED_EDGE ( 'NONE', *, *, #6436, .T. ) ;
#8804 = PRESENTATION_LAYER_ASSIGNMENT (  '', '', ( #6006 ) ) ;
#8805 = CARTESIAN_POINT ( 'NONE',  ( -7.299999999999999822, 1.800000000000000266, -7.299999999999999822 ) ) ;
#8806 = VECTOR ( 'NONE', #5068, 1000.000000000000000 ) ;
#8807 = CARTESIAN_POINT ( 'NONE',  ( 4.499999999999999112, 1.000000000000000000, -4.500000000000001776 ) ) ;
#8808 = DIRECTION ( 'NONE',  ( 1.000000000000000000, 0.000000000000000000, -4.818676322157799347E-16 ) ) ;
#8809 = CARTESIAN_POINT ( 'NONE',  ( 0.000000000000000000, 1.000000000000000000, -2.650000000000001243 ) ) ;
#8810 = EDGE_CURVE ( 'NONE', #2285, #2964, #4687, .T. ) ;
#8811 = ORIENTED_EDGE ( 'NONE', *, *, #8849, .T. ) ;
#8812 = CARTESIAN_POINT ( 'NONE',  ( 6.000000000000000000, 2.107106781186546485, -7.500000000000000000 ) ) ;
#8813 = ORIENTED_EDGE ( 'NONE', *, *, #1988, .T. ) ;
#8814 = EDGE_LOOP ( 'NONE', ( #9118, #7704, #6318, #130, #4909, #5767 ) ) ;
#8815 = FACE_OUTER_BOUND ( 'NONE', #1096, .T. ) ;
#8816 = PRODUCT ( 'SAM-M8Q-0-10_4', 'SAM-M8Q-0-10_4', '', ( #6366 ) ) ;
#8817 = FACE_OUTER_BOUND ( 'NONE', #816, .T. ) ;
#8818 = CARTESIAN_POINT ( 'NONE',  ( -4.750000000000000888, 5.799999999999999822, -4.750000000000000000 ) ) ;
#8819 = DIRECTION ( 'NONE',  ( 0.000000000000000000, 0.000000000000000000, -1.000000000000000000 ) ) ;
#8820 = DIRECTION ( 'NONE',  ( -1.000000000000000000, 0.000000000000000000, 0.000000000000000000 ) ) ;
#8821 = ORIENTED_EDGE ( 'NONE', *, *, #8863, .F. ) ;
#8822 = EDGE_CURVE ( 'NONE', #309, #7934, #7655, .T. ) ;
#8823 = CARTESIAN_POINT ( 'NONE',  ( 0.7500000000000002220, 1.000000000000000000, 7.500000000000000000 ) ) ;
#8824 = VECTOR ( 'NONE', #1268, 1000.000000000000000 ) ;
#8825 =( LENGTH_UNIT ( ) NAMED_UNIT ( * ) SI_UNIT ( .MILLI., .METRE. ) );
#8826 = FACE_OUTER_BOUND ( 'NONE', #8161, .T. ) ;
#8827 = EDGE_CURVE ( 'NONE', #2351, #3957, #4739, .T. ) ;
#8828 = ORIENTED_EDGE ( 'NONE', *, *, #5007, .T. ) ;
#8829 = CLOSED_SHELL ( 'NONE', ( #3113, #2243, #8358, #1448, #6642, #2982 ) ) ;
#8830 = AXIS2_PLACEMENT_3D ( 'NONE', #3498, #6325, #1957 ) ;
#8831 = VECTOR ( 'NONE', #4309, 1000.000000000000000 ) ;
#8832 = ORIENTED_EDGE ( 'NONE', *, *, #8461, .T. ) ;
#8833 = CARTESIAN_POINT ( 'NONE',  ( -5.699999999999998401, 3.343074902771997259, -4.550000000000000711 ) ) ;
#8834 = VECTOR ( 'NONE', #7455, 1000.000000000000000 ) ;
#8835 = CARTESIAN_POINT ( 'NONE',  ( 0.000000000000000000, 1.000000000000000000, -1.149999999999999467 ) ) ;
#8836 = DIRECTION ( 'NONE',  ( -0.000000000000000000, -1.000000000000000000, -0.000000000000000000 ) ) ;
#8837 = LINE ( 'NONE', #8194, #1941 ) ;
#8838 = ORIENTED_EDGE ( 'NONE', *, *, #3673, .F. ) ;
#8839 = VECTOR ( 'NONE', #2848, 1000.000000000000000 ) ;
#8840 = MECHANICAL_DESIGN_GEOMETRIC_PRESENTATION_REPRESENTATION (  '', ( #260 ), #7425 ) ;
#8841 = ADVANCED_FACE ( 'NONE', ( #8238 ), #1891, .T. ) ;
#8842 = DIRECTION ( 'NONE',  ( -1.000000000000000000, 0.000000000000000000, -0.000000000000000000 ) ) ;
#8843 = CARTESIAN_POINT ( 'NONE',  ( -6.000000000000000000, 6.299999999999999822, -7.500000000000000000 ) ) ;
#8844 = APPLICATION_PROTOCOL_DEFINITION ( 'draft international standard', 'automotive_design', 1998, #3731 ) ;
#8845 = ORIENTED_EDGE ( 'NONE', *, *, #6789, .T. ) ;
#8846 = ORIENTED_EDGE ( 'NONE', *, *, #1141, .F. ) ;
#8847 = ADVANCED_FACE ( 'NONE', ( #4046 ), #3893, .F. ) ;
#8849 = EDGE_CURVE ( 'NONE', #3918, #6004, #6025, .T. ) ;
#8848 = DIRECTION ( 'NONE',  ( 0.000000000000000000, 1.000000000000000000, 0.000000000000000000 ) ) ;
#8850 = VECTOR ( 'NONE', #3599, 1000.000000000000000 ) ;
#8851 = PRODUCT_DEFINITION_SHAPE ( 'NONE', 'NONE',  #5081 ) ;
#8852 = DIRECTION ( 'NONE',  ( -0.000000000000000000, -1.000000000000000000, 0.000000000000000000 ) ) ;
#8853 = CARTESIAN_POINT ( 'NONE',  ( 4.549999999999999822, 1.000000000000000000, 5.700000000000000178 ) ) ;
#8854 = DIRECTION ( 'NONE',  ( -1.000000000000000000, 0.000000000000000000, -0.000000000000000000 ) ) ;
#8855 = CARTESIAN_POINT ( 'NONE',  ( 0.000000000000000000, 0.000000000000000000, 0.000000000000000000 ) ) ;
#8856 = AXIS2_PLACEMENT_3D ( 'NONE', #3108, #1018, #8008 ) ;
#8857 = LINE ( 'NONE', #8059, #2479 ) ;
#8858 = ORIENTED_EDGE ( 'NONE', *, *, #7281, .F. ) ;
#8859 = UNCERTAINTY_MEASURE_WITH_UNIT (LENGTH_MEASURE( 1.000000000000000082E-05 ), #6096, 'distance_accuracy_value', 'NONE');
#8860 = VECTOR ( 'NONE', #1056, 1000.000000000000000 ) ;
#8861 = LINE ( 'NONE', #5503, #7168 ) ;
#8862 = VECTOR ( 'NONE', #6753, 1000.000000000000000 ) ;
#8863 = EDGE_CURVE ( 'NONE', #3880, #4700, #4641, .T. ) ;
#8864 = LINE ( 'NONE', #7661, #1153 ) ;
#8865 = EDGE_CURVE ( 'NONE', #6230, #5517, #8755, .T. ) ;
#8866 = EDGE_CURVE ( 'NONE', #5189, #1462, #7376, .T. ) ;
#8867 = CARTESIAN_POINT ( 'NONE',  ( -0.7500000000000002220, 0.000000000000000000, 5.700000000000000178 ) ) ;
#8868 = EDGE_CURVE ( 'NONE', #4048, #1460, #243, .T. ) ;
#8869 = CARTESIAN_POINT ( 'NONE',  ( 7.500000000000000000, 1.000000000000000000, 0.000000000000000000 ) ) ;
#8870 = ORIENTED_EDGE ( 'NONE', *, *, #8095, .T. ) ;
#8871 = CARTESIAN_POINT ( 'NONE',  ( 0.000000000000000000, 1.000000000000000000, 5.699999999999999289 ) ) ;
#8872 = VERTEX_POINT ( 'NONE', #3256 ) ;
#8873 = EDGE_CURVE ( 'NONE', #1893, #4778, #4550, .T. ) ;
#8874 = MANIFOLD_SOLID_BREP ( 'Pin 3', #6773 ) ;
#8875 = VERTEX_POINT ( 'NONE', #5304 ) ;
#8876 = CARTESIAN_POINT ( 'NONE',  ( 3.049999999999999822, 1.000000000000000000, 7.500000000000000000 ) ) ;
#8877 = ADVANCED_FACE ( 'NONE', ( #8800 ), #5205, .F. ) ;
#8878 = LINE ( 'NONE', #3277, #1445 ) ;
#8879 = DIRECTION ( 'NONE',  ( 0.000000000000000000, 0.000000000000000000, -1.000000000000000000 ) ) ;
#8880 = PLANE ( 'NONE',  #6648 ) ;
#8881 = FACE_OUTER_BOUND ( 'NONE', #1301, .T. ) ;
#8882 = EDGE_CURVE ( 'NONE', #514, #1936, #2454, .T. ) ;
#8883 = VECTOR ( 'NONE', #8922, 1000.000000000000000 ) ;
#8884 = ORIENTED_EDGE ( 'NONE', *, *, #8063, .T. ) ;
#8885 = DIRECTION ( 'NONE',  ( -1.204669080539449837E-16, 0.000000000000000000, 1.000000000000000000 ) ) ;
#8886 = LINE ( 'NONE', #8930, #1136 ) ;
#8887 = VERTEX_POINT ( 'NONE', #8109 ) ;
#8888 = ORIENTED_EDGE ( 'NONE', *, *, #6437, .F. ) ;
#8889 = PLANE ( 'NONE',  #5269 ) ;
#8890 = DIRECTION ( 'NONE',  ( 0.000000000000000000, 1.000000000000000000, 0.000000000000000000 ) ) ;
#8891 = FACE_OUTER_BOUND ( 'NONE', #791, .T. ) ;
#8892 = CARTESIAN_POINT ( 'NONE',  ( -7.500000000000001776, 0.000000000000000000, 0.000000000000000000 ) ) ;
#8893 = ORIENTED_EDGE ( 'NONE', *, *, #1352, .F. ) ;
#8894 = CARTESIAN_POINT ( 'NONE',  ( -5.700000000000000178, 0.000000000000000000, 1.149999999999998579 ) ) ;
#8895 =( NAMED_UNIT ( * ) PLANE_ANGLE_UNIT ( ) SI_UNIT ( $, .RADIAN. ) );
#8896 = APPLICATION_PROTOCOL_DEFINITION ( 'draft international standard', 'automotive_design', 1998, #5468 ) ;
#8897 = ORIENTED_EDGE ( 'NONE', *, *, #1493, .T. ) ;
#8898 = ORIENTED_EDGE ( 'NONE', *, *, #5946, .F. ) ;
#8899 = FACE_OUTER_BOUND ( 'NONE', #6356, .T. ) ;
#8900 = FACE_OUTER_BOUND ( 'NONE', #3741, .T. ) ;
#8901 = VECTOR ( 'NONE', #6263, 1000.000000000000000 ) ;
#8902 = DIRECTION ( 'NONE',  ( 0.000000000000000000, -0.000000000000000000, -1.000000000000000000 ) ) ;
#8903 = DIRECTION ( 'NONE',  ( -1.000000000000000000, 0.000000000000000000, -0.000000000000000000 ) ) ;
#8904 = DIRECTION ( 'NONE',  ( -1.000000000000000000, 0.000000000000000000, 0.000000000000000000 ) ) ;
#8905 = MANIFOLD_SOLID_BREP ( 'Pin 9', #8083 ) ;
#8906 = AXIS2_PLACEMENT_3D ( 'NONE', #5223, #5414, #3972 ) ;
#8907 = DIRECTION ( 'NONE',  ( 0.000000000000000000, -0.000000000000000000, 1.000000000000000000 ) ) ;
#8908 = ORIENTED_EDGE ( 'NONE', *, *, #1275, .T. ) ;
#8909 = AXIS2_PLACEMENT_3D ( 'NONE', #4372, #1758, #4545 ) ;
#8910 = LINE ( 'NONE', #7527, #3541 ) ;
#8911 = VECTOR ( 'NONE', #2582, 1000.000000000000000 ) ;
#8912 = FACE_OUTER_BOUND ( 'NONE', #6141, .T. ) ;
#8913 = DIRECTION ( 'NONE',  ( 0.000000000000000000, 1.000000000000000000, 0.000000000000000000 ) ) ;
#8914 = DIRECTION ( 'NONE',  ( -0.000000000000000000, -1.000000000000000000, -0.000000000000000000 ) ) ;
#8915 =( NAMED_UNIT ( * ) SI_UNIT ( $, .STERADIAN. ) SOLID_ANGLE_UNIT ( ) );
#8916 = ORIENTED_EDGE ( 'NONE', *, *, #7593, .T. ) ;
#8917 = DIRECTION ( 'NONE',  ( -0.000000000000000000, -1.000000000000000000, -0.000000000000000000 ) ) ;
#8918 = EDGE_LOOP ( 'NONE', ( #5433, #746, #4167, #267 ) ) ;
#8919 = ORIENTED_EDGE ( 'NONE', *, *, #5196, .F. ) ;
#8920 = FACE_OUTER_BOUND ( 'NONE', #261, .T. ) ;
#8921 = FACE_BOUND ( 'NONE', #7068, .T. ) ;
#8922 = DIRECTION ( 'NONE',  ( 0.000000000000000000, -0.000000000000000000, 1.000000000000000000 ) ) ;
#8923 = EDGE_CURVE ( 'NONE', #3925, #8781, #2511, .T. ) ;
#8924 = EDGE_CURVE ( 'NONE', #5531, #3849, #4697, .T. ) ;
#8925 = PRODUCT_DEFINITION_FORMATION_WITH_SPECIFIED_SOURCE ( 'ANY', '', #1216, .NOT_KNOWN. ) ;
#8926 = LINE ( 'NONE', #1133, #8995 ) ;
#8927 = VERTEX_POINT ( 'NONE', #1943 ) ;
#8928 = CARTESIAN_POINT ( 'NONE',  ( 5.700000000000000178, 0.000000000000000000, 0.7500000000000006661 ) ) ;
#8929 = CARTESIAN_POINT ( 'NONE',  ( 2.650000000000001243, 1.000000000000000000, -5.700000000000000178 ) ) ;
#8930 = CARTESIAN_POINT ( 'NONE',  ( -7.499999999999998224, 0.000000000000000000, -3.050000000000002487 ) ) ;
#8931 = VERTEX_POINT ( 'NONE', #5538 ) ;
#8932 = ORIENTED_EDGE ( 'NONE', *, *, #4744, .T. ) ;
#8933 = DIRECTION ( 'NONE',  ( 0.000000000000000000, 0.000000000000000000, -1.000000000000000000 ) ) ;
#8934 = CARTESIAN_POINT ( 'NONE',  ( 7.292893218813452982, 1.899999999999999911, 6.757359312880713453 ) ) ;
#8935 = PLANE ( 'NONE',  #6643 ) ;
#8936 = MANIFOLD_SOLID_BREP ( 'Pin 15', #5878 ) ;
#8937 = UNCERTAINTY_MEASURE_WITH_UNIT (LENGTH_MEASURE( 1.000000000000000082E-05 ), #8607, 'distance_accuracy_value', 'NONE');
#8938 = PRODUCT_DEFINITION_CONTEXT ( 'detailed design', #876, 'design' ) ;
#8939 = ORIENTED_EDGE ( 'NONE', *, *, #5330, .F. ) ;
#8940 = APPLICATION_CONTEXT ( 'automotive_design' ) ;
#8941 = LINE ( 'NONE', #1063, #4253 ) ;
#8942 = CARTESIAN_POINT ( 'NONE',  ( -4.549999999999999822, 1.000000000000000000, 5.699999999999999289 ) ) ;
#8943 = SHAPE_REPRESENTATION ( 'SAM-M8Q-0-10_7', ( #2096 ), #2850 ) ;
#8944 = ORIENTED_EDGE ( 'NONE', *, *, #2585, .F. ) ;
#8945 = ORIENTED_EDGE ( 'NONE', *, *, #7850, .T. ) ;
#8946 = FACE_OUTER_BOUND ( 'NONE', #5232, .T. ) ;
#8947 = COLOUR_RGB ( '',0.9960784313725490335, 0.8705882352941176627, 0.7607843137254901578 ) ;
#8948 = VECTOR ( 'NONE', #5010, 1000.000000000000000 ) ;
#8949 = DIRECTION ( 'NONE',  ( -0.000000000000000000, -1.000000000000000000, 0.000000000000000000 ) ) ;
#8950 = ORIENTED_EDGE ( 'NONE', *, *, #9066, .F. ) ;
#8951 = DIRECTION ( 'NONE',  ( -0.000000000000000000, 0.000000000000000000, -1.000000000000000000 ) ) ;
#8952 = CARTESIAN_POINT ( 'NONE',  ( -6.000000000000000000, 34.81320343559642794, 7.500000000000000000 ) ) ;
#8953 = LINE ( 'NONE', #8208, #6886 ) ;
#8954 = DIRECTION ( 'NONE',  ( 0.000000000000000000, 0.000000000000000000, 1.000000000000000000 ) ) ;
#8955 = MANIFOLD_SOLID_BREP ( 'Pin 20', #4117 ) ;
#8956 = PLANE ( 'NONE',  #7208 ) ;
#8957 = VERTEX_POINT ( 'NONE', #7516 ) ;
#8958 = AXIS2_PLACEMENT_3D ( 'NONE', #7979, #1634, #934 ) ;
#8959 = ADVANCED_FACE ( 'NONE', ( #3444 ), #9082, .T. ) ;
#8960 = DIRECTION ( 'NONE',  ( 0.000000000000000000, -0.000000000000000000, 1.000000000000000000 ) ) ;
#8961 = LINE ( 'NONE', #2613, #7239 ) ;
#8962 = LINE ( 'NONE', #8344, #1119 ) ;
#8963 = DIRECTION ( 'NONE',  ( -0.000000000000000000, 0.000000000000000000, -1.000000000000000000 ) ) ;
#8964 = VERTEX_POINT ( 'NONE', #2740 ) ;
#8965 = EDGE_CURVE ( 'NONE', #3859, #4272, #3348, .T. ) ;
#8966 = CARTESIAN_POINT ( 'NONE',  ( 0.000000000000000000, 1.000000000000000000, 2.650000000000000799 ) ) ;
#8967 = ORIENTED_EDGE ( 'NONE', *, *, #6136, .F. ) ;
#8968 = ORIENTED_EDGE ( 'NONE', *, *, #4563, .F. ) ;
#8969 = LINE ( 'NONE', #485, #5064 ) ;
#8970 = CARTESIAN_POINT ( 'NONE',  ( -6.000000000000000888, 2.399999999999999467, 6.999999999999998224 ) ) ;
#8971 = CARTESIAN_POINT ( 'NONE',  ( -6.500000000000000000, 6.799999999999997158, -6.999999999999999112 ) ) ;
#8972 = DIRECTION ( 'NONE',  ( 1.204669080539449837E-16, 0.000000000000000000, -1.000000000000000000 ) ) ;
#8973 = ORIENTED_EDGE ( 'NONE', *, *, #328, .F. ) ;
#8974 = CARTESIAN_POINT ( 'NONE',  ( -4.549999999999999822, 1.000000000000000000, 7.499999999999999112 ) ) ;
#8975 = DIRECTION ( 'NONE',  ( -0.000000000000000000, -1.000000000000000000, 0.000000000000000000 ) ) ;
#8976 = EDGE_LOOP ( 'NONE', ( #3122, #7313, #4505, #1927 ) ) ;
#8977 = EDGE_CURVE ( 'NONE', #3719, #138, #517, .T. ) ;
#8978 = ORIENTED_EDGE ( 'NONE', *, *, #8651, .F. ) ;
#8979 = CARTESIAN_POINT ( 'NONE',  ( -1.149999999999999245, 1.000000000000000000, -5.700000000000000178 ) ) ;
#8980 = ADVANCED_FACE ( 'NONE', ( #1351 ), #647, .F. ) ;
#8981 = CARTESIAN_POINT ( 'NONE',  ( 3.100000000000000977, 1.000000000000000000, 1.899999999999999689 ) ) ;
#8982 = CARTESIAN_POINT ( 'NONE',  ( 1.150000000000000355, 0.000000000000000000, -5.700000000000000178 ) ) ;
#8983 = PLANE ( 'NONE',  #1495 ) ;
#8984 = ORIENTED_EDGE ( 'NONE', *, *, #4744, .F. ) ;
#8985 = CARTESIAN_POINT ( 'NONE',  ( 0.000000000000000000, 1.899999999999999911, -7.299999999999999822 ) ) ;
#8986 = EDGE_CURVE ( 'NONE', #5002, #7678, #2560, .T. ) ;
#8987 = DIRECTION ( 'NONE',  ( 0.000000000000000000, -1.000000000000000000, -0.000000000000000000 ) ) ;
#8988 = ORIENTED_EDGE ( 'NONE', *, *, #2959, .T. ) ;
#8989 = VECTOR ( 'NONE', #3853, 1000.000000000000000 ) ;
#8990 = VECTOR ( 'NONE', #259, 1000.000000000000000 ) ;
#8991 = EDGE_LOOP ( 'NONE', ( #8459, #5200, #810, #5528 ) ) ;
#8992 = EDGE_CURVE ( 'NONE', #8779, #7587, #4749, .T. ) ;
#8993 = CARTESIAN_POINT ( 'NONE',  ( 1.149999999999999911, 1.000000000000000000, 5.700000000000000178 ) ) ;
#8994 = ADVANCED_FACE ( 'NONE', ( #7784 ), #6408, .F. ) ;
#8995 = VECTOR ( 'NONE', #9101, 1000.000000000000000 ) ;
#8996 = CARTESIAN_POINT ( 'NONE',  ( 7.750000000000001776, 1.899999999999999911, 7.750000000000000000 ) ) ;
#8997 = VECTOR ( 'NONE', #6007, 1000.000000000000000 ) ;
#8998 = ORIENTED_EDGE ( 'NONE', *, *, #2397, .T. ) ;
#8999 = FACE_OUTER_BOUND ( 'NONE', #5753, .T. ) ;
#9000 = CARTESIAN_POINT ( 'NONE',  ( -4.549999999999999822, 1.000000000000000000, 0.000000000000000000 ) ) ;
#9001 = FACE_OUTER_BOUND ( 'NONE', #1605, .T. ) ;
#9002 = DIRECTION ( 'NONE',  ( 0.000000000000000000, 0.000000000000000000, 1.000000000000000000 ) ) ;
#9003 = ORIENTED_EDGE ( 'NONE', *, *, #4805, .T. ) ;
#9004 = PRESENTATION_LAYER_ASSIGNMENT (  '', '', ( #5893 ) ) ;
#9005 = DIRECTION ( 'NONE',  ( -0.000000000000000000, 1.000000000000000000, 0.000000000000000000 ) ) ;
#9006 = DIRECTION ( 'NONE',  ( 0.000000000000000000, 1.000000000000000000, 0.000000000000000000 ) ) ;
#9007 = CARTESIAN_POINT ( 'NONE',  ( -6.000000000000000000, 2.399999999999999467, -7.500000000000000000 ) ) ;
#9008 = CARTESIAN_POINT ( 'NONE',  ( -0.7499999999999993339, 1.000000000000000000, -7.500000000000000000 ) ) ;
#9009 = EDGE_CURVE ( 'NONE', #3301, #27, #136, .T. ) ;
#9010 = ORIENTED_EDGE ( 'NONE', *, *, #6387, .T. ) ;
#9011 = DIRECTION ( 'NONE',  ( -1.000000000000000000, -0.000000000000000000, -0.000000000000000000 ) ) ;
#9012 = VECTOR ( 'NONE', #306, 1000.000000000000000 ) ;
#9013 = ORIENTED_EDGE ( 'NONE', *, *, #2794, .F. ) ;
#9014 = VECTOR ( 'NONE', #4748, 1000.000000000000000 ) ;
#9015 = VERTEX_POINT ( 'NONE', #7135 ) ;
#9016 = LINE ( 'NONE', #5717, #2232 ) ;
#9017 = DIRECTION ( 'NONE',  ( 0.000000000000000000, -0.000000000000000000, 1.000000000000000000 ) ) ;
#9018 = VECTOR ( 'NONE', #3416, 1000.000000000000000 ) ;
#9019 = CARTESIAN_POINT ( 'NONE',  ( -4.500000000000000888, 0.000000000000000000, -4.500000000000001776 ) ) ;
#9020 = LINE ( 'NONE', #2676, #4580 ) ;
#9021 =( NAMED_UNIT ( * ) SI_UNIT ( $, .STERADIAN. ) SOLID_ANGLE_UNIT ( ) );
#9022 = ORIENTED_EDGE ( 'NONE', *, *, #4773, .T. ) ;
#9023 = DIRECTION ( 'NONE',  ( -1.000000000000000000, -0.000000000000000000, 0.000000000000000000 ) ) ;
#9024 = ORIENTED_EDGE ( 'NONE', *, *, #7084, .T. ) ;
#9025 = ORIENTED_EDGE ( 'NONE', *, *, #8695, .T. ) ;
#9026 = CARTESIAN_POINT ( 'NONE',  ( -5.700000000000001066, 0.000000000000000000, 0.000000000000000000 ) ) ;
#9027 = DIRECTION ( 'NONE',  ( -1.000000000000000000, -0.000000000000000000, -0.000000000000000000 ) ) ;
#9028 = DIRECTION ( 'NONE',  ( -1.000000000000000000, 0.000000000000000000, -2.409338161078899674E-16 ) ) ;
#9029 = VECTOR ( 'NONE', #8281, 1000.000000000000000 ) ;
#9030 = FILL_AREA_STYLE ('',( #4088 ) ) ;
#9031 = ORIENTED_EDGE ( 'NONE', *, *, #2959, .F. ) ;
#9032 = DIRECTION ( 'NONE',  ( 0.000000000000000000, -0.000000000000000000, -1.000000000000000000 ) ) ;
#9033 = ORIENTED_EDGE ( 'NONE', *, *, #7744, .F. ) ;
#9034 = ORIENTED_EDGE ( 'NONE', *, *, #4855, .T. ) ;
#9035 = FACE_BOUND ( 'NONE', #2791, .T. ) ;
#9036 = EDGE_CURVE ( 'NONE', #8173, #8495, #2965, .T. ) ;
#9037 = EDGE_CURVE ( 'NONE', #1724, #3880, #7094, .T. ) ;
#9038 = CARTESIAN_POINT ( 'NONE',  ( 0.7500000000000002220, 0.000000000000000000, 5.700000000000000178 ) ) ;
#9039 = ORIENTED_EDGE ( 'NONE', *, *, #2586, .F. ) ;
#9040 = ADVANCED_FACE ( 'NONE', ( #7043 ), #5710, .F. ) ;
#9041 = CARTESIAN_POINT ( 'NONE',  ( 7.750000000000001776, 1.899999999999999911, 7.750000000000000000 ) ) ;
#9042 =( LENGTH_UNIT ( ) NAMED_UNIT ( * ) SI_UNIT ( .MILLI., .METRE. ) );
#9043 = SURFACE_STYLE_FILL_AREA ( #6275 ) ;
#9044 = DIRECTION ( 'NONE',  ( 0.000000000000000000, 0.000000000000000000, 1.000000000000000000 ) ) ;
#9045 = ORIENTED_EDGE ( 'NONE', *, *, #6660, .T. ) ;
#9046 = AXIS2_PLACEMENT_3D ( 'NONE', #88, #1518, #2912 ) ;
#9047 = DIRECTION ( 'NONE',  ( -0.000000000000000000, 0.000000000000000000, -1.000000000000000000 ) ) ;
#9048 = ADVANCED_FACE ( 'NONE', ( #783 ), #2172, .F. ) ;
#9049 = DIRECTION ( 'NONE',  ( 0.000000000000000000, 0.000000000000000000, 1.000000000000000000 ) ) ;
#9050 = AXIS2_PLACEMENT_3D ( 'NONE', #6454, #5020, #96 ) ;
#9051 = CARTESIAN_POINT ( 'NONE',  ( 6.999999999999999112, 6.800000000000000711, 0.000000000000000000 ) ) ;
#9052 = CARTESIAN_POINT ( 'NONE',  ( 4.500000000000000000, 1.000000000000000000, -5.500000000000000000 ) ) ;
#9053 = ORIENTED_EDGE ( 'NONE', *, *, #4430, .T. ) ;
#9054 = CARTESIAN_POINT ( 'NONE',  ( -5.700000000000000178, 1.000000000000000000, -2.650000000000001243 ) ) ;
#9055 = AXIS2_PLACEMENT_3D ( 'NONE', #5813, #3854, #3949 ) ;
#9056 = VERTEX_POINT ( 'NONE', #8567 ) ;
#9057 = VERTEX_POINT ( 'NONE', #6495 ) ;
#9058 = CARTESIAN_POINT ( 'NONE',  ( -5.700000000000001066, 3.343074902771997259, 0.000000000000000000 ) ) ;
#9059 = CARTESIAN_POINT ( 'NONE',  ( -0.7500000000000002220, 1.000000000000000000, 0.000000000000000000 ) ) ;
#9060 = LINE ( 'NONE', #5642, #1604 ) ;
#9061 = DIRECTION ( 'NONE',  ( -0.000000000000000000, 0.000000000000000000, -1.000000000000000000 ) ) ;
#9062 = PLANE ( 'NONE',  #1321 ) ;
#9063 = VERTEX_POINT ( 'NONE', #2085 ) ;
#9064 = LINE ( 'NONE', #3422, #6051 ) ;
#9065 = ORIENTED_EDGE ( 'NONE', *, *, #5873, .T. ) ;
#9066 = EDGE_CURVE ( 'NONE', #4060, #578, #1479, .T. ) ;
#9067 = EDGE_LOOP ( 'NONE', ( #8029, #6990, #5412, #1603 ) ) ;
#9068 = DIRECTION ( 'NONE',  ( 0.000000000000000000, 0.000000000000000000, 1.000000000000000000 ) ) ;
#9069 = PRODUCT_DEFINITION_FORMATION_WITH_SPECIFIED_SOURCE ( 'ANY', '', #3800, .NOT_KNOWN. ) ;
#9070 = PLANE ( 'NONE',  #4509 ) ;
#9071 = FACE_OUTER_BOUND ( 'NONE', #4896, .T. ) ;
#9072 = CARTESIAN_POINT ( 'NONE',  ( 7.500000000000000000, 0.000000000000000000, -1.149999999999999467 ) ) ;
#9073 = ORIENTED_EDGE ( 'NONE', *, *, #4992, .F. ) ;
#9074 = FACE_OUTER_BOUND ( 'NONE', #1033, .T. ) ;
#9075 = ITEM_DEFINED_TRANSFORMATION ( 'NONE', 'NONE', #1958,  #2096 ) ;
#9076 = EDGE_CURVE ( 'NONE', #4256, #4124, #6448, .T. ) ;
#9077 = VERTEX_POINT ( 'NONE', #91 ) ;
#9078 = VERTEX_POINT ( 'NONE', #5628 ) ;
#9079 = DIRECTION ( 'NONE',  ( 0.000000000000000000, 1.000000000000000000, 0.000000000000000000 ) ) ;
#9080 = LINE ( 'NONE', #5664, #8164 ) ;
#9081 = ORIENTED_EDGE ( 'NONE', *, *, #7949, .F. ) ;
#9082 = PLANE ( 'NONE',  #3058 ) ;
#9083 = DIRECTION ( 'NONE',  ( -1.000000000000000000, -0.000000000000000000, -0.000000000000000000 ) ) ;
#9084 = DIRECTION ( 'NONE',  ( 1.000000000000000000, 0.000000000000000000, 0.000000000000000000 ) ) ;
#9085 = MANIFOLD_SOLID_BREP ( 'Pin 17', #687 ) ;
#9086 = ORIENTED_EDGE ( 'NONE', *, *, #8151, .F. ) ;
#9087 = EDGE_CURVE ( 'NONE', #715, #1082, #8474, .T. ) ;
#9088 = PRODUCT_DEFINITION_CONTEXT ( 'detailed design', #3385, 'design' ) ;
#9089 = CARTESIAN_POINT ( 'NONE',  ( -1.149999999999999023, 0.000000000000000000, -5.700000000000000178 ) ) ;
#9090 = DIRECTION ( 'NONE',  ( -0.000000000000000000, 0.000000000000000000, -1.000000000000000000 ) ) ;
#9091 = DIRECTION ( 'NONE',  ( -0.000000000000000000, -1.000000000000000000, -0.000000000000000000 ) ) ;
#9092 = VECTOR ( 'NONE', #1905, 1000.000000000000000 ) ;
#9093 = ORIENTED_EDGE ( 'NONE', *, *, #7240, .F. ) ;
#9094 = CARTESIAN_POINT ( 'NONE',  ( -2.650000000000000355, 3.343074902771997259, 0.000000000000000000 ) ) ;
#9095 = VERTEX_POINT ( 'NONE', #4970 ) ;
#9096 = MANIFOLD_SOLID_BREP ( 'Pin 1', #2624 ) ;
#9097 = EDGE_LOOP ( 'NONE', ( #3993, #82, #5900, #3481 ) ) ;
#9098 = CARTESIAN_POINT ( 'NONE',  ( 4.336808689942023258E-15, 1.000000000000000000, -7.500000000000001776 ) ) ;
#9099 = CARTESIAN_POINT ( 'NONE',  ( 4.550000000000000711, 1.000000000000000000, -5.699999999999998401 ) ) ;
#9100 = EDGE_CURVE ( 'NONE', #7951, #4261, #3882, .T. ) ;
#9101 = DIRECTION ( 'NONE',  ( 5.782411586589354681E-16, 0.000000000000000000, -1.000000000000000000 ) ) ;
#9102 = LINE ( 'NONE', #7629, #865 ) ;
#9103 = VERTEX_POINT ( 'NONE', #3487 ) ;
#9104 = LINE ( 'NONE', #8494, #5754 ) ;
#9105 = VERTEX_POINT ( 'NONE', #4030 ) ;
#9106 =( REPRESENTATION_RELATIONSHIP ('NONE','NONE', #464, #8149 ) REPRESENTATION_RELATIONSHIP_WITH_TRANSFORMATION ( #1892 )SHAPE_REPRESENTATION_RELATIONSHIP( ) );
#9107 = ORIENTED_EDGE ( 'NONE', *, *, #1160, .T. ) ;
#9108 = PLANE ( 'NONE',  #736 ) ;
#9109 = CARTESIAN_POINT ( 'NONE',  ( 4.749999999999999112, 6.800000000000002487, -3.750000000000000000 ) ) ;
#9110 = DIRECTION ( 'NONE',  ( -0.000000000000000000, 0.000000000000000000, -1.000000000000000000 ) ) ;
#9111 = EDGE_CURVE ( 'NONE', #9095, #3310, #3981, .T. ) ;
#9112 = DIRECTION ( 'NONE',  ( 5.782411586589355667E-16, 0.000000000000000000, -1.000000000000000000 ) ) ;
#9113 = ORIENTED_EDGE ( 'NONE', *, *, #8197, .T. ) ;
#9114 = EDGE_CURVE ( 'NONE', #3719, #5425, #5336, .T. ) ;
#9115 = AXIS2_PLACEMENT_3D ( 'NONE', #2841, #5673, #2135 ) ;
#9116 = CARTESIAN_POINT ( 'NONE',  ( 1.149999999999999911, 0.000000000000000000, 7.500000000000000000 ) ) ;
#9117 = VERTEX_POINT ( 'NONE', #8929 ) ;
#9118 = ORIENTED_EDGE ( 'NONE', *, *, #8712, .T. ) ;
#9119 = FACE_BOUND ( 'NONE', #993, .T. ) ;
#9120 = DIRECTION ( 'NONE',  ( 1.000000000000000000, 0.000000000000000000, 0.000000000000000000 ) ) ;
#9121 = EDGE_CURVE ( 'NONE', #1845, #2485, #3428, .T. ) ;
#9122 = ORIENTED_EDGE ( 'NONE', *, *, #2271, .F. ) ;
#9123 =( NAMED_UNIT ( * ) SI_UNIT ( $, .STERADIAN. ) SOLID_ANGLE_UNIT ( ) );
#9124 = SURFACE_STYLE_USAGE ( .BOTH. , #738 ) ;
#9125 = VECTOR ( 'NONE', #7890, 1000.000000000000000 ) ;
#9126 = DIRECTION ( 'NONE',  ( 1.000000000000000000, 0.000000000000000000, 0.000000000000000000 ) ) ;
#9127 = AXIS2_PLACEMENT_3D ( 'NONE', #8952, #6187, #8903 ) ;
#9128 = EDGE_CURVE ( 'NONE', #2739, #1433, #6855, .T. ) ;
#9129 = ORIENTED_EDGE ( 'NONE', *, *, #5598, .T. ) ;
#9130 = VECTOR ( 'NONE', #1684, 1000.000000000000000 ) ;
#9131 = AXIS2_PLACEMENT_3D ( 'NONE', #6892, #6205, #3414 ) ;
#9132 = AXIS2_PLACEMENT_3D ( 'NONE', #2219, #7830, #689 ) ;
#9133 = CARTESIAN_POINT ( 'NONE',  ( -6.500000000000000000, 6.799999999999997158, -6.999999999999999112 ) ) ;
#9134 = FACE_OUTER_BOUND ( 'NONE', #5161, .T. ) ;
#9135 = CARTESIAN_POINT ( 'NONE',  ( 5.700000000000000178, 0.000000000000000000, 2.650000000000000799 ) ) ;
#9136 = SHAPE_REPRESENTATION_RELATIONSHIP ( 'NONE' , 'NONE' ,  #6018, #4922 ) ;
#9137 = VECTOR ( 'NONE', #7716, 1000.000000000000000 ) ;
#9138 = EDGE_LOOP ( 'NONE', ( #241, #7990, #208, #6343 ) ) ;
#9139 = VECTOR ( 'NONE', #387, 1000.000000000000000 ) ;
#9140 = DIRECTION ( 'NONE',  ( 0.000000000000000000, 0.000000000000000000, 1.000000000000000000 ) ) ;
#9141 = ORIENTED_EDGE ( 'NONE', *, *, #6784, .T. ) ;
#9142 = MANIFOLD_SOLID_BREP ( 'Pin 13', #1574 ) ;
#9143 = EDGE_CURVE ( 'NONE', #2188, #4060, #6161, .T. ) ;
#9144 = SURFACE_STYLE_FILL_AREA ( #7752 ) ;
#9145 = LINE ( 'NONE', #8396, #3071 ) ;
#9146 = CARTESIAN_POINT ( 'NONE',  ( 0.7500000000000002220, 3.343074902771997259, 5.700000000000000178 ) ) ;
#9147 = EDGE_CURVE ( 'NONE', #6672, #3646, #5474, .T. ) ;
#9148 = PLANE ( 'NONE',  #4402 ) ;
#9149 = NEXT_ASSEMBLY_USAGE_OCCURRENCE ( 'NAUO1', ' ', ' ', #698, #437, $ ) ;
#9150 = NEXT_ASSEMBLY_USAGE_OCCURRENCE ( 'NAUO2', ' ', ' ', #698, #4023, $ ) ;
#9151 = NEXT_ASSEMBLY_USAGE_OCCURRENCE ( 'NAUO3', ' ', ' ', #698, #153, $ ) ;
#9152 = NEXT_ASSEMBLY_USAGE_OCCURRENCE ( 'NAUO4', ' ', ' ', #698, #3733, $ ) ;
#9153 = NEXT_ASSEMBLY_USAGE_OCCURRENCE ( 'NAUO5', ' ', ' ', #698, #5772, $ ) ;
#9154 = NEXT_ASSEMBLY_USAGE_OCCURRENCE ( 'NAUO6', ' ', ' ', #698, #8258, $ ) ;
#9155 = NEXT_ASSEMBLY_USAGE_OCCURRENCE ( 'NAUO7', ' ', ' ', #698, #1117, $ ) ;
#9156 = NEXT_ASSEMBLY_USAGE_OCCURRENCE ( 'NAUO8', ' ', ' ', #698, #6732, $ ) ;
#9157 = NEXT_ASSEMBLY_USAGE_OCCURRENCE ( 'NAUO9', ' ', ' ', #698, #2360, $ ) ;
#9158 = NEXT_ASSEMBLY_USAGE_OCCURRENCE ( 'NAUO10', ' ', ' ', #698, #3043, $ ) ;
#9159 = NEXT_ASSEMBLY_USAGE_OCCURRENCE ( 'NAUO11', ' ', ' ', #698, #6183, $ ) ;
#9160 = NEXT_ASSEMBLY_USAGE_OCCURRENCE ( 'NAUO12', ' ', ' ', #698, #7689, $ ) ;
#9161 = NEXT_ASSEMBLY_USAGE_OCCURRENCE ( 'NAUO13', ' ', ' ', #698, #5081, $ ) ;
#9162 = NEXT_ASSEMBLY_USAGE_OCCURRENCE ( 'NAUO14', ' ', ' ', #698, #5388, $ ) ;
#9163 = NEXT_ASSEMBLY_USAGE_OCCURRENCE ( 'NAUO15', ' ', ' ', #698, #2766, $ ) ;
#9164 = NEXT_ASSEMBLY_USAGE_OCCURRENCE ( 'NAUO16', ' ', ' ', #698, #3160, $ ) ;
#9165 = NEXT_ASSEMBLY_USAGE_OCCURRENCE ( 'NAUO17', ' ', ' ', #698, #7126, $ ) ;
#9166 = NEXT_ASSEMBLY_USAGE_OCCURRENCE ( 'NAUO18', ' ', ' ', #698, #3448, $ ) ;
#9167 = NEXT_ASSEMBLY_USAGE_OCCURRENCE ( 'NAUO19', ' ', ' ', #698, #6346, $ ) ;
#9168 = NEXT_ASSEMBLY_USAGE_OCCURRENCE ( 'NAUO20', ' ', ' ', #698, #6615, $ ) ;
#9169 = NEXT_ASSEMBLY_USAGE_OCCURRENCE ( 'NAUO21', ' ', ' ', #698, #2746, $ ) ;
#9170 = NEXT_ASSEMBLY_USAGE_OCCURRENCE ( 'NAUO22', ' ', ' ', #698, #7679, $ ) ;
#9171 = NEXT_ASSEMBLY_USAGE_OCCURRENCE ( 'NAUO23', ' ', ' ', #698, #1772, $ ) ;
#9172 = NEXT_ASSEMBLY_USAGE_OCCURRENCE ( 'NAUO24', ' ', ' ', #698, #3438, $ ) ;
#9173 = NEXT_ASSEMBLY_USAGE_OCCURRENCE ( 'NAUO25', ' ', ' ', #698, #8236, $ ) ;
#9174 = NEXT_ASSEMBLY_USAGE_OCCURRENCE ( 'NAUO26', ' ', ' ', #698, #7000, $ ) ;
ENDSEC;
END-ISO-10303-21;
